{
    "bgnn-agnn": {
        "mean": {
            "val": {
                "accuracy": 0.965014498233795,
                "precision": 0.8159993481636046,
                "recall": 0.8327935934066772,
                "f1": 0.8195442080497741
            },
            "test": {
                "accuracy": 0.9632333493232726,
                "precision": 0.8052778077125549,
                "recall": 0.8298835444450378,
                "f1": 0.8136117100715637
            },
            "time": 974.7081010341644
        },
        "std": {
            "val": {
                "accuracy": 0.0017067591855044301,
                "precision": 0.0057887279096905655,
                "recall": 0.012279813541604373,
                "f1": 0.007687736837752591
            },
            "test": {
                "accuracy": 0.0020097381581045044,
                "precision": 0.010403288249641221,
                "recall": 0.013669218173205102,
                "f1": 0.01118441605517037
            },
            "time": 1198.0032505383865
        }
    }
}