{
    "bgnn-agnn": {
        "mean": {
            "val": {
                "accuracy": 0.981248676776886,
                "precision": 0.9947090148925781,
                "recall": 0.8640884160995483,
                "f1": 0.8973162174224854
            },
            "test": {
                "accuracy": 0.9815272092819214,
                "precision": 1.0,
                "recall": 0.8794247508049011,
                "f1": 0.9004629850387573
            },
            "time": 69.23990297317505
        },
        "std": {
            "val": {
                "accuracy": 0.0,
                "precision": 0.0,
                "recall": 0.0,
                "f1": 0.0
            },
            "test": {
                "accuracy": 0.0,
                "precision": 0.0,
                "recall": 0.0,
                "f1": 0.0
            },
            "time": 0.0
        }
    }
}