{
  "loss": [
    [
      0.07493080943822861,
      0.312378853559494,
      0.32151466608047485
    ],
    [
      0.0046494086273014545,
      0.3833253085613251,
      0.3922736346721649
    ],
    [
      0.002668569330126047,
      0.3383532464504242,
      0.34686586260795593
    ],
    [
      0.001997525803744793,
      0.2842217683792114,
      0.2928905785083771
    ],
    [
      0.0016927373362705112,
      0.2332422137260437,
      0.24184228479862213
    ],
    [
      0.0014655421255156398,
      0.18442611396312714,
      0.19106100499629974
    ],
    [
      0.001172326854430139,
      0.1626032143831253,
      0.16652004420757294
    ],
    [
      0.0010101866209879518,
      0.1545654684305191,
      0.15567845106124878
    ],
    [
      0.0008746251696720719,
      0.1503225564956665,
      0.15160895884037018
    ],
    [
      0.0007692639483138919,
      0.14870361983776093,
      0.15086576342582703
    ],
    [
      0.0006880653672851622,
      0.1477281153202057,
      0.1514228880405426
    ],
    [
      0.0006244844407774508,
      0.14795894920825958,
      0.1529751420021057
    ],
    [
      0.0005750349373556674,
      0.14921990036964417,
      0.15541253983974457
    ],
    [
      0.000538718537427485,
      0.15148495137691498,
      0.15791887044906616
    ],
    [
      0.0005146603798493743,
      0.15408013761043549,
      0.16050146520137787
    ],
    [
      0.0004953955067321658,
      0.15567804872989655,
      0.16207700967788696
    ],
    [
      0.00047519701183773577,
      0.15691643953323364,
      0.16315285861492157
    ],
    [
      0.00045462429989129305,
      0.15630605816841125,
      0.16411353647708893
    ],
    [
      0.0004364738124422729,
      0.157028466463089,
      0.16488046944141388
    ],
    [
      0.00041837964090518653,
      0.15782366693019867,
      0.16589170694351196
    ],
    [
      0.0004037769394926727,
      0.15933023393154144,
      0.1672590672969818
    ],
    [
      0.0003874681715387851,
      0.16053754091262817,
      0.1694740504026413
    ],
    [
      0.00037626546691171825,
      0.16207802295684814,
      0.1708769053220749
    ]
  ],
  "accuracy": [
    [
      0.988856852054596,
      0.8983705043792725,
      0.897890031337738
    ],
    [
      0.9995015859603882,
      0.8974056839942932,
      0.8975620269775391
    ],
    [
      0.9996083974838257,
      0.9132718443870544,
      0.9134142398834229
    ],
    [
      0.9996439814567566,
      0.9292452931404114,
      0.9258773326873779
    ],
    [
      0.9997152090072632,
      0.9401801228523254,
      0.9365912079811096
    ],
    [
      0.9997507929801941,
      0.9537950158119202,
      0.9518967866897583
    ],
    [
      0.9997152090072632,
      0.9603344798088074,
      0.9604241847991943
    ],
    [
      0.9997152090072632,
      0.963336169719696,
      0.963047981262207
    ],
    [
      0.9997152090072632,
      0.9646226167678833,
      0.9650158286094666
    ],
    [
      0.9997152090072632,
      0.9648370742797852,
      0.9661090970039368
    ],
    [
      0.9997152090072632,
      0.9650514721870422,
      0.9657811522483826
    ],
    [
      0.9997152090072632,
      0.9652658700942993,
      0.9656717777252197
    ],
    [
      0.9997152090072632,
      0.9645154476165771,
      0.9653438329696655
    ],
    [
      0.9997152090072632,
      0.9646226167678833,
      0.9639226198196411
    ],
    [
      0.9997152090072632,
      0.963765025138855,
      0.9637039303779602
    ],
    [
      0.9997152090072632,
      0.963443398475647,
      0.9631572961807251
    ],
    [
      0.9997152090072632,
      0.9632290005683899,
      0.963047981262207
    ],
    [
      0.9997152090072632,
      0.9629073739051819,
      0.9628293514251709
    ],
    [
      0.9997152090072632,
      0.9629073739051819,
      0.962938666343689
    ],
    [
      0.9997507929801941,
      0.963443398475647,
      0.9631572961807251
    ],
    [
      0.9997507929801941,
      0.963443398475647,
      0.9634853005409241
    ],
    [
      0.9997507929801941,
      0.9632290005683899,
      0.963375985622406
    ],
    [
      0.9997507929801941,
      0.9632290005683899,
      0.9635946154594421
    ]
  ],
  "precision": [
    [
      0.9718309640884399,
      0.27950310707092285,
      0.3253012001514435
    ],
    [
      0.998206615447998,
      0.4346405267715454,
      0.4476843774318695
    ],
    [
      0.9982085227966309,
      0.5507462620735168,
      0.562686562538147
    ],
    [
      0.9982091784477234,
      0.6556671261787415,
      0.6410256624221802
    ],
    [
      0.9982104301452637,
      0.7256011366844177,
      0.7144927382469177
    ],
    [
      0.9982110857963562,
      0.8046448230743408,
      0.8079096078872681
    ],
    [
      0.9974982142448425,
      0.8305084705352783,
      0.8472973108291626
    ],
    [
      0.9974982142448425,
      0.8416347503662109,
      0.8539473414421082
    ],
    [
      0.9974982142448425,
      0.8475222587585449,
      0.8582473993301392
    ],
    [
      0.9974982142448425,
      0.8418430685997009,
      0.8555276393890381
    ],
    [
      0.9974982142448425,
      0.8355664014816284,
      0.8437118530273438
    ],
    [
      0.9974982142448425,
      0.8295590281486511,
      0.8369304537773132
    ],
    [
      0.9974982142448425,
      0.8137931227684021,
      0.8253783583641052
    ],
    [
      0.9974982142448425,
      0.8069584965705872,
      0.8088235259056091
    ],
    [
      0.9974982142448425,
      0.79911208152771,
      0.8035714030265808
    ],
    [
      0.9974982142448425,
      0.7945054769515991,
      0.7977900505065918
    ],
    [
      0.9974982142448425,
      0.7940528392791748,
      0.7949561476707458
    ],
    [
      0.9974982142448425,
      0.7920792102813721,
      0.7932166457176208
    ],
    [
      0.9974982142448425,
      0.7940199375152588,
      0.7934426069259644
    ],
    [
      0.9978548288345337,
      0.7971175312995911,
      0.7951807379722595
    ],
    [
      0.9978548288345337,
      0.7991071343421936,
      0.797802209854126
    ],
    [
      0.9978548288345337,
      0.7973273992538452,
      0.7975797653198242
    ],
    [
      0.9978548288345337,
      0.7979910969734192,
      0.8006644248962402
    ]
  ],