{
  "loss": [
    [
      0.08260085433721542,
      0.2756953537464142,
      0.2598344087600708
    ],
    [
      0.06757814437150955,
      0.27552956342697144,
      0.25269609689712524
    ],
    [
      0.06739513576030731,
      0.23564811050891876,
      0.21133144199848175
    ],
    [
      0.06729558110237122,
      0.21111585199832916,
      0.1853029429912567
    ],
    [
      0.06730484962463379,
      0.18853192031383514,
      0.16469883918762207
    ],
    [
      0.06735371053218842,
      0.176569864153862,
      0.1534503698348999
    ],
    [
      0.06737438589334488,
      0.17025673389434814,
      0.1478244662284851
    ],
    [
      0.06737885624170303,
      0.16561518609523773,
      0.14402730762958527
    ],
    [
      0.06743618845939636,
      0.1627764254808426,
      0.14187563955783844
    ],
    [
      0.06738970428705215,
      0.16001330316066742,
      0.13993044197559357
    ],
    [
      0.06745657324790955,
      0.15623308718204498,
      0.13716846704483032
    ],
    [
      0.06747908890247345,
      0.15463657677173615,
      0.13613641262054443
    ]
  ],
  "accuracy": [
    [
      0.9038324356079102,
      0.8986765146255493,
      0.9017378091812134
    ],
    [
      0.9037967324256897,
      0.8985680341720581,
      0.9019523859024048
    ],
    [
      0.9037967324256897,
      0.8985680341720581,
      0.9019523859024048
    ],
    [
      0.9037967324256897,
      0.8985680341720581,
      0.9020596146583557
    ],
    [
      0.9037967324256897,
      0.8985680341720581,
      0.9020596146583557
    ],
    [
      0.9037967324256897,
      0.8985680341720581,
      0.9020596146583557
    ],
    [
      0.9037967324256897,
      0.8985680341720581,
      0.9020596146583557
    ],
    [
      0.9037967324256897,
      0.8985680341720581,
      0.9020596146583557
    ],
    [
      0.9037967324256897,
      0.8985680341720581,
      0.9020596146583557
    ],
    [
      0.9037967324256897,
      0.8985680341720581,
      0.9020596146583557
    ],
    [
      0.9037967324256897,
      0.8985680341720581,
      0.9020596146583557
    ],
    [
      0.9037967324256897,
      0.8985680341720581,
      0.9020596146583557
    ]
  ],
  "precision": [
    [
      1.0,
      0.0,
      0.0
    ],
    [
      1.0,
      0.0,
      0.0
    ],
    [
      1.0,
      0.0,
      0.0
    ],
    [
      1.0,
      0.0,
      0.0
    ],
    [
      1.0,
      0.0,
      0.0
    ],
    [
      1.0,
      0.0,
      0.0
    ],
    [
      1.0,
      0.0,
      0.0
    ],
    [
      1.0,
      0.0,
      0.0
    ],
    [
      1.0,
      0.0,
      0.0
    ],
    [
      1.0,
      0.0,
      0.0
    ],
    [
      1.0,
      0.0,
      0.0
    ],
    [
      1.0,
      0.0,
      0.0
    ]
  ],
  "recall": [
    [
      0.0018518518190830946,
      0.0,
      0.0
    ],
    [
      0.00148148147854954,
      0.0,
      0.0
    ],
    [
      0.00148148147854954,
      0.0,
      0.0
    ],
    [
      0.00148148147854954,
      0.0,
      0.0
    ],
    [
      0.00148148147854954,
      0.0,
      0.0
    ],
    [
      0.00148148147854954,
      0.0,
      0.0
    ],
    [
      0.00148148147854954,
      0.0,
      0.0
    ],
    [
      0.00148148147854954,
      0.0,
      0.0
    ],
    [
      0.00148148147854954,
      0.0,
      0.0
    ],
    [
      0.00148148147854954,
      0.0,
      0.0
    ],
    [
      0.00148148147854954,
      0.0,
      0.0
    ],
    [
      0.00148148147854954,
      0.0,
      0.0
    ]
  ],
  "f1": [
    [
      0.0036968577187508345,
      0.0,
      0.0
    ],
    [
      0.002958579920232296,
      0.0,
      0.0
    ],
    [
      0.002958579920232296,
      0.0,
      0.0
    ],
    [
      0.002958579920232296,
      0.0,
      0.0
    ],
    [
      0.002958579920232296,
      0.0,
      0.0
    ],
    [
      0.002958579920232296,
      0.0,
      0.0
    ],
    [
      0.002958579920232296,
      0.0,
      0.0
    ],
    [
      0.002958579920232296,
      0.0,
      0.0
    ],
    [
      0.002958579920232296,
      0.0,
      0.0
    ],
    [
      0.002958579920232296,
      0.0,
      0.0
    ],
    [
      0.002958579920232296,
      0.0,
      0.0
    ],
    [
      0.002958579920232296,
      0.0,
      0.0
    ]
  ],
  "auc": [
    [
      0.5009258985519409,
      0.4999396502971649,
      0.4997621774673462
    ],
    [
      0.5007407665252686,
      0.49987930059432983,
      0.4998810887336731
    ],
    [
      0.5007407665252686,
      0.49987930059432983,
      0.4998810887336731
    ],
    [
      0.5007407665252686,
      0.49987930059432983,
      0.49994054436683655
    ],
    [
      0.5007407665252686,
      0.49987930059432983,
      0.49994054436683655
    ],
    [
      0.5007407665252686,
      0.49987930059432983,
      0.49994054436683655
    ],
    [
      0.5007407665252686,
      0.49987930059432983,
      0.49994054436683655
    ],
    [
      0.5007407665252686,
      0.49987930059432983,
      0.49994054436683655
    ],
    [
      0.5007407665252686,
      0.49987930059432983,
      0.49994054436683655
    ],
    [
      0.5007407665252686,
      0.49987930059432983,
      0.49994054436683655
    ],
    [
      0.5007407665252686,
      0.49987930059432983,
      0.49994054436683655
    ],
    [
      0.5007407665252686,
      0.49987930059432983,
      0.49994054436683655
    ]
  ]
}