{
  "loss": [
    [
      0.0765577033162117,
      0.27354392409324646,
      0.2555924355983734
    ],
    [
      0.06690271198749542,
      0.22818569839000702,
      0.20852050185203552
    ],
    [
      0.06674708425998688,
      0.19709908962249756,
      0.1757039576768875
    ],
    [
      0.06671521812677383,
      0.19817163050174713,
      0.17307105660438538
    ],
    [
      0.06668315082788467,
      0.20044474303722382,
      0.17345625162124634
    ],
    [
      0.06669969856739044,
      0.19644786417484283,
      0.16925497353076935
    ],
    [
      0.06672752648591995,
      0.18688799440860748,
      0.16107255220413208
    ],
    [
      0.06673847883939743,
      0.17878109216690063,
      0.15479011833667755
    ],
    [
      0.06680990755558014,
      0.17172014713287354,
      0.14888893067836761
    ],
    [
      0.06681548804044724,
      0.16788920760154724,
      0.14611028134822845
    ],
    [
      0.06680706143379211,
      0.1637343168258667,
      0.14262141287326813
    ],
    [
      0.06707863509654999,
      0.16144515573978424,
      0.1412375569343567
    ]
  ],
  "accuracy": [
    [
      0.9038681387901306,
      0.8987849950790405,
      0.9021669030189514
    ],
    [
      0.9039037823677063,
      0.8987849950790405,
      0.9021669030189514
    ],
    [
      0.9039037823677063,
      0.8987849950790405,
      0.9021669030189514
    ],
    [
      0.9039037823677063,
      0.8987849950790405,
      0.9020596146583557
    ],
    [
      0.9039037823677063,
      0.8987849950790405,
      0.9020596146583557
    ],
    [
      0.9039037823677063,
      0.8987849950790405,
      0.9020596146583557
    ],
    [
      0.9039037823677063,
      0.8987849950790405,
      0.9019523859024048
    ],
    [
      0.9039037823677063,
      0.8987849950790405,
      0.9019523859024048
    ],
    [
      0.9039037823677063,
      0.8987849950790405,
      0.9019523859024048
    ],
    [
      0.9039037823677063,
      0.8987849950790405,
      0.9019523859024048
    ],
    [
      0.9039037823677063,
      0.8987849950790405,
      0.9019523859024048
    ],
    [
      0.9039037823677063,
      0.8987849950790405,
      0.9020596146583557
    ]
  ],
  "precision": [
    [
      1.0,
      0.0,
      0.0
    ],
    [
      1.0,
      0.0,
      0.0
    ],
    [
      1.0,
      0.0,
      0.0
    ],
    [
      1.0,
      0.0,
      0.0
    ],
    [
      1.0,
      0.0,
      0.0
    ],
    [
      1.0,
      0.0,
      0.0
    ],
    [
      1.0,
      0.0,
      0.0
    ],
    [
      1.0,
      0.0,
      0.0
    ],
    [
      1.0,
      0.0,
      0.0
    ],
    [
      1.0,
      0.0,
      0.0
    ],
    [
      1.0,
      0.0,
      0.0
    ],
    [
      1.0,
      0.0,
      0.3333333432674408
    ]
  ],
  "recall": [
    [
      0.002222222276031971,
      0.0,
      0.0
    ],
    [
      0.0025925925001502037,
      0.0,
      0.0
    ],
    [
      0.0025925925001502037,
      0.0,
      0.0
    ],
    [
      0.0025925925001502037,
      0.0,
      0.0
    ],
    [
      0.0025925925001502037,
      0.0,
      0.0
    ],
    [
      0.0025925925001502037,
      0.0,
      0.0
    ],
    [
      0.0025925925001502037,
      0.0,
      0.0
    ],
    [
      0.0025925925001502037,
      0.0,
      0.0
    ],
    [
      0.0025925925001502037,
      0.0,
      0.0
    ],
    [
      0.0025925925001502037,
      0.0,
      0.0
    ],
    [
      0.0025925925001502037,
      0.0,
      0.0
    ],
    [
      0.0025925925001502037,
      0.0,
      0.0010964912362396717
    ]
  ],
  "f1": [
    [
      0.004434589762240648,
      0.0,
      0.0
    ],
    [
      0.005171776749193668,
      0.0,
      0.0
    ],
    [
      0.005171776749193668,
      0.0,
      0.0
    ],
    [
      0.005171776749193668,
      0.0,
      0.0
    ],
    [
      0.005171776749193668,
      0.0,
      0.0
    ],
    [
      0.005171776749193668,
      0.0,
      0.0
    ],
    [
      0.005171776749193668,
      0.0,
      0.0
    ],
    [
      0.005171776749193668,
      0.0,
      0.0
    ],
    [
      0.005171776749193668,
      0.0,
      0.0
    ],
    [
      0.005171776749193668,
      0.0,
      0.0
    ],
    [
      0.005171776749193668,
      0.0,
      0.0
    ],
    [
      0.005171776749193668,
      0.0,
      0.0021857924293726683
    ]
  ],
  "auc": [
    [
      0.5011110901832581,
      0.5,
      0.5
    ],
    [
      0.5012962818145752,
      0.5,
      0.5
    ],
    [
      0.5012962818145752,
      0.5,
      0.5
    ],
    [
      0.5012962818145752,
      0.5,
      0.49994054436683655
    ],
    [
      0.5012962818145752,
      0.5,
      0.49994054436683655
    ],
    [
      0.5012962818145752,
      0.5,
      0.49994054436683655
    ],
    [
      0.5012962818145752,
      0.5,
      0.4998810887336731
    ],
    [
      0.5012962818145752,
      0.5,
      0.4998810887336731
    ],
    [
      0.5012962818145752,
      0.5,
      0.4998810887336731
    ],
    [
      0.5012962818145752,
      0.5,
      0.4998810887336731
    ],
    [
      0.5012962818145752,
      0.5,
      0.4998810887336731
    ],
    [
      0.5012962818145752,
      0.5,
      0.5004293322563171
    ]
  ]
}