{
  "loss": [
    [
      0.0010073123266920447,
      0.18239201605319977,
      0.16592136025428772
    ],
    [
      0.00020264009071979672,
      0.1550382375717163,
      0.14341308176517487
    ],
    [
      0.0001726722257444635,
      0.1540229320526123,
      0.142935112118721
    ],
    [
      0.0001286575716221705,
      0.1572575718164444,
      0.1457974910736084
    ],
    [
      9.85508959274739e-05,
      0.15618738532066345,
      0.14195194840431213
    ],
    [
      8.580746361985803e-05,
      0.1475057303905487,
      0.13304533064365387
    ],
    [
      7.102223753463477e-05,
      0.13387715816497803,
      0.11938246339559555
    ],
    [
      6.453822425100952e-05,
      0.13482795655727386,
      0.12075604498386383
    ],
    [
      5.634171611745842e-05,
      0.14263808727264404,
      0.12794838845729828
    ],
    [
      5.369826249079779e-05,
      0.15515123307704926,
      0.1391175091266632
    ],
    [
      4.975529736839235e-05,
      0.16760358214378357,
      0.14944857358932495
    ],
    [
      4.3675499910023063e-05,
      0.18203075230121613,
      0.16149136424064636
    ],
    [
      4.797263682121411e-05,
      0.20139455795288086,
      0.1807624101638794
    ],
    [
      3.429311982472427e-05,
      0.2851945161819458,
      0.2656637132167816
    ],
    [
      3.517798540997319e-05,
      0.2211378961801529,
      0.20348279178142548
    ],
    [
      4.628791066352278e-05,
      0.4237642288208008,
      0.3890717625617981
    ],
    [
      4.888521652901545e-05,
      0.39356696605682373,
      0.3396259844303131
    ],
    [
      5.8207177062286064e-05,
      0.6347827911376953,
      0.5548959970474243
    ],
    [
      4.6348897740244865e-05,
      0.4299095571041107,
      0.3787291944026947
    ]
  ],
  "accuracy": [
    [
      0.9998929500579834,
      0.9438055753707886,
      0.9470070600509644
    ],
    [
      0.9999642968177795,
      0.9558472633361816,
      0.9599871039390564
    ],
    [
      0.9999642968177795,
      0.9606205224990845,
      0.962883472442627
    ],
    [
      0.9999642968177795,
      0.9622477889060974,
      0.9652435183525085
    ],
    [
      0.9999642968177795,
      0.9636580348014832,
      0.9656726121902466
    ],
    [
      0.9999642968177795,
      0.9644174575805664,
      0.9671744108200073
    ],
    [
      0.9999642968177795,
      0.9674549698829651,
      0.969963550567627
    ],
    [
      0.9999642968177795,
      0.9679973721504211,
      0.9704998731613159
    ],
    [
      0.9999642968177795,
      0.9675634503364563,
      0.9702853560447693
    ],
    [
      0.9999642968177795,
      0.9672380089759827,
      0.9694271683692932
    ],
    [
      0.9999642968177795,
      0.9659361839294434,
      0.9685689806938171
    ],
    [
      0.9999642968177795,
      0.9649598598480225,
      0.9680325984954834
    ],
    [
      0.9999642968177795,
      0.9632241129875183,
      0.9651362299919128
    ],
    [
      0.9999642968177795,
      0.9563896656036377,
      0.9602016806602478
    ],
    [
      0.9999642968177795,
      0.9531351923942566,
      0.9546234607696533
    ],
    [
      0.9999642968177795,
      0.9500976204872131,
      0.9566616415977478
    ],
    [
      0.9999642968177795,
      0.9531351923942566,
      0.9584853053092957
    ],
    [
      0.9999642968177795,
      0.9414189457893372,
      0.9438961744308472
    ],
    [
      0.9999642968177795,
      0.9560642242431641,
      0.9613816738128662
    ]
  ],
  "precision": [
    [
      0.9996294975280762,
      0.8922495245933533,
      0.8679577708244324
    ],
    [
      1.0,
      0.8451443314552307,
      0.8433120846748352
    ],
    [
      1.0,
      0.8616751432418823,
      0.842615008354187
    ],
    [
      1.0,
      0.8670012354850769,
      0.8491686582565308
    ],
    [
      1.0,
      0.8934210538864136,
      0.8709273338317871
    ],
    [
      1.0,
      0.9038718342781067,
      0.8874680399894714
    ],
    [
      1.0,
      0.9126466512680054,
      0.9030612111091614
    ],
    [
      1.0,
      0.9142857193946838,
      0.9057325124740601
    ],
    [
      1.0,
      0.9106217622756958,
      0.9003782868385315
    ],
    [
      1.0,
      0.914586067199707,
      0.9034749269485474
    ],
    [
      1.0,
      0.9143239855766296,
      0.8973042368888855
    ],
    [
      1.0,
      0.9055851101875305,
      0.8905852437019348
    ],
    [
      1.0,
      0.9171348214149475,
      0.8897742629051208
    ],
    [
      1.0,
      0.7907995581626892,
      0.7868504524230957
    ],
    [
      1.0,
      0.74631267786026,
      0.7330791354179382
    ],
    [
      1.0,
      0.8736177086830139,
      0.8746312856674194
    ],
    [
      1.0,
      0.8847926259040833,
      0.8755365014076233
    ],
    [
      1.0,
      0.890656054019928,
      0.8608534336090088
    ],
    [
      1.0,
      0.8501326441764832,
      0.849367082118988
    ]
  ],
  "recall": [
    [
      0.9992592334747314,
      0.5058949589729309,
      0.5405701994895935
    ],
    [
      0.9996296167373657,
      0.6902465224266052,
      0.7258771657943726
    ],
    [
      0.9996296167373657,
      0.7277598977088928,
      0.7631579041481018
    ],
    [
      0.9996296167373657,
      0.7406216263771057,
      0.7839912176132202
    ],
    [
      0.9996296167373657,
      0.7277598977088928,
      0.7620614171028137
    ],
    [
      0.9996296167373657,
      0.7256162762641907,
      0.7609649300575256
    ],
    [
      0.9996296167373657,
      0.7502679824829102,
      0.7763158082962036
    ],
    [
      0.9996296167373657,
      0.7545552253723145,
      0.7796052694320679
    ],
    [
      0.9996296167373657,
      0.7534834146499634,
      0.7828947305679321
    ],
    [
      0.9996296167373657,
      0.7459806799888611,
      0.7697368264198303
    ],
    [
      0.9996296167373657,
      0.7320471405982971,
      0.7664473652839661
    ],
    [
      0.9996296167373657,
      0.729903519153595,
      0.7675438523292542
    ],
    [
      0.9996296167373657,
      0.6998928189277649,
      0.734649121761322
    ],
    [
      0.9996296167373657,
      0.7738478183746338,
      0.8135964870452881
    ],
    [
      0.9996296167373657,
      0.8135048151016235,
      0.843201756477356
    ],
    [
      0.9996296167373657,
      0.5927116870880127,
      0.6502193212509155
    ],
    [
      0.9996296167373657,
      0.6173633337020874,
      0.6710526347160339
    ],
    [
      0.9996296167373657,
      0.4801715016365051,
      0.5087719559669495
    ],
    [
      0.9996296167373657,
      0.687031090259552,
      0.7357456088066101
    ]
  ],