{
  "loss": [
    [
      0.0711941197514534,
      0.2747839093208313,
      0.2579461634159088
    ],
    [
      0.06698098033666611,
      0.2561805844306946,
      0.23387624323368073
    ],
    [
      0.06677674502134323,
      0.2744276225566864,
      0.2459169626235962
    ],
    [
      0.06674876064062119,
      0.2411850094795227,
      0.2145029902458191
    ],
    [
      0.06674517691135406,
      0.22545552253723145,
      0.19513709843158722
    ],
    [
      0.06680409610271454,
      0.20819132030010223,
      0.18264484405517578
    ],
    [
      0.06682530045509338,
      0.1944248378276825,
      0.16943015158176422
    ],
    [
      0.06688818335533142,
      0.1874043196439743,
      0.1643761396408081
    ],
    [
      0.06694751977920532,
      0.18081839382648468,
      0.1594029814004898
    ],
    [
      0.06702760607004166,
      0.17643877863883972,
      0.15602579712867737
    ],
    [
      0.06705445051193237,
      0.1734926700592041,
      0.15370328724384308
    ],
    [
      0.06712950021028519,
      0.1700691133737564,
      0.1508151739835739
    ]
  ],
  "accuracy": [
    [
      0.9039037823677063,
      0.8986765146255493,
      0.9019523859024048
    ],
    [
      0.9038681387901306,
      0.8986765146255493,
      0.9017378091812134
    ],
    [
      0.9038324356079102,
      0.8986765146255493,
      0.9020596146583557
    ],
    [
      0.9038324356079102,
      0.8986765146255493,
      0.9021669030189514
    ],
    [
      0.9038324356079102,
      0.8986765146255493,
      0.9021669030189514
    ],
    [
      0.9038324356079102,
      0.8986765146255493,
      0.9021669030189514
    ],
    [
      0.9038324356079102,
      0.8986765146255493,
      0.9021669030189514
    ],
    [
      0.9038324356079102,
      0.8986765146255493,
      0.9021669030189514
    ],
    [
      0.9038681387901306,
      0.8986765146255493,
      0.9020596146583557
    ],
    [
      0.9038681387901306,
      0.8986765146255493,
      0.9020596146583557
    ],
    [
      0.9038681387901306,
      0.8986765146255493,
      0.9020596146583557
    ],
    [
      0.9038681387901306,
      0.8986765146255493,
      0.9020596146583557
    ]
  ],
  "precision": [
    [
      1.0,
      0.0,
      0.0
    ],
    [
      1.0,
      0.0,
      0.0
    ],
    [
      1.0,
      0.0,
      0.0
    ],
    [
      1.0,
      0.0,
      0.0
    ],
    [
      1.0,
      0.0,
      0.0
    ],
    [
      1.0,
      0.0,
      0.0
    ],
    [
      1.0,
      0.0,
      0.0
    ],
    [
      1.0,
      0.0,
      0.0
    ],
    [
      1.0,
      0.0,
      0.0
    ],
    [
      1.0,
      0.0,
      0.0
    ],
    [
      1.0,
      0.0,
      0.0
    ],
    [
      1.0,
      0.0,
      0.0
    ]
  ],
  "recall": [
    [
      0.0025925925001502037,
      0.0,
      0.0
    ],
    [
      0.002222222276031971,
      0.0,
      0.0
    ],
    [
      0.0018518518190830946,
      0.0,
      0.0
    ],
    [
      0.0018518518190830946,
      0.0,
      0.0
    ],
    [
      0.0018518518190830946,
      0.0,
      0.0
    ],
    [
      0.0018518518190830946,
      0.0,
      0.0
    ],
    [
      0.0018518518190830946,
      0.0,
      0.0
    ],
    [
      0.0018518518190830946,
      0.0,
      0.0
    ],
    [
      0.002222222276031971,
      0.0,
      0.0
    ],
    [
      0.002222222276031971,
      0.0,
      0.0
    ],
    [
      0.002222222276031971,
      0.0,
      0.0
    ],
    [
      0.002222222276031971,
      0.0,
      0.0
    ]
  ],
  "f1": [
    [
      0.005171776749193668,
      0.0,
      0.0
    ],
    [
      0.004434589762240648,
      0.0,
      0.0
    ],
    [
      0.0036968577187508345,
      0.0,
      0.0
    ],
    [
      0.0036968577187508345,
      0.0,
      0.0
    ],
    [
      0.0036968577187508345,
      0.0,
      0.0
    ],
    [
      0.0036968577187508345,
      0.0,
      0.0
    ],
    [
      0.0036968577187508345,
      0.0,
      0.0
    ],
    [
      0.0036968577187508345,
      0.0,
      0.0
    ],
    [
      0.004434589762240648,
      0.0,
      0.0
    ],
    [
      0.004434589762240648,
      0.0,
      0.0
    ],
    [
      0.004434589762240648,
      0.0,
      0.0
    ],
    [
      0.004434589762240648,
      0.0,
      0.0
    ]
  ],
  "auc": [
    [
      0.5012962818145752,
      0.4999396502971649,
      0.4998810887336731
    ],
    [
      0.5011110901832581,
      0.4999396502971649,
      0.4997621774673462
    ],
    [
      0.5009258985519409,
      0.4999396502971649,
      0.49994054436683655
    ],
    [
      0.5009258985519409,
      0.4999396502971649,
      0.5
    ],
    [
      0.5009258985519409,
      0.4999396502971649,
      0.5
    ],
    [
      0.5009258985519409,
      0.4999396502971649,
      0.5
    ],
    [
      0.5009258985519409,
      0.4999396502971649,
      0.5
    ],
    [
      0.5009258985519409,
      0.4999396502971649,
      0.5
    ],
    [
      0.5011110901832581,
      0.4999396502971649,
      0.49994054436683655
    ],
    [
      0.5011110901832581,
      0.4999396502971649,
      0.49994054436683655
    ],
    [
      0.5011110901832581,
      0.4999396502971649,
      0.49994054436683655
    ],
    [
      0.5011110901832581,
      0.4999396502971649,
      0.49994054436683655
    ]
  ]
}