{
  "loss": [
    [
      0.005669523496180773,
      0.6392462849617004,
      0.6219122409820557
    ],
    [
      0.00016987664275802672,
      0.8519035577774048,
      0.8067606091499329
    ],
    [
      0.0001366282085655257,
      0.6451086401939392,
      0.6154045462608337
    ],
    [
      0.00014493560593109578,
      0.40447568893432617,
      0.38011375069618225
    ],
    [
      0.00026536121731624007,
      0.257718950510025,
      0.24272827804088593
    ],
    [
      0.00025048648240044713,
      0.23336993157863617,
      0.2231215387582779
    ],
    [
      0.000212741011637263,
      0.22807465493679047,
      0.2180355042219162
    ],
    [
      0.00018181830819230527,
      0.22521711885929108,
      0.21352818608283997
    ],
    [
      0.00015552688273601234,
      0.2230268269777298,
      0.2098231017589569
    ],
    [
      0.00013474290608428419,
      0.22082771360874176,
      0.2078630030155182
    ],
    [
      0.00011725737567758188,
      0.2197660505771637,
      0.20744283497333527
    ],
    [
      0.00010338798892917112,
      0.21890349686145782,
      0.20834927260875702
    ],
    [
      9.132375998888165e-05,
      0.21799536049365997,
      0.21024270355701447
    ],
    [
      8.147260086843744e-05,
      0.21848611533641815,
      0.21258676052093506
    ],
    [
      7.323994941543788e-05,
      0.21777689456939697,
      0.21421338617801666
    ],
    [
      6.64360195514746e-05,
      0.21993444859981537,
      0.214881032705307
    ],
    [
      6.00367748120334e-05,
      0.22442325949668884,
      0.2179960310459137
    ],
    [
      5.6231703638331965e-05,
      0.22786438465118408,
      0.2204531878232956
    ],
    [
      4.9727732402971014e-05,
      0.2331331968307495,
      0.22495900094509125
    ],
    [
      5.0516500778030604e-05,
      0.23639698326587677,
      0.22712184488773346
    ],
    [
      3.826510510407388e-05,
      0.2497432678937912,
      0.2420210987329483
    ],
    [
      5.175756086828187e-05,
      0.2821372449398041,
      0.26146286725997925
    ],
    [
      2.561029396019876e-05,
      0.2872466742992401,
      0.27891895174980164
    ],
    [
      4.4847965909866616e-05,
      0.29750069975852966,
      0.2628692090511322
    ],
    [
      2.336976831429638e-05,
      0.28385087847709656,
      0.2766299247741699
    ]
  ],
  "accuracy": [
    [
      0.9974163174629211,
      0.8784359693527222,
      0.8810009956359863
    ],
    [
      0.9999282360076904,
      0.8147240281105042,
      0.8184942603111267
    ],
    [
      1.0,
      0.8986788988113403,
      0.9004403352737427
    ],
    [
      1.0,
      0.9291498064994812,
      0.9320158958435059
    ],
    [
      1.0,
      0.9528020620346069,
      0.9543550610542297
    ],
    [
      1.0,
      0.9580225944519043,
      0.959402859210968
    ],
    [
      1.0,
      0.9597272276878357,
      0.9607990384101868
    ],
    [
      1.0,
      0.9604730606079102,
      0.9612286686897278
    ],
    [
      1.0,
      0.9606861472129822,
      0.9626248478889465
    ],
    [
      1.0,
      0.9619646072387695,
      0.963591456413269
    ],
    [
      1.0,
      0.9618580937385559,
      0.9645580649375916
    ],
    [
      1.0,
      0.962497353553772,
      0.9647728204727173
    ],
    [
      1.0,
      0.9628169536590576,
      0.9646654725074768
    ],
    [
      1.0,
      0.963136613368988,
      0.9646654725074768
    ],
    [
      1.0,
      0.962710440158844,
      0.964343249797821
    ],
    [
      1.0,
      0.9622842669487,
      0.9646654725074768
    ],
    [
      1.0,
      0.9619646072387695,
      0.9639136791229248
    ],
    [
      1.0,
      0.9619646072387695,
      0.9639136791229248
    ],
    [
      1.0,
      0.9616450071334839,
      0.9633766412734985
    ],
    [
      1.0,
      0.9626038670539856,
      0.9642358422279358
    ],
    [
      1.0,
      0.9607926607131958,
      0.9597250819206238
    ],
    [
      1.0,
      0.9626038670539856,
      0.9639136791229248
    ],
    [
      1.0,
      0.9568506479263306,
      0.9580066800117493
    ],
    [
      1.0,
      0.9635627269744873,
      0.965095043182373
    ],
    [
      1.0,
      0.9615384340286255,
      0.9623026251792908
    ]
  ],
  "precision": [
    [
      0.976054310798645,
      0.19430051743984222,
      0.22282609343528748
    ],
    [
      1.0,
      0.2636054456233978,
      0.274137943983078
    ],
    [
      1.0,
      0.44933921098709106,
      0.47505423426628113
    ],
    [
      1.0,
      0.6408450603485107,
      0.657375156879425
    ],
    [
      1.0,
      0.7763158082962036,
      0.7712344527244568
    ],
    [
      1.0,
      0.8016529083251953,
      0.7961711883544922
    ],
    [
      1.0,
      0.8011428713798523,
      0.8004459142684937
    ],
    [
      1.0,
      0.8013544082641602,
      0.8020022511482239
    ],
    [
      1.0,
      0.8011236190795898,
      0.8082039952278137
    ],
    [
      1.0,
      0.8064876794815063,
      0.8142380714416504
    ],
    [
      1.0,
      0.8035516142845154,
      0.8181818127632141
    ],
    [
      1.0,
      0.8062015771865845,
      0.8192904591560364
    ],
    [
      1.0,
      0.8068432807922363,
      0.8183831572532654
    ],
    [
      1.0,
      0.8061336278915405,
      0.8162816166877747
    ],
    [
      1.0,
      0.8013029098510742,
      0.8122270703315735
    ],
    [
      1.0,
      0.7984831929206848,
      0.8135223388671875
    ],
    [
      1.0,
      0.7958963513374329,
      0.8066954612731934
    ],
    [
      1.0,
      0.7991266250610352,
      0.8073592782020569
    ],
    [
      1.0,
      0.792068600654602,
      0.8010694980621338
    ],
    [
      1.0,
      0.8070953488349915,
      0.8161683082580566
    ],
    [
      1.0,
      0.774820864200592,
      0.7674418687820435
    ],
    [
      1.0,
      0.8479899764060974,
      0.8405275940895081
    ],
    [
      1.0,
      0.7446184158325195,
      0.7507331371307373
    ],
    [
      1.0,
      0.8679738640785217,
      0.8669201731681824
    ],
    [
      1.0,
      0.7786885499954224,
      0.7835897207260132
    ]
  ],