{
    "bgnn-agnn": {
        "mean": {
            "val": {
                "accuracy": 0.9674901366233826,
                "precision": 0.8623853325843811,
                "recall": 0.8407789468765259,
                "f1": 0.8254879713058472
            },
            "test": {
                "accuracy": 0.967165470123291,
                "precision": 0.8672798871994019,
                "recall": 0.8157894611358643,
                "f1": 0.8212669491767883
            },
            "time": 70.69519710540771
        },
        "std": {
            "val": {
                "accuracy": 0.0,
                "precision": 0.0,
                "recall": 0.0,
                "f1": 0.0
            },
            "test": {
                "accuracy": 0.0,
                "precision": 0.0,
                "recall": 0.0,
                "f1": 0.0
            },
            "time": 0.0
        }
    }
}