{
  "loss": [
    [
      0.07552959769964218,
      0.21203216910362244,
      0.22589978575706482
    ],
    [
      0.06780809164047241,
      0.1882784366607666,
      0.21042267978191376
    ],
    [
      0.0677582398056984,
      0.1628013402223587,
      0.18530279397964478
    ],
    [
      0.06765767931938171,
      0.16404880583286285,
      0.18689529597759247
    ],
    [
      0.06760578602552414,
      0.17694608867168427,
      0.20291467010974884
    ],
    [
      0.06758186221122742,
      0.1970289945602417,
      0.225984126329422
    ],
    [
      0.06757647544145584,
      0.21191367506980896,
      0.24439653754234314
    ],
    [
      0.06757070124149323,
      0.20299632847309113,
      0.2372875064611435
    ],
    [
      0.06759843975305557,
      0.18530012667179108,
      0.21829743683338165
    ],
    [
      0.0676637813448906,
      0.16962631046772003,
      0.20219342410564423
    ],
    [
      0.06770441681146622,
      0.15989260375499725,
      0.19179943203926086
    ],
    [
      0.06771748512983322,
      0.15367545187473297,
      0.18495884537696838
    ]
  ],
  "accuracy": [
    [
      0.9024887084960938,
      0.9035190939903259,
      0.9010703563690186
    ],
    [
      0.902524471282959,
      0.9035190939903259,
      0.9010703563690186
    ],
    [
      0.902524471282959,
      0.9035190939903259,
      0.9010703563690186
    ],
    [
      0.902524471282959,
      0.9035190939903259,
      0.9010703563690186
    ],
    [
      0.902524471282959,
      0.9035190939903259,
      0.9010703563690186
    ],
    [
      0.902524471282959,
      0.9035190939903259,
      0.9010703563690186
    ],
    [
      0.902524471282959,
      0.9035190939903259,
      0.9010703563690186
    ],
    [
      0.902524471282959,
      0.9035190939903259,
      0.9010703563690186
    ],
    [
      0.902524471282959,
      0.9035190939903259,
      0.9010703563690186
    ],
    [
      0.902524471282959,
      0.9035190939903259,
      0.9010703563690186
    ],
    [
      0.902524471282959,
      0.9035190939903259,
      0.9010703563690186
    ],
    [
      0.902524471282959,
      0.9035190939903259,
      0.9010703563690186
    ]
  ],
  "precision": [
    [
      0.6666666865348816,
      0.0,
      0.0
    ],
    [
      1.0,
      0.0,
      0.0
    ],
    [
      1.0,
      0.0,
      0.0
    ],
    [
      1.0,
      0.0,
      0.0
    ],
    [
      1.0,
      0.0,
      0.0
    ],
    [
      1.0,
      0.0,
      0.0
    ],
    [
      1.0,
      0.0,
      0.0
    ],
    [
      1.0,
      0.0,
      0.0
    ],
    [
      1.0,
      0.0,
      0.0
    ],
    [
      1.0,
      0.0,
      0.0
    ],
    [
      1.0,
      0.0,
      0.0
    ],
    [
      1.0,
      0.0,
      0.0
    ]
  ],
  "recall": [
    [
      0.0007331378292292356,
      0.0,
      0.0
    ],
    [
      0.0007331378292292356,
      0.0,
      0.0
    ],
    [
      0.0007331378292292356,
      0.0,
      0.0
    ],
    [
      0.0007331378292292356,
      0.0,
      0.0
    ],
    [
      0.0007331378292292356,
      0.0,
      0.0
    ],
    [
      0.0007331378292292356,
      0.0,
      0.0
    ],
    [
      0.0007331378292292356,
      0.0,
      0.0
    ],
    [
      0.0007331378292292356,
      0.0,
      0.0
    ],
    [
      0.0007331378292292356,
      0.0,
      0.0
    ],
    [
      0.0007331378292292356,
      0.0,
      0.0
    ],
    [
      0.0007331378292292356,
      0.0,
      0.0
    ],
    [
      0.0007331378292292356,
      0.0,
      0.0
    ]
  ],
  "f1": [
    [
      0.0014646649360656738,
      0.0,
      0.0
    ],
    [
      0.0014652014942839742,
      0.0,
      0.0
    ],
    [
      0.0014652014942839742,
      0.0,
      0.0
    ],
    [
      0.0014652014942839742,
      0.0,
      0.0
    ],
    [
      0.0014652014942839742,
      0.0,
      0.0
    ],
    [
      0.0014652014942839742,
      0.0,
      0.0
    ],
    [
      0.0014652014942839742,
      0.0,
      0.0
    ],
    [
      0.0014652014942839742,
      0.0,
      0.0
    ],
    [
      0.0014652014942839742,
      0.0,
      0.0
    ],
    [
      0.0014652014942839742,
      0.0,
      0.0
    ],
    [
      0.0014652014942839742,
      0.0,
      0.0
    ],
    [
      0.0014652014942839742,
      0.0,
      0.0
    ]
  ],
  "auc": [
    [
      0.5003467798233032,
      0.5,
      0.5
    ],
    [
      0.5003665685653687,
      0.5,
      0.5
    ],
    [
      0.5003665685653687,
      0.5,
      0.5
    ],
    [
      0.5003665685653687,
      0.5,
      0.5
    ],
    [
      0.5003665685653687,
      0.5,
      0.5
    ],
    [
      0.5003665685653687,
      0.5,
      0.5
    ],
    [
      0.5003665685653687,
      0.5,
      0.5
    ],
    [
      0.5003665685653687,
      0.5,
      0.5
    ],
    [
      0.5003665685653687,
      0.5,
      0.5
    ],
    [
      0.5003665685653687,
      0.5,
      0.5
    ],
    [
      0.5003665685653687,
      0.5,
      0.5
    ],
    [
      0.5003665685653687,
      0.5,
      0.5
    ]
  ]
}