{
  "loss": [
    [
      0.08376728743314743,
      0.24229644238948822,
      0.2554820775985718
    ],
    [
      0.06791505217552185,
      0.22716087102890015,
      0.24806168675422668
    ],
    [
      0.06771340221166611,
      0.19520018994808197,
      0.21653907001018524
    ],
    [
      0.06763461232185364,
      0.1737206131219864,
      0.19527678191661835
    ],
    [
      0.06757789850234985,
      0.1590520143508911,
      0.18270660936832428
    ],
    [
      0.06760774552822113,
      0.1469600796699524,
      0.17076730728149414
    ],
    [
      0.0676150992512703,
      0.1393854320049286,
      0.16559509932994843
    ],
    [
      0.067703478038311,
      0.1339363157749176,
      0.16101771593093872
    ],
    [
      0.06776688992977142,
      0.1304970532655716,
      0.1578105241060257
    ],
    [
      0.06782018393278122,
      0.12893344461917877,
      0.15539118647575378
    ],
    [
      0.06784412264823914,
      0.12819308042526245,
      0.15477512776851654
    ],
    [
      0.06789146363735199,
      0.12992218136787415,
      0.1544707715511322
    ]
  ],
  "accuracy": [
    [
      0.9026675224304199,
      0.9035190939903259,
      0.9010703563690186
    ],
    [
      0.9025959968566895,
      0.9035190939903259,
      0.9010703563690186
    ],
    [
      0.9026317596435547,
      0.9035190939903259,
      0.9010703563690186
    ],
    [
      0.9026317596435547,
      0.9035190939903259,
      0.9010703563690186
    ],
    [
      0.9026317596435547,
      0.9035190939903259,
      0.9010703563690186
    ],
    [
      0.9026317596435547,
      0.9035190939903259,
      0.9010703563690186
    ],
    [
      0.9026317596435547,
      0.9035190939903259,
      0.9010703563690186
    ],
    [
      0.9026317596435547,
      0.9035190939903259,
      0.9010703563690186
    ],
    [
      0.9026317596435547,
      0.9035190939903259,
      0.9010703563690186
    ],
    [
      0.9026317596435547,
      0.9035190939903259,
      0.9010703563690186
    ],
    [
      0.9026317596435547,
      0.9035190939903259,
      0.9010703563690186
    ],
    [
      0.9026317596435547,
      0.9035190939903259,
      0.9010703563690186
    ]
  ],
  "precision": [
    [
      1.0,
      0.0,
      0.0
    ],
    [
      1.0,
      0.0,
      0.0
    ],
    [
      1.0,
      0.0,
      0.0
    ],
    [
      1.0,
      0.0,
      0.0
    ],
    [
      1.0,
      0.0,
      0.0
    ],
    [
      1.0,
      0.0,
      0.0
    ],
    [
      1.0,
      0.0,
      0.0
    ],
    [
      1.0,
      0.0,
      0.0
    ],
    [
      1.0,
      0.0,
      0.0
    ],
    [
      1.0,
      0.0,
      0.0
    ],
    [
      1.0,
      0.0,
      0.0
    ],
    [
      1.0,
      0.0,
      0.0
    ]
  ],
  "recall": [
    [
      0.002199413487687707,
      0.0,
      0.0
    ],
    [
      0.0014662756584584713,
      0.0,
      0.0
    ],
    [
      0.0018328445730730891,
      0.0,
      0.0
    ],
    [
      0.0018328445730730891,
      0.0,
      0.0
    ],
    [
      0.0018328445730730891,
      0.0,
      0.0
    ],
    [
      0.0018328445730730891,
      0.0,
      0.0
    ],
    [
      0.0018328445730730891,
      0.0,
      0.0
    ],
    [
      0.0018328445730730891,
      0.0,
      0.0
    ],
    [
      0.0018328445730730891,
      0.0,
      0.0
    ],
    [
      0.0018328445730730891,
      0.0,
      0.0
    ],
    [
      0.0018328445730730891,
      0.0,
      0.0
    ],
    [
      0.0018328445730730891,
      0.0,
      0.0
    ]
  ],
  "f1": [
    [
      0.004389173351228237,
      0.0,
      0.0
    ],
    [
      0.0029282576870173216,
      0.0,
      0.0
    ],
    [
      0.003658982692286372,
      0.0,
      0.0
    ],
    [
      0.003658982692286372,
      0.0,
      0.0
    ],
    [
      0.003658982692286372,
      0.0,
      0.0
    ],
    [
      0.003658982692286372,
      0.0,
      0.0
    ],
    [
      0.003658982692286372,
      0.0,
      0.0
    ],
    [
      0.003658982692286372,
      0.0,
      0.0
    ],
    [
      0.003658982692286372,
      0.0,
      0.0
    ],
    [
      0.003658982692286372,
      0.0,
      0.0
    ],
    [
      0.003658982692286372,
      0.0,
      0.0
    ],
    [
      0.003658982692286372,
      0.0,
      0.0
    ]
  ],
  "auc": [
    [
      0.501099705696106,
      0.5,
      0.5
    ],
    [
      0.5007331371307373,
      0.5,
      0.5
    ],
    [
      0.5009164214134216,
      0.5,
      0.5
    ],
    [
      0.5009164214134216,
      0.5,
      0.5
    ],
    [
      0.5009164214134216,
      0.5,
      0.5
    ],
    [
      0.5009164214134216,
      0.5,
      0.5
    ],
    [
      0.5009164214134216,
      0.5,
      0.5
    ],
    [
      0.5009164214134216,
      0.5,
      0.5
    ],
    [
      0.5009164214134216,
      0.5,
      0.5
    ],
    [
      0.5009164214134216,
      0.5,
      0.5
    ],
    [
      0.5009164214134216,
      0.5,
      0.5
    ],
    [
      0.5009164214134216,
      0.5,
      0.5
    ]
  ]
}