{
  "loss": [
    [
      0.08157115429639816,
      0.19216562807559967,
      0.20066586136817932
    ],
    [
      0.06797875463962555,
      0.17356538772583008,
      0.18649941682815552
    ],
    [
      0.06783995777368546,
      0.15460403263568878,
      0.16905483603477478
    ],
    [
      0.030347656458616257,
      0.12451484054327011,
      0.13698574900627136
    ],
    [
      0.00034194192267023027,
      0.09140186756849289,
      0.11339487135410309
    ],
    [
      0.00023289832461159676,
      0.0897451713681221,
      0.11330290883779526
    ],
    [
      0.00017773272702470422,
      0.09217746555805206,
      0.11759646236896515
    ],
    [
      0.00013724165910389274,
      0.09574033319950104,
      0.12274249643087387
    ],
    [
      0.00011546083987923339,
      0.10070593655109406,
      0.12996363639831543
    ],
    [
      8.129497291520238e-05,
      0.10677008330821991,
      0.13876469433307648
    ],
    [
      6.928225775482133e-05,
      0.11993558704853058,
      0.1543845683336258
    ],
    [
      7.070952415233478e-05,
      0.14888758957386017,
      0.18640179932117462
    ],
    [
      7.620149699505419e-05,
      0.1834426075220108,
      0.22420614957809448
    ],
    [
      7.290180656127632e-05,
      0.23490764200687408,
      0.2744445502758026
    ],
    [
      6.398554978659377e-05,
      0.22438952326774597,
      0.2742845416069031
    ],
    [
      5.651914034388028e-05,
      0.21144583821296692,
      0.24761125445365906
    ],
    [
      5.0401791668264195e-05,
      0.15710119903087616,
      0.20511212944984436
    ],
    [
      4.948832429363392e-05,
      0.12614603340625763,
      0.16041745245456696
    ]
  ],
  "accuracy": [
    [
      0.9025959968566895,
      0.9035190939903259,
      0.9010703563690186
    ],
    [
      0.9025602340698242,
      0.9034121036529541,
      0.9010703563690186
    ],
    [
      0.9027748107910156,
      0.9034121036529541,
      0.9011784791946411
    ],
    [
      0.9819065928459167,
      0.9564659595489502,
      0.9558871388435364
    ],
    [
      0.9999642372131348,
      0.9751845002174377,
      0.9705914258956909
    ],
    [
      0.9999642372131348,
      0.9758262634277344,
      0.9715644717216492
    ],
    [
      0.9999642372131348,
      0.976361095905304,
      0.971348226070404
    ],
    [
      0.9999642372131348,
      0.976040244102478,
      0.9710239171981812
    ],
    [
      0.9999642372131348,
      0.9748636484146118,
      0.9703751802444458
    ],
    [
      1.0,
      0.9744357466697693,
      0.9697264432907104
    ],
    [
      1.0,
      0.9739009737968445,
      0.9686452746391296
    ],
    [
      1.0,
      0.9700502753257751,
      0.966050386428833
    ],
    [
      1.0,
      0.9664134979248047,
      0.9630230069160461
    ],
    [
      1.0,
      0.9640603065490723,
      0.9594550728797913
    ],
    [
      1.0,
      0.9645951390266418,
      0.9603200554847717
    ],
    [
      1.0,
      0.9680179953575134,
      0.9635636210441589
    ],
    [
      1.0,
      0.9725104570388794,
      0.9665910005569458
    ],
    [
      1.0,
      0.9758262634277344,
      0.9725375771522522
    ]
  ],
  "precision": [
    [
      1.0,
      0.0,
      0.0
    ],
    [
      1.0,
      0.0,
      0.0
    ],
    [
      1.0,
      0.0,
      1.0
    ],
    [
      1.0,
      0.9216354489326477,
      0.9378238320350647
    ],
    [
      1.0,
      0.9135802388191223,
      0.9013732671737671
    ],
    [
      1.0,
      0.9366925358772278,
      0.9255874752998352
    ],
    [
      1.0,
      0.9404916167259216,
      0.9253926873207092
    ],
    [
      1.0,
      0.9357326626777649,
      0.9184993505477905
    ],
    [
      1.0,
      0.9370904564857483,
      0.9222661256790161
    ],
    [
      1.0,
      0.9402390718460083,
      0.928475022315979
    ],
    [
      1.0,
      0.9422042965888977,
      0.931034505367279
    ],
    [
      1.0,
      0.9430199265480042,
      0.9262411594390869
    ],
    [
      1.0,
      0.9362017512321472,
      0.918248176574707
    ],
    [
      1.0,
      0.9300912022590637,
      0.9054054021835327
    ],
    [
      1.0,
      0.9229629635810852,
      0.9041298031806946
    ],
    [
      1.0,
      0.9252468347549438,
      0.8958904147148132
    ],
    [
      1.0,
      0.9282868504524231,
      0.9050801992416382
    ],
    [
      1.0,
      0.9225000143051147,
      0.9126092195510864
    ]
  ],
  "recall": [
    [
      0.0014662756584584713,
      0.0,
      0.0
    ],
    [
      0.0010997067438438535,
      0.0,
      0.0
    ],
    [
      0.0032991203479468822,
      0.0,
      0.0010928962146863341
    ],
    [
      0.8145161271095276,
      0.5997782945632935,
      0.5934426188468933
    ],
    [
      0.9996334314346313,
      0.8203991055488586,
      0.7890710234642029
    ],
    [
      0.9996334314346313,
      0.8037694096565247,
      0.7748633623123169
    ],
    [
      0.9996334314346313,
      0.8059867024421692,
      0.7726776003837585
    ],
    [
      0.9996334314346313,
      0.8070953488349915,
      0.7759562730789185
    ],
    [
      0.9996334314346313,
      0.792682945728302,
      0.7650273442268372
    ],
    [
      1.0,
      0.7849224209785461,
      0.7519125938415527
    ],
    [
      1.0,
      0.7771618366241455,
      0.7377049326896667
    ],
    [
      1.0,
      0.7339246273040771,
      0.7136611938476562
    ],
    [
      1.0,
      0.6995565295219421,
      0.6874316930770874
    ],
    [
      1.0,
      0.6784922480583191,
      0.6590163707733154
    ],
    [
      1.0,
      0.690687358379364,
      0.6699453592300415
    ],
    [
      1.0,
      0.7272727489471436,
      0.7147541046142578
    ],
    [
      1.0,
      0.774944543838501,
      0.7398906946182251
    ],
    [
      1.0,
      0.8181818127632141,
      0.7989071011543274
    ]
  ],
  "f1": [
    [
      0.0029282576870173216,
      0.0,
      0.0
    ],
    [
      0.0021969974040985107,
      0.0,
      0.0
    ],
    [
      0.006576543673872948,
      0.0,
      0.0021834061481058598
    ],
    [
      0.897777795791626,
      0.7266622185707092,
      0.7269076108932495
    ],
    [
      0.9998166561126709,
      0.8644859790802002,
      0.8414918184280396
    ],
    [
      0.9998166561126709,
      0.8651551604270935,
      0.8435454964637756
    ],
    [
      0.9998166561126709,
      0.8680596947669983,
      0.8421679735183716
    ],
    [
      0.9998166561126709,
      0.8666666746139526,
      0.8412322402000427
    ],
    [
      0.9998166561126709,
      0.8588588833808899,
      0.836320161819458
    ],
    [
      1.0,
      0.8555891513824463,
      0.8309178948402405
    ],
    [
      1.0,
      0.8517618179321289,
      0.8231707215309143
    ],
    [
      1.0,
      0.8254364132881165,
      0.8061728477478027
    ],
    [
      1.0,
      0.8007614016532898,
      0.7862499952316284
    ],
    [
      1.0,
      0.7846153974533081,
      0.7628083229064941
    ],
    [
      1.0,
      0.790107786655426,
      0.7696170806884766
    ],
    [
      1.0,
      0.8144009709358215,
      0.7951367497444153
    ],
    [
      1.0,
      0.8447129726409912,
      0.8141912221908569
    ],
    [
      1.0,
      0.8672150373458862,
      0.8519813418388367
    ]
  ],