{
  "loss": [
    [
      0.0013355030678212643,
      0.6560962796211243,
      0.6588231325149536
    ],
    [
      0.0005463314009830356,
      0.5737050771713257,
      0.5804137587547302
    ],
    [
      0.00017849287542048842,
      0.43816977739334106,
      0.45711827278137207
    ],
    [
      0.00016075282474048436,
      0.31129539012908936,
      0.31124573945999146
    ],
    [
      0.00016299854905810207,
      0.23424334824085236,
      0.23930561542510986
    ],
    [
      0.00014154591190163046,
      0.21182888746261597,
      0.21202737092971802
    ],
    [
      0.00011746162635972723,
      0.20584334433078766,
      0.20929057896137238
    ],
    [
      0.00010088786802953109,
      0.2003546804189682,
      0.20684657990932465
    ],
    [
      8.782700751908123e-05,
      0.19747433066368103,
      0.20768414437770844
    ],
    [
      7.754841499263421e-05,
      0.19781926274299622,
      0.20970149338245392
    ],
    [
      7.00767122907564e-05,
      0.20060206949710846,
      0.21160703897476196
    ],
    [
      6.278386717895046e-05,
      0.20353704690933228,
      0.21449732780456543
    ],
    [
      5.776894249720499e-05,
      0.20751209557056427,
      0.21812179684638977
    ],
    [
      5.261290425551124e-05,
      0.21104596555233002,
      0.22117853164672852
    ],
    [
      4.898816769127734e-05,
      0.21672509610652924,
      0.2247879058122635
    ],
    [
      4.405140862218104e-05,
      0.21973036229610443,
      0.22702476382255554
    ],
    [
      4.277302650734782e-05,
      0.22809983789920807,
      0.23414246737957
    ],
    [
      3.661853406811133e-05,
      0.2244957536458969,
      0.2294328510761261
    ],
    [
      3.692130121635273e-05,
      0.24349646270275116,
      0.24949415028095245
    ],
    [
      3.0187342417775653e-05,
      0.24023765325546265,
      0.24850867688655853
    ],
    [
      3.3925036404980347e-05,
      0.2804234027862549,
      0.30068475008010864
    ],
    [
      2.9263159376569092e-05,
      0.2471214085817337,
      0.2615313231945038
    ],
    [
      2.5653635020717047e-05,
      0.2756917476654053,
      0.2949379086494446
    ],
    [
      3.1004095944808796e-05,
      0.24463503062725067,
      0.24438469111919403
    ],
    [
      2.0509538444457576e-05,
      0.26775702834129333,
      0.2832911014556885
    ]
  ],
  "accuracy": [
    [
      0.999786376953125,
      0.8762864470481873,
      0.8784300684928894
    ],
    [
      0.9998576045036316,
      0.8831475377082825,
      0.8843336701393127
    ],
    [
      1.0,
      0.9235634803771973,
      0.9227069020271301
    ],
    [
      1.0,
      0.9418953657150269,
      0.9401989579200745
    ],
    [
      1.0,
      0.9564751386642456,
      0.9546299576759338
    ],
    [
      1.0,
      0.9601200819015503,
      0.959112286567688
    ],
    [
      1.0,
      0.9615136981010437,
      0.9614081382751465
    ],
    [
      1.0,
      0.963336169719696,
      0.9625013470649719
    ],
    [
      1.0,
      0.9638721942901611,
      0.9626107215881348
    ],
    [
      1.0,
      0.9646226167678833,
      0.9626107215881348
    ],
    [
      1.0,
      0.9650514721870422,
      0.9626107215881348
    ],
    [
      1.0,
      0.9662306904792786,
      0.9627200365066528
    ],
    [
      1.0,
      0.9659090638160706,
      0.9632666707038879
    ],
    [
      1.0,
      0.9662306904792786,
      0.9639226198196411
    ],
    [
      1.0,
      0.9654802680015564,
      0.9641412496566772
    ],
    [
      1.0,
      0.9648370742797852,
      0.9632666707038879
    ],
    [
      1.0,
      0.9646226167678833,
      0.9639226198196411
    ],
    [
      1.0,
      0.9645154476165771,
      0.9634853005409241
    ],
    [
      1.0,
      0.963336169719696,
      0.9628293514251709
    ],
    [
      1.0,
      0.9624785780906677,
      0.9611894488334656
    ],
    [
      1.0,
      0.9612993001937866,
      0.959221601486206
    ],
    [
      1.0,
      0.9643010497093201,
      0.9634853005409241
    ],
    [
      1.0,
      0.9602272510528564,
      0.9588935971260071
    ],
    [
      1.0,
      0.9649442434310913,
      0.9652345180511475
    ],
    [
      1.0,
      0.9621569514274597,
      0.9590029716491699
    ]
  ],
  "precision": [
    [
      0.9978556036949158,
      0.17715618014335632,
      0.20202019810676575
    ],
    [
      1.0,
      0.3894081115722656,
      0.4013015329837799
    ],
    [
      1.0,
      0.6273291707038879,
      0.6318252682685852
    ],
    [
      1.0,
      0.7128335237503052,
      0.7106273770332336
    ],
    [
      1.0,
      0.7854545712471008,
      0.7787182331085205
    ],
    [
      1.0,
      0.8045838475227356,
      0.8009592294692993
    ],
    [
      1.0,
      0.8076009750366211,
      0.8087367415428162
    ],
    [
      1.0,
      0.8150765895843506,
      0.8138986825942993
    ],
    [
      1.0,
      0.8154205679893494,
      0.811188817024231
    ],
    [
      1.0,
      0.8176538944244385,
      0.807603657245636
    ],
    [
      1.0,
      0.8177623748779297,
      0.8061926364898682
    ],
    [
      1.0,
      0.8222476840019226,
      0.8071182370185852
    ],
    [
      1.0,
      0.8201603889465332,
      0.8117783069610596
    ],
    [
      1.0,
      0.8193181753158569,
      0.8152424693107605
    ],
    [
      1.0,
      0.8156996369361877,
      0.8186046481132507
    ],
    [
      1.0,
      0.8115777373313904,
      0.8075171113014221
    ],
    [
      1.0,
      0.8132874965667725,
      0.8189252614974976
    ],
    [
      1.0,
      0.8109339475631714,
      0.8072562217712402
    ],
    [
      1.0,
      0.8099652528762817,
      0.8175355195999146
    ],
    [
      1.0,
      0.8039215803146362,
      0.7950170040130615
    ],
    [
      1.0,
      0.8131067752838135,
      0.8093481063842773
    ],
    [
      1.0,
      0.8325183391571045,
      0.8312958478927612
    ],
    [
      1.0,
      0.781737208366394,
      0.7790178656578064
    ],
    [
      1.0,
      0.84375,
      0.8586118221282959
    ],
    [
      1.0,
      0.7937219738960266,
      0.7824126482009888
    ]
  ],