{
  "loss": [
    [
      0.12562602758407593,
      0.3000223636627197,
      0.3139604926109314
    ],
    [
      0.007911072112619877,
      0.3705376386642456,
      0.3954906463623047
    ],
    [
      0.002131423680111766,
      0.3833789527416229,
      0.4070659577846527
    ],
    [
      0.0016941862413659692,
      0.322305291891098,
      0.347660094499588
    ],
    [
      0.001443154993467033,
      0.2690104842185974,
      0.30028969049453735
    ],
    [
      0.0012802620185539126,
      0.2218899428844452,
      0.2586492598056793
    ],
    [
      0.0011260226601734757,
      0.18840885162353516,
      0.23186126351356506
    ],
    [
      0.0009809279581531882,
      0.174422487616539,
      0.21987535059452057
    ],
    [
      0.0008674320415593684,
      0.17002005875110626,
      0.21493826806545258
    ],
    [
      0.0007897205650806427,
      0.16794799268245697,
      0.21295426785945892
    ],
    [
      0.0007209543837234378,
      0.1650797724723816,
      0.20925264060497284
    ],
    [
      0.0006525219068862498,
      0.16136807203292847,
      0.20653919875621796
    ],
    [
      0.0005876410286873579,
      0.15841326117515564,
      0.20585544407367706
    ],
    [
      0.0005301311612129211,
      0.15586872398853302,
      0.20636405050754547
    ],
    [
      0.0004804075288120657,
      0.15568934381008148,
      0.20684632658958435
    ],
    [
      0.00043708982411772013,
      0.15705865621566772,
      0.20800672471523285
    ],
    [
      0.00039956107502803206,
      0.1587575525045395,
      0.20944401621818542
    ],
    [
      0.0003659501380752772,
      0.15995082259178162,
      0.2110995501279831
    ],
    [
      0.00033695477759465575,
      0.16154558956623077,
      0.2132047712802887
    ],
    [
      0.0003103248309344053,
      0.16280482709407806,
      0.21424470841884613
    ],
    [
      0.0002873167395591736,
      0.16415630280971527,
      0.21580851078033447
    ],
    [
      0.00026657458511181176,
      0.165535107254982,
      0.21744224429130554
    ],
    [
      0.00024847956956364214,
      0.16778020560741425,
      0.21928028762340546
    ],
    [
      0.0002323229709872976,
      0.1696142554283142,
      0.22124268114566803
    ],
    [
      0.0002172978565795347,
      0.17131832242012024,
      0.2225501388311386
    ]
  ],
  "accuracy": [
    [
      0.9458465576171875,
      0.9064055681228638,
      0.9004189372062683
    ],
    [
      0.9992503523826599,
      0.8858472108840942,
      0.8763562440872192
    ],
    [
      0.999785840511322,
      0.9018610715866089,
      0.8956923484802246
    ],
    [
      0.9999642968177795,
      0.9191733598709106,
      0.9154581427574158
    ],
    [
      0.9999642968177795,
      0.932482123374939,
      0.9262004494667053
    ],
    [
      0.9999285936355591,
      0.941246509552002,
      0.9370501637458801
    ],
    [
      0.9999642968177795,
      0.9506600499153137,
      0.9469330906867981
    ],
    [
      0.9999642968177795,
      0.9565029144287109,
      0.9495112299919128
    ],
    [
      0.9999642968177795,
      0.9582341313362122,
      0.9516596794128418
    ],
    [
      0.9999642968177795,
      0.9590997695922852,
      0.9528413414955139
    ],
    [
      0.9999642968177795,
      0.9608309864997864,
      0.9542378187179565
    ],
    [
      0.9999642968177795,
      0.961912989616394,
      0.9560640454292297
    ],
    [
      0.9999642968177795,
      0.9633195996284485,
      0.956708550453186
    ],
    [
      0.9999642968177795,
      0.9642934203147888,
      0.9566011428833008
    ],
    [
      0.9999642968177795,
      0.9636442065238953,
      0.9569234251976013
    ],
    [
      0.9999642968177795,
      0.9629950523376465,
      0.9571382403373718
    ],
    [
      1.0,
      0.9635360240936279,
      0.9579976201057434
    ],
    [
      1.0,
      0.9636442065238953,
      0.9573531150817871
    ],
    [
      1.0,
      0.9632114171981812,
      0.9571382403373718
    ],
    [
      1.0,
      0.9634278416633606,
      0.9571382403373718
    ],
    [
      1.0,
      0.9632114171981812,
      0.9574605226516724
    ],
    [
      1.0,
      0.9634278416633606,
      0.9578902125358582
    ],
    [
      1.0,
      0.9637524485588074,
      0.9582124948501587
    ],
    [
      0.9999642968177795,
      0.9637524485588074,
      0.9581050872802734
    ],
    [
      0.9999642968177795,
      0.9638606309890747,
      0.9581050872802734
    ]
  ],
  "precision": [
    [
      0.992266058921814,
      0.29729729890823364,
      0.21052631735801697
    ],
    [
      0.9946409463882446,
      0.3025048077106476,
      0.27222222089767456
    ],
    [
      0.998924732208252,
      0.4609053432941437,
      0.456233412027359
    ],
    [
      0.9996417164802551,
      0.5738880634307861,
      0.5780423283576965
    ],
    [
      0.9996417164802551,
      0.6565096974372864,
      0.6372795701026917
    ],
    [
      0.9992836713790894,
      0.7060402631759644,
      0.6947497129440308
    ],
    [
      0.9996417164802551,
      0.7426108121871948,
      0.7348571419715881
    ],
    [
      0.9996417164802551,
      0.7654028534889221,
      0.7424749135971069
    ],
    [
      0.9996417164802551,
      0.7678983807563782,
      0.747551679611206
    ],
    [
      0.9996417164802551,
      0.766968309879303,
      0.7516198754310608
    ],
    [
      0.9996417164802551,
      0.773542582988739,
      0.7566988468170166
    ],
    [
      0.9996417164802551,
      0.7785235047340393,
      0.7655246257781982
    ],
    [
      0.9996417164802551,
      0.7893545031547546,
      0.7693132758140564
    ],
    [
      0.9996417164802551,
      0.792792797088623,
      0.7684887647628784
    ],
    [
      0.9996417164802551,
      0.7881165742874146,
      0.7680851221084595
    ],
    [
      0.9996417164802551,
      0.7815964818000793,
      0.7674418687820435
    ],
    [
      1.0,
      0.7846837043762207,
      0.7722457647323608
    ],
    [
      1.0,
      0.7855555415153503,
      0.7679324746131897
    ],
    [
      1.0,
      0.7814569473266602,
      0.7663158178329468
    ],
    [
      1.0,
      0.7838137745857239,
      0.7657563090324402
    ],
    [
      1.0,
      0.7814569473266602,
      0.7681770324707031
    ],
    [
      1.0,
      0.7825607061386108,
      0.7714285850524902
    ],
    [
      1.0,
      0.7839030027389526,
      0.7738853693008423
    ],
    [
      0.9996417164802551,
      0.7839030027389526,
      0.7730646729469299
    ],
    [
      0.9996417164802551,
      0.7847682237625122,
      0.7724867463111877
    ]
  ],