{
    "bgnn-agnn": {
        "mean": {
            "val": {
                "accuracy": 0.9656721353530884,
                "precision": 0.803398072719574,
                "recall": 0.8487972617149353,
                "f1": 0.8199663758277893
            },
            "test": {
                "accuracy": 0.9663042426109314,
                "precision": 0.8220859169960022,
                "recall": 0.8201754093170166,
                "f1": 0.8254322409629822
            },
            "time": 76.74071669578552
        },
        "std": {
            "val": {
                "accuracy": 0.0,
                "precision": 0.0,
                "recall": 0.0,
                "f1": 0.0
            },
            "test": {
                "accuracy": 0.0,
                "precision": 0.0,
                "recall": 0.0,
                "f1": 0.0
            },
            "time": 0.0
        }
    }
}