{
    "bgnn-agnn": {
        "mean": {
            "val": {
                "accuracy": 0.9658485889434815,
                "precision": 0.8214411616325379,
                "recall": 0.8388430118560791,
                "f1": 0.8232765793800354
            },
            "test": {
                "accuracy": 0.9654303908348083,
                "precision": 0.8329942226409912,
                "recall": 0.8286533832550049,
                "f1": 0.8245330691337586
            },
            "time": 84.74856319427491
        },
        "std": {
            "val": {
                "accuracy": 0.0012732195919391643,
                "precision": 0.012040049600298485,
                "recall": 0.008330661877692111,
                "f1": 0.006233619428233179
            },
            "test": {
                "accuracy": 0.0009232456617578192,
                "precision": 0.009665073292744622,
                "recall": 0.009096755190325755,
                "f1": 0.004805531097377062
            },
            "time": 10.401544872897171
        }
    }
}