{
  "loss": [
    [
      0.002034390578046441,
      0.19058237969875336,
      0.1814747154712677
    ],
    [
      0.0002900494437199086,
      0.17134559154510498,
      0.14966794848442078
    ],
    [
      0.00023544489522464573,
      0.14964711666107178,
      0.12998273968696594
    ],
    [
      0.0002166679478250444,
      0.15884140133857727,
      0.13161875307559967
    ],
    [
      0.00014020930393598974,
      0.17062465846538544,
      0.1383286863565445
    ],
    [
      8.907895244192332e-05,
      0.1705603003501892,
      0.1391468048095703
    ],
    [
      7.159524830058217e-05,
      0.15740187466144562,
      0.13305222988128662
    ],
    [
      6.444009341066703e-05,
      0.15133099257946014,
      0.12903399765491486
    ],
    [
      5.9255355154164135e-05,
      0.15777941048145294,
      0.13179300725460052
    ],
    [
      5.342323493096046e-05,
      0.16739338636398315,
      0.13900531828403473
    ],
    [
      4.995900235371664e-05,
      0.1801750212907791,
      0.1488497108221054
    ],
    [
      4.6461478632409126e-05,
      0.1904444694519043,
      0.15957042574882507
    ],
    [
      4.126277781324461e-05,
      0.21778719127178192,
      0.17871472239494324
    ],
    [
      4.553624239633791e-05,
      0.2376825213432312,
      0.19902554154396057
    ],
    [
      3.5793760616797954e-05,
      0.2952713668346405,
      0.24604611098766327
    ],
    [
      4.542170063359663e-05,
      0.27744272351264954,
      0.2392575740814209
    ],
    [
      3.422370718908496e-05,
      0.30408212542533875,
      0.255272775888443
    ],
    [
      4.7665685997344553e-05,
      0.24759508669376373,
      0.21270468831062317
    ],
    [
      3.677208223962225e-05,
      0.25402987003326416,
      0.20833806693553925
    ]
  ],
  "accuracy": [
    [
      0.9998205900192261,
      0.9430001974105835,
      0.9443668723106384
    ],
    [
      0.9998564720153809,
      0.9504581093788147,
      0.9541402459144592
    ],
    [
      0.9998564720153809,
      0.9602599740028381,
      0.9633766412734985
    ],
    [
      0.9998564720153809,
      0.9601534008979797,
      0.9655246734619141
    ],
    [
      0.9999282360076904,
      0.9601534008979797,
      0.9656320214271545
    ],
    [
      0.9999641180038452,
      0.9636693000793457,
      0.9656320214271545
    ],
    [
      0.9999641180038452,
      0.9649478197097778,
      0.9678874611854553
    ],
    [
      0.9999641180038452,
      0.9656935930252075,
      0.9693910479545593
    ],
    [
      0.9999641180038452,
      0.9654805064201355,
      0.9697132706642151
    ],
    [
      0.9999641180038452,
      0.9653739333152771,
      0.9686392545700073
    ],
    [
      0.9999641180038452,
      0.9649478197097778,
      0.9679948687553406
    ],
    [
      0.9999641180038452,
      0.9645216464996338,
      0.966598629951477
    ],
    [
      0.9999641180038452,
      0.962497353553772,
      0.9657394289970398
    ],
    [
      0.9999641180038452,
      0.9615384340286255,
      0.9639136791229248
    ],
    [
      0.9999641180038452,
      0.9583421945571899,
      0.9614434242248535
    ],
    [
      0.9999641180038452,
      0.9601534008979797,
      0.9621952772140503
    ],
    [
      0.9999641180038452,
      0.9579160213470459,
      0.960906445980072
    ],
    [
      0.9999641180038452,
      0.9630300402641296,
      0.965846836566925
    ],
    [
      0.9999641180038452,
      0.9632431268692017,
      0.9646654725074768
    ]
  ],
  "precision": [
    [
      1.0,
      0.7635327577590942,
      0.7688022255897522
    ],
    [
      1.0,
      0.8303303122520447,
      0.845151960849762
    ],
    [
      1.0,
      0.8490813374519348,
      0.8748335838317871
    ],
    [
      1.0,
      0.8416988253593445,
      0.8732394576072693
    ],
    [
      1.0,
      0.8461538553237915,
      0.876288652420044
    ],
    [
      1.0,
      0.8852459192276001,
      0.8903743028640747
    ],
    [
      1.0,
      0.8934426307678223,
      0.9027962684631348
    ],
    [
      1.0,
      0.8923283815383911,
      0.9088507294654846
    ],
    [
      1.0,
      0.8899328708648682,
      0.9113756418228149
    ],
    [
      1.0,
      0.8918918967247009,
      0.9058355689048767
    ],
    [
      1.0,
      0.8923705816268921,
      0.9094594717025757
    ],
    [
      1.0,
      0.8983286619186401,
      0.9056087732315063
    ],
    [
      1.0,
      0.8867132663726807,
      0.8979591727256775
    ],
    [
      1.0,
      0.8976607918739319,
      0.9034090638160706
    ],
    [
      1.0,
      0.8472973108291626,
      0.8580814599990845
    ],
    [
      1.0,
      0.8956781029701233,
      0.8999999761581421
    ],
    [
      1.0,
      0.8236040472984314,
      0.8358209133148193
    ],
    [
      1.0,
      0.8896648287773132,
      0.8970189690589905
    ],
    [
      1.0,
      0.8753350973129272,
      0.8728923201560974
    ]
  ],
  "recall": [
    [
      0.9981725215911865,
      0.5922651886940002,
      0.6106194853782654
    ],
    [
      0.9985380172729492,
      0.6110497117042542,
      0.6460176706314087
    ],
    [
      0.9985380172729492,
      0.7149171233177185,
      0.7267699241638184
    ],
    [
      0.9985380172729492,
      0.7226519584655762,
      0.7544247508049011
    ],
    [
      0.9992690086364746,
      0.7171270847320557,
      0.752212405204773
    ],
    [
      0.9996345043182373,
      0.7160220742225647,
      0.7367256879806519
    ],
    [
      0.9996345043182373,
      0.7226519584655762,
      0.75
    ],
    [
      0.9996345043182373,
      0.7325966954231262,
      0.76106196641922
    ],
    [
      0.9996345043182373,
      0.7325966954231262,
      0.7621681690216064
    ],
    [
      0.9996345043182373,
      0.7292817831039429,
      0.7555309534072876
    ],
    [
      0.9996345043182373,
      0.7237569093704224,
      0.7444690465927124
    ],
    [
      0.9996345043182373,
      0.7127071619033813,
      0.732300877571106
    ],
    [
      0.9996345043182373,
      0.7005524635314941,
      0.730088472366333
    ],
    [
      0.9996345043182373,
      0.6784530282020569,
      0.7035398483276367
    ],
    [
      0.9996345043182373,
      0.6928176879882812,
      0.7223451137542725
    ],
    [
      0.9996345043182373,
      0.6640883684158325,
      0.6869469285011292
    ],
    [
      0.9996345043182373,
      0.7171270847320557,
      0.7433628439903259
    ],
    [
      0.9996345043182373,
      0.7038673758506775,
      0.732300877571106
    ],
    [
      0.9996345043182373,
      0.7215469479560852,
      0.7444690465927124
    ]
  ],