{
  "loss": [
    [
      0.08135097473859787,
      0.23979134857654572,
      0.22938628494739532
    ],
    [
      0.06809069961309433,
      0.19979125261306763,
      0.18748871982097626
    ],
    [
      0.0680931881070137,
      0.20929428935050964,
      0.18568363785743713
    ],
    [
      0.06805469840765,
      0.23854310810565948,
      0.2103661596775055
    ],
    [
      0.06804697215557098,
      0.22123253345489502,
      0.19663378596305847
    ],
    [
      0.06809619069099426,
      0.21282656490802765,
      0.18598672747612
    ],
    [
      0.06812413781881332,
      0.1970866471529007,
      0.17361082136631012
    ],
    [
      0.06814207136631012,
      0.18197186291217804,
      0.160299614071846
    ],
    [
      0.0683404952287674,
      0.17083151638507843,
      0.15140123665332794
    ],
    [
      0.06844133883714676,
      0.16386334598064423,
      0.1468898206949234
    ],
    [
      0.06845173984766006,
      0.16065625846385956,
      0.14431476593017578
    ],
    [
      0.06843831390142441,
      0.15856526792049408,
      0.143404021859169
    ]
  ],
  "accuracy": [
    [
      0.9018911123275757,
      0.9035797715187073,
      0.9029105305671692
    ],
    [
      0.9018911123275757,
      0.9035797715187073,
      0.9029105305671692
    ],
    [
      0.9018911123275757,
      0.9035797715187073,
      0.9029105305671692
    ],
    [
      0.9018911123275757,
      0.9035797715187073,
      0.9029105305671692
    ],
    [
      0.9018911123275757,
      0.9035797715187073,
      0.9029105305671692
    ],
    [
      0.9018911123275757,
      0.9035797715187073,
      0.9029105305671692
    ],
    [
      0.9018911123275757,
      0.9035797715187073,
      0.9029105305671692
    ],
    [
      0.9018911123275757,
      0.9035797715187073,
      0.9029105305671692
    ],
    [
      0.9018911123275757,
      0.9035797715187073,
      0.9029105305671692
    ],
    [
      0.9018911123275757,
      0.9035797715187073,
      0.9029105305671692
    ],
    [
      0.9018911123275757,
      0.9035797715187073,
      0.9029105305671692
    ],
    [
      0.9018911123275757,
      0.9035797715187073,
      0.9029105305671692
    ]
  ],
  "precision": [
    [
      1.0,
      0.0,
      0.0
    ],
    [
      1.0,
      0.0,
      0.0
    ],
    [
      1.0,
      0.0,
      0.0
    ],
    [
      1.0,
      0.0,
      0.0
    ],
    [
      1.0,
      0.0,
      0.0
    ],
    [
      1.0,
      0.0,
      0.0
    ],
    [
      1.0,
      0.0,
      0.0
    ],
    [
      1.0,
      0.0,
      0.0
    ],
    [
      1.0,
      0.0,
      0.0
    ],
    [
      1.0,
      0.0,
      0.0
    ],
    [
      1.0,
      0.0,
      0.0
    ],
    [
      1.0,
      0.0,
      0.0
    ]
  ],
  "recall": [
    [
      0.0007309941574931145,
      0.0,
      0.0
    ],
    [
      0.0007309941574931145,
      0.0,
      0.0
    ],
    [
      0.0007309941574931145,
      0.0,
      0.0
    ],
    [
      0.0007309941574931145,
      0.0,
      0.0
    ],
    [
      0.0007309941574931145,
      0.0,
      0.0
    ],
    [
      0.0007309941574931145,
      0.0,
      0.0
    ],
    [
      0.0007309941574931145,
      0.0,
      0.0
    ],
    [
      0.0007309941574931145,
      0.0,
      0.0
    ],
    [
      0.0007309941574931145,
      0.0,
      0.0
    ],
    [
      0.0007309941574931145,
      0.0,
      0.0
    ],
    [
      0.0007309941574931145,
      0.0,
      0.0
    ],
    [
      0.0007309941574931145,
      0.0,
      0.0
    ]
  ],
  "f1": [
    [
      0.0014609204372391105,
      0.0,
      0.0
    ],
    [
      0.0014609204372391105,
      0.0,
      0.0
    ],
    [
      0.0014609204372391105,
      0.0,
      0.0
    ],
    [
      0.0014609204372391105,
      0.0,
      0.0
    ],
    [
      0.0014609204372391105,
      0.0,
      0.0
    ],
    [
      0.0014609204372391105,
      0.0,
      0.0
    ],
    [
      0.0014609204372391105,
      0.0,
      0.0
    ],
    [
      0.0014609204372391105,
      0.0,
      0.0
    ],
    [
      0.0014609204372391105,
      0.0,
      0.0
    ],
    [
      0.0014609204372391105,
      0.0,
      0.0
    ],
    [
      0.0014609204372391105,
      0.0,
      0.0
    ],
    [
      0.0014609204372391105,
      0.0,
      0.0
    ]
  ],
  "auc": [
    [
      0.5003654956817627,
      0.5,
      0.5
    ],
    [
      0.5003654956817627,
      0.5,
      0.5
    ],
    [
      0.5003654956817627,
      0.5,
      0.5
    ],
    [
      0.5003654956817627,
      0.5,
      0.5
    ],
    [
      0.5003654956817627,
      0.5,
      0.5
    ],
    [
      0.5003654956817627,
      0.5,
      0.5
    ],
    [
      0.5003654956817627,
      0.5,
      0.5
    ],
    [
      0.5003654956817627,
      0.5,
      0.5
    ],
    [
      0.5003654956817627,
      0.5,
      0.5
    ],
    [
      0.5003654956817627,
      0.5,
      0.5
    ],
    [
      0.5003654956817627,
      0.5,
      0.5
    ],
    [
      0.5003654956817627,
      0.5,
      0.5
    ]
  ]
}