{
  "loss": [
    [
      0.004057408310472965,
      0.18232932686805725,
      0.18898726999759674
    ],
    [
      0.0005431720637716353,
      0.15532203018665314,
      0.16537439823150635
    ],
    [
      0.00040639625512994826,
      0.1381172239780426,
      0.14859962463378906
    ],
    [
      0.0002826495619956404,
      0.13056011497974396,
      0.1433904767036438
    ],
    [
      0.00020717538427561522,
      0.13093453645706177,
      0.14337517321109772
    ],
    [
      0.00015702555538155138,
      0.13437023758888245,
      0.14629137516021729
    ],
    [
      0.0001241457648575306,
      0.1397387981414795,
      0.150934636592865
    ],
    [
      0.00010191916226176545,
      0.1465332955121994,
      0.15639105439186096
    ],
    [
      8.668113150633872e-05,
      0.15647199749946594,
      0.16549350321292877
    ],
    [
      7.611959881614894e-05,
      0.17323991656303406,
      0.18073946237564087
    ],
    [
      7.021985220490023e-05,
      0.20360587537288666,
      0.20952235162258148
    ],
    [
      6.788368773413822e-05,
      0.24457305669784546,
      0.2506413161754608
    ],
    [
      6.118913006503135e-05,
      0.27320873737335205,
      0.2778911292552948
    ],
    [
      6.836793181719258e-05,
      0.3231082260608673,
      0.32631054520606995
    ],
    [
      5.129614510224201e-05,
      0.2892507016658783,
      0.30042722821235657
    ],
    [
      6.750650209141895e-05,
      0.26821354031562805,
      0.28038257360458374
    ],
    [
      6.099060919950716e-05,
      0.2395476996898651,
      0.2503422200679779
    ],
    [
      6.088662485126406e-05,
      0.2018284648656845,
      0.22317734360694885
    ]
  ],
  "accuracy": [
    [
      0.9999642968177795,
      0.9418957233428955,
      0.9424213171005249
    ],
    [
      1.0,
      0.9532568454742432,
      0.9526264667510986
    ],
    [
      1.0,
      0.9610474109649658,
      0.9596089720726013
    ],
    [
      1.0,
      0.9650508761405945,
      0.9629390835762024
    ],
    [
      1.0,
      0.9663493037223816,
      0.9631539583206177
    ],
    [
      1.0,
      0.9667820930480957,
      0.9645504355430603
    ],
    [
      1.0,
      0.9671066999435425,
      0.964335560798645
    ],
    [
      1.0,
      0.9667820930480957,
      0.9647653102874756
    ],
    [
      1.0,
      0.966890275478363,
      0.9651950001716614
    ],
    [
      1.0,
      0.9660246968269348,
      0.9641207456588745
    ],
    [
      1.0,
      0.963968813419342,
      0.9617574214935303
    ],
    [
      1.0,
      0.9600735902786255,
      0.9581050872802734
    ],
    [
      1.0,
      0.9582341313362122,
      0.9563862681388855
    ],
    [
      1.0,
      0.9562864899635315,
      0.9548823833465576
    ],
    [
      1.0,
      0.959857165813446,
      0.9568159580230713
    ],
    [
      1.0,
      0.9608309864997864,
      0.958856999874115
    ],
    [
      1.0,
      0.9635360240936279,
      0.9613277316093445
    ],
    [
      1.0,
      0.9664574861526489,
      0.9642281532287598
    ]
  ],
  "precision": [
    [
      0.9996417164802551,
      0.780969500541687,
      0.7980613708496094
    ],
    [
      1.0,
      0.8591065406799316,
      0.841176450252533
    ],
    [
      1.0,
      0.8804348111152649,
      0.864827573299408
    ],
    [
      1.0,
      0.8802309036254883,
      0.8773584961891174
    ],
    [
      1.0,
      0.8888888955116272,
      0.8716931343078613
    ],
    [
      1.0,
      0.8906474709510803,
      0.8797886371612549
    ],
    [
      1.0,
      0.8991228342056274,
      0.8814913630485535
    ],
    [
      1.0,
      0.9010339975357056,
      0.8851802349090576
    ],
    [
      1.0,
      0.9059701561927795,
      0.8952381014823914
    ],
    [
      1.0,
      0.9085366129875183,
      0.8970792889595032
    ],
    [
      1.0,
      0.9020217657089233,
      0.8927038908004761
    ],
    [
      1.0,
      0.8910568952560425,
      0.8803545236587524
    ],
    [
      1.0,
      0.8790849447250366,
      0.8685376644134521
    ],
    [
      1.0,
      0.884482741355896,
      0.8771384358406067
    ],
    [
      1.0,
      0.8759811520576477,
      0.8567376136779785
    ],
    [
      1.0,
      0.8777089715003967,
      0.8686440587043762
    ],
    [
      1.0,
      0.8834080696105957,
      0.8667563796043396
    ],
    [
      1.0,
      0.8824362754821777,
      0.8676092624664307
    ]
  ],
  "recall": [
    [
      1.0,
      0.5117647051811218,
      0.5458563566207886
    ],
    [
      1.0,
      0.5882353186607361,
      0.6320441961288452
    ],
    [
      1.0,
      0.6670588254928589,
      0.6928176879882812
    ],
    [
      1.0,
      0.7176470756530762,
      0.7193370461463928
    ],
    [
      1.0,
      0.7247058749198914,
      0.7281767725944519
    ],
    [
      1.0,
      0.7282353043556213,
      0.7359116077423096
    ],
    [
      1.0,
      0.7235293984413147,
      0.7314916849136353
    ],
    [
      1.0,
      0.7176470756530762,
      0.7325966954231262
    ],
    [
      1.0,
      0.7141176462173462,
      0.7270718216896057
    ],
    [
      1.0,
      0.7011764645576477,
      0.7127071619033813
    ],
    [
      1.0,
      0.6823529601097107,
      0.6895027756690979
    ],
    [
      1.0,
      0.6447058916091919,
      0.6585635542869568
    ],
    [
      1.0,
      0.6329411864280701,
      0.6497237682342529
    ],
    [
      1.0,
      0.6035293936729431,
      0.6232044100761414
    ],
    [
      1.0,
      0.6564705967903137,
      0.6674033403396606
    ],
    [
      1.0,
      0.6670588254928589,
      0.6795580387115479
    ],
    [
      1.0,
      0.6952941417694092,
      0.7116022109985352
    ],
    [
      1.0,
      0.7329411506652832,
      0.7458563446998596
    ]
  ],
  "f1": [
    [
      0.9998208284378052,
      0.6183369159698486,
      0.6482939720153809
    ],
    [
      1.0,
      0.6983240246772766,
      0.7217665910720825
    ],
    [
      1.0,
      0.759036123752594,
      0.7693251371383667
    ],
    [
      1.0,
      0.7906675338745117,
      0.7905282378196716
    ],
    [
      1.0,
      0.7984445691108704,
      0.7934979200363159
    ],
    [
      1.0,
      0.8012945055961609,
      0.8014440536499023
    ],
    [
      1.0,
      0.8018252849578857,
      0.7995169162750244
    ],
    [
      1.0,
      0.7989522218704224,
      0.8016928434371948
    ],
    [
      1.0,
      0.7986842393875122,
      0.8024390339851379
    ],
    [
      1.0,
      0.7915006875991821,
      0.7943349480628967
    ],
    [
      1.0,
      0.7769591212272644,
      0.7780548334121704
    ],
    [
      1.0,
      0.7481228709220886,
      0.753476619720459
    ],
    [
      1.0,
      0.7359781265258789,
      0.7433628439903259
    ],
    [
      1.0,
      0.7174825072288513,
      0.7286821603775024
    ],
    [
      1.0,
      0.7505043745040894,
      0.7503105401992798
    ],
    [
      1.0,
      0.7580214142799377,
      0.7625542283058167
    ],
    [
      1.0,
      0.7781435251235962,
      0.7815533876419067
    ],
    [
      1.0,
      0.8007712364196777,
      0.8021390438079834
    ]
  ],