{
  "loss": [
    [
      0.007856802083551884,
      0.1683812439441681,
      0.17642144858837128
    ],
    [
      0.0005267101805657148,
      0.15106619894504547,
      0.16349798440933228
    ],
    [
      0.0004181670374237001,
      0.13327938318252563,
      0.14649130403995514
    ],
    [
      0.00036079547135159373,
      0.12939326465129852,
      0.14213809370994568
    ],
    [
      0.00019065255764871836,
      0.1329738348722458,
      0.14502562582492828
    ],
    [
      0.00013702338037546724,
      0.13769690692424774,
      0.15046918392181396
    ],
    [
      0.00011555456148926169,
      0.13675285875797272,
      0.14980711042881012
    ],
    [
      9.823010623222217e-05,
      0.1322554498910904,
      0.1449301540851593
    ],
    [
      8.559889101888984e-05,
      0.13027581572532654,
      0.14180965721607208
    ],
    [
      7.573698530904949e-05,
      0.1323118954896927,
      0.14330251514911652
    ],
    [
      7.131134043447673e-05,
      0.14062735438346863,
      0.15048712491989136
    ],
    [
      6.687598943244666e-05,
      0.15008080005645752,
      0.16290538012981415
    ],
    [
      5.937528476351872e-05,
      0.15391917526721954,
      0.16462136805057526
    ],
    [
      6.127701635705307e-05,
      0.16342957317829132,
      0.1775706559419632
    ],
    [
      5.3126568673178554e-05,
      0.1906495839357376,
      0.20186926424503326
    ],
    [
      6.194826710270718e-05,
      0.22406639158725739,
      0.23708486557006836
    ],
    [
      4.619060200639069e-05,
      0.22354130446910858,
      0.233124241232872
    ],
    [
      6.47747001494281e-05,
      0.23249797523021698,
      0.25686749815940857
    ],
    [
      4.060611900058575e-05,
      0.21056976914405823,
      0.23132097721099854
    ],
    [
      6.615785969188437e-05,
      0.2070213109254837,
      0.2317795604467392
    ]
  ],
  "accuracy": [
    [
      0.9988933801651001,
      0.9489288330078125,
      0.9494038224220276
    ],
    [
      0.9997501373291016,
      0.9554209113121033,
      0.9515522718429565
    ],
    [
      0.9997501373291016,
      0.9625622034072876,
      0.9600386619567871
    ],
    [
      0.9997501373291016,
      0.964834451675415,
      0.9639058709144592
    ],
    [
      0.9999285936355591,
      0.9653754830360413,
      0.9629390835762024
    ],
    [
      0.9999642968177795,
      0.965700089931488,
      0.9627242684364319
    ],
    [
      0.9999642968177795,
      0.967755913734436,
      0.9645504355430603
    ],
    [
      0.9999642968177795,
      0.9691625237464905,
      0.966054379940033
    ],
    [
      0.9999642968177795,
      0.9699199199676514,
      0.9673434495925903
    ],
    [
      0.9999642968177795,
      0.9690543413162231,
      0.9672359824180603
    ],
    [
      0.9999642968177795,
      0.9686214923858643,
      0.9676656723022461
    ],
    [
      0.9999642968177795,
      0.9687297344207764,
      0.966591477394104
    ],
    [
      0.9999642968177795,
      0.9686214923858643,
      0.966591477394104
    ],
    [
      0.9999642968177795,
      0.9684051275253296,
      0.9663766026496887
    ],
    [
      0.9999642968177795,
      0.9663493037223816,
      0.9627242684364319
    ],
    [
      0.9999642968177795,
      0.9621294140815735,
      0.9607906341552734
    ],
    [
      0.9999642968177795,
      0.9647262692451477,
      0.961112916469574
    ],
    [
      0.9999642968177795,
      0.9634278416633606,
      0.9624019861221313
    ],
    [
      0.9999642968177795,
      0.9638606309890747,
      0.9597163796424866
    ],
    [
      0.9999642968177795,
      0.9664574861526489,
      0.9651950001716614
    ]
  ],
  "precision": [
    [
      1.0,
      0.8315789699554443,
      0.8545751571655273
    ],
    [
      1.0,
      0.8454258441925049,
      0.8206214904785156
    ],
    [
      1.0,
      0.8579545617103577,
      0.8474576473236084
    ],
    [
      1.0,
      0.870239794254303,
      0.8738502264022827
    ],
    [
      1.0,
      0.8701117038726807,
      0.8598971962928772
    ],
    [
      1.0,
      0.8780142068862915,
      0.8595361113548279
    ],
    [
      1.0,
      0.9023323655128479,
      0.8797886371612549
    ],
    [
      1.0,
      0.9088277816772461,
      0.8900662064552307
    ],
    [
      1.0,
      0.9074074029922485,
      0.8938401341438293
    ],
    [
      1.0,
      0.8983050584793091,
      0.8865979313850403
    ],
    [
      1.0,
      0.9034582376480103,
      0.8994709253311157
    ],
    [
      1.0,
      0.9131075143814087,
      0.9002695679664612
    ],
    [
      1.0,
      0.9142012000083923,
      0.9035326242446899
    ],
    [
      1.0,
      0.9189189076423645,
      0.908839762210846
    ],
    [
      1.0,
      0.8992592692375183,
      0.8832417726516724
    ],
    [
      1.0,
      0.9032257795333862,
      0.8958944082260132
    ],
    [
      1.0,
      0.867977499961853,
      0.8521400690078735
    ],
    [
      1.0,
      0.8975155353546143,
      0.8958630561828613
    ],
    [
      1.0,
      0.8193069100379944,
      0.8038991093635559
    ],
    [
      1.0,
      0.9054054021835327,
      0.9029126167297363
    ]
  ],
  "recall": [
    [
      0.9888888597488403,
      0.5576470494270325,
      0.5779005289077759
    ],
    [
      0.9974910616874695,
      0.6305882334709167,
      0.6419889330863953
    ],
    [
      0.9974910616874695,
      0.7105882167816162,
      0.7182320356369019
    ],
    [
      0.9974910616874695,
      0.725882351398468,
      0.7348066568374634
    ],
    [
      0.9992831349372864,
      0.7329411506652832,
      0.7392265200614929
    ],
    [
      0.9996415972709656,
      0.7282353043556213,
      0.7370165586471558
    ],
    [
      0.9996415972709656,
      0.7282353043556213,
      0.7359116077423096
    ],
    [
      0.9996415972709656,
      0.7388235330581665,
      0.7425414323806763
    ],
    [
      0.9996415972709656,
      0.7494117617607117,
      0.7535911798477173
    ],
    [
      0.9996415972709656,
      0.748235285282135,
      0.760221004486084
    ],
    [
      0.9996415972709656,
      0.7376470565795898,
      0.7513812184333801
    ],
    [
      0.9996415972709656,
      0.729411780834198,
      0.7381215691566467
    ],
    [
      0.9996415972709656,
      0.7270588278770447,
      0.7348066568374634
    ],
    [
      0.9996415972709656,
      0.7200000286102295,
      0.7270718216896057
    ],
    [
      0.9996415972709656,
      0.7141176462173462,
      0.710497260093689
    ],
    [
      0.9996415972709656,
      0.658823549747467,
      0.6751381158828735
    ],
    [
      0.9996415972709656,
      0.7270588278770447,
      0.7259668707847595
    ],
    [
      0.9996415972709656,
      0.6800000071525574,
      0.6939226388931274
    ],
    [
      0.9996415972709656,
      0.7788235545158386,
      0.7745856642723083
    ],
    [
      0.9996415972709656,
      0.7094117403030396,
      0.7193370461463928
    ]
  ],