{
  "loss": [
    [
      0.0036134137772023678,
      0.2073291689157486,
      0.21805422008037567
    ],
    [
      0.0003546649240888655,
      0.17721818387508392,
      0.18983934819698334
    ],
    [
      0.0002008340525208041,
      0.13220882415771484,
      0.15252642333507538
    ],
    [
      0.00015623784565832466,
      0.1320086419582367,
      0.14602908492088318
    ],
    [
      0.00010666930756997317,
      0.13617870211601257,
      0.149608314037323
    ],
    [
      8.606808842159808e-05,
      0.13543114066123962,
      0.14978274703025818
    ],
    [
      7.156378705985844e-05,
      0.13239729404449463,
      0.148239865899086
    ],
    [
      5.9674042859114707e-05,
      0.1271691918373108,
      0.14474330842494965
    ],
    [
      4.8834477638592944e-05,
      0.12434305995702744,
      0.14139237999916077
    ],
    [
      4.28732528234832e-05,
      0.1294099986553192,
      0.14559397101402283
    ],
    [
      3.939434827771038e-05,
      0.1389680653810501,
      0.15552927553653717
    ],
    [
      3.560083860065788e-05,
      0.14730985462665558,
      0.16570349037647247
    ],
    [
      3.2027997804107144e-05,
      0.15415474772453308,
      0.17222069203853607
    ],
    [
      3.311731416033581e-05,
      0.17272929847240448,
      0.18999961018562317
    ],
    [
      2.5515430024825037e-05,
      0.18247370421886444,
      0.19999636709690094
    ],
    [
      3.0272280127974227e-05,
      0.2374628633260727,
      0.25268134474754333
    ],
    [
      2.866566865122877e-05,
      0.3759273886680603,
      0.40136539936065674
    ],
    [
      1.4998953702161089e-05,
      0.2778845727443695,
      0.29077982902526855
    ],
    [
      4.722226731246337e-05,
      0.22962968051433563,
      0.26833754777908325
    ],
    [
      1.7608419511816464e-05,
      0.1800244301557541,
      0.19834686815738678
    ]
  ],
  "accuracy": [
    [
      0.999785840511322,
      0.9336723685264587,
      0.9314641952514648
    ],
    [
      1.0,
      0.9497944116592407,
      0.9499409198760986
    ],
    [
      1.0,
      0.9624540209770203,
      0.9599312543869019
    ],
    [
      1.0,
      0.9652672410011292,
      0.9629390835762024
    ],
    [
      1.0,
      0.964834451675415,
      0.9632613658905029
    ],
    [
      1.0,
      0.9661328792572021,
      0.9636910557746887
    ],
    [
      1.0,
      0.9679722785949707,
      0.9649801254272461
    ],
    [
      1.0,
      0.9695953130722046,
      0.9663766026496887
    ],
    [
      1.0,
      0.969811737537384,
      0.967128574848175
    ],
    [
      1.0,
      0.9694871306419373,
      0.9672359824180603
    ],
    [
      1.0,
      0.9686214923858643,
      0.9670211672782898
    ],
    [
      1.0,
      0.9679722785949707,
      0.966054379940033
    ],
    [
      1.0,
      0.9673230648040771,
      0.9654098153114319
    ],
    [
      1.0,
      0.9661328792572021,
      0.9647653102874756
    ],
    [
      1.0,
      0.9662410616874695,
      0.9624019861221313
    ],
    [
      1.0,
      0.9599653482437134,
      0.9592866897583008
    ],
    [
      1.0,
      0.9539060592651367,
      0.951229989528656
    ],
    [
      1.0,
      0.9625622034072876,
      0.9576753973960876
    ],
    [
      1.0,
      0.9645098447799683,
      0.9625093936920166
    ],
    [
      1.0,
      0.9680805206298828,
      0.9639058709144592
    ]
  ],
  "precision": [
    [
      1.0,
      0.6405693888664246,
      0.6484983563423157
    ],
    [
      1.0,
      0.8814229369163513,
      0.8739352822303772
    ],
    [
      1.0,
      0.8459421992301941,
      0.8350126147270203
    ],
    [
      1.0,
      0.9218500852584839,
      0.9011461138725281
    ],
    [
      1.0,
      0.8581173419952393,
      0.8558786511421204
    ],
    [
      1.0,
      0.8633288145065308,
      0.8539325594902039
    ],
    [
      1.0,
      0.8912429213523865,
      0.8754863739013672
    ],
    [
      1.0,
      0.9129172563552856,
      0.8884514570236206
    ],
    [
      1.0,
      0.9119769334793091,
      0.8956406712532043
    ],
    [
      1.0,
      0.9115942120552063,
      0.8978779911994934
    ],
    [
      1.0,
      0.9142012000083923,
      0.9040540456771851
    ],
    [
      1.0,
      0.9134328365325928,
      0.9006802439689636
    ],
    [
      1.0,
      0.9077380895614624,
      0.89552241563797
    ],
    [
      1.0,
      0.9086757898330688,
      0.9001386761665344
    ],
    [
      1.0,
      0.9088146090507507,
      0.8838174343109131
    ],
    [
      1.0,
      0.9026845693588257,
      0.8984848260879517
    ],
    [
      1.0,
      0.8642611503601074,
      0.8474576473236084
    ],
    [
      1.0,
      0.8684210777282715,
      0.8357424736022949
    ],
    [
      1.0,
      0.8895522356033325,
      0.8850415349006653
    ],
    [
      1.0,
      0.846441924571991,
      0.831199049949646
    ]
  ],
  "recall": [
    [
      0.9978494644165039,
      0.6352941393852234,
      0.6441988945007324
    ],
    [
      1.0,
      0.5247058868408203,
      0.5668508410453796
    ],
    [
      1.0,
      0.7235293984413147,
      0.7325966954231262
    ],
    [
      1.0,
      0.6800000071525574,
      0.6950276494026184
    ],
    [
      1.0,
      0.7400000095367432,
      0.7480663061141968
    ],
    [
      1.0,
      0.7505882382392883,
      0.7558010816574097
    ],
    [
      1.0,
      0.7423529624938965,
      0.7458563446998596
    ],
    [
      1.0,
      0.7400000095367432,
      0.7480663061141968
    ],
    [
      1.0,
      0.7435294389724731,
      0.749171257019043
    ],
    [
      1.0,
      0.7400000095367432,
      0.7480663061141968
    ],
    [
      1.0,
      0.7270588278770447,
      0.7392265200614929
    ],
    [
      1.0,
      0.7200000286102295,
      0.7314916849136353
    ],
    [
      1.0,
      0.7176470756530762,
      0.7292817831039429
    ],
    [
      1.0,
      0.7023529410362244,
      0.7171270847320557
    ],
    [
      1.0,
      0.703529417514801,
      0.7060773372650146
    ],
    [
      1.0,
      0.6329411864280701,
      0.6552486419677734
    ],
    [
      1.0,
      0.5917646884918213,
      0.6077347993850708
    ],
    [
      1.0,
      0.6988235116004944,
      0.7027624249458313
    ],
    [
      1.0,
      0.7011764645576477,
      0.7060773372650146
    ],
    [
      1.0,
      0.7976470589637756,
      0.7889502644538879
    ]
  ],