{
  "loss": [
    [
      0.09045428037643433,
      0.24839770793914795,
      0.25559312105178833
    ],
    [
      0.06970112770795822,
      0.25452372431755066,
      0.26481837034225464
    ],
    [
      0.06942318379878998,
      0.21268929541110992,
      0.2210233211517334
    ],
    [
      0.06923946738243103,
      0.2259959727525711,
      0.23364195227622986
    ],
    [
      0.06919582188129425,
      0.2119722068309784,
      0.2216162532567978
    ],
    [
      0.0691785216331482,
      0.1964779943227768,
      0.207159161567688
    ],
    [
      0.06921287626028061,
      0.18764130771160126,
      0.1998283863067627
    ],
    [
      0.06921952962875366,
      0.17485088109970093,
      0.1888817548751831
    ],
    [
      0.0692366287112236,
      0.16518862545490265,
      0.18017233908176422
    ],
    [
      0.06928383558988571,
      0.15790775418281555,
      0.1740953028202057
    ],
    [
      0.06936246901750565,
      0.1535797268152237,
      0.1693916916847229
    ],
    [
      0.06935146450996399,
      0.15247905254364014,
      0.16768349707126617
    ],
    [
      0.06947382539510727,
      0.15011043846607208,
      0.16472341120243073
    ],
    [
      0.0695740282535553,
      0.15030144155025482,
      0.16413022577762604
    ],
    [
      0.06954708695411682,
      0.15028011798858643,
      0.1643781214952469
    ],
    [
      0.06954871118068695,
      0.150510773062706,
      0.16453787684440613
    ],
    [
      0.06954184174537659,
      0.15037760138511658,
      0.16362042725086212
    ],
    [
      0.06956752389669418,
      0.15041589736938477,
      0.16299769282341003
    ],
    [
      0.06960669904947281,
      0.14928609132766724,
      0.16205352544784546
    ],
    [
      0.06962078809738159,
      0.150618776679039,
      0.16301189363002777
    ],
    [
      0.06961455941200256,
      0.15302851796150208,
      0.16521354019641876
    ]
  ],
  "accuracy": [
    [
      0.9004747867584229,
      0.9080285429954529,
      0.9027822613716125
    ],
    [
      0.9005104899406433,
      0.9080285429954529,
      0.9027822613716125
    ],
    [
      0.9004747867584229,
      0.9080285429954529,
      0.9027822613716125
    ],
    [
      0.9005104899406433,
      0.9080285429954529,
      0.9027822613716125
    ],
    [
      0.9005104899406433,
      0.9080285429954529,
      0.9027822613716125
    ],
    [
      0.9005104899406433,
      0.9080285429954529,
      0.9027822613716125
    ],
    [
      0.9005104899406433,
      0.9080285429954529,
      0.9027822613716125
    ],
    [
      0.9005104899406433,
      0.9080285429954529,
      0.9027822613716125
    ],
    [
      0.9005104899406433,
      0.9080285429954529,
      0.9027822613716125
    ],
    [
      0.9005104899406433,
      0.908136785030365,
      0.9027822613716125
    ],
    [
      0.9005104899406433,
      0.908136785030365,
      0.9027822613716125
    ],
    [
      0.9005104899406433,
      0.908136785030365,
      0.9027822613716125
    ],
    [
      0.9005104899406433,
      0.908136785030365,
      0.9027822613716125
    ],
    [
      0.9005104899406433,
      0.908136785030365,
      0.9027822613716125
    ],
    [
      0.9005104899406433,
      0.908136785030365,
      0.9027822613716125
    ],
    [
      0.9005104899406433,
      0.908136785030365,
      0.9027822613716125
    ],
    [
      0.9005104899406433,
      0.908136785030365,
      0.9027822613716125
    ],
    [
      0.9005104899406433,
      0.908136785030365,
      0.9027822613716125
    ],
    [
      0.9005104899406433,
      0.9080285429954529,
      0.9027822613716125
    ],
    [
      0.9005104899406433,
      0.9080285429954529,
      0.9027822613716125
    ],
    [
      0.9005104899406433,
      0.9080285429954529,
      0.9027822613716125
    ]
  ],
  "precision": [
    [
      1.0,
      0.0,
      0.0
    ],
    [
      1.0,
      0.0,
      0.0
    ],
    [
      1.0,
      0.0,
      0.0
    ],
    [
      1.0,
      0.0,
      0.0
    ],
    [
      1.0,
      0.0,
      0.0
    ],
    [
      1.0,
      0.0,
      0.0
    ],
    [
      1.0,
      0.0,
      0.0
    ],
    [
      1.0,
      0.0,
      0.0
    ],
    [
      1.0,
      0.0,
      0.0
    ],
    [
      1.0,
      1.0,
      0.0
    ],
    [
      1.0,
      1.0,
      0.0
    ],
    [
      1.0,
      1.0,
      0.0
    ],
    [
      1.0,
      1.0,
      0.0
    ],
    [
      1.0,
      1.0,
      0.0
    ],
    [
      1.0,
      1.0,
      0.0
    ],
    [
      1.0,
      1.0,
      0.0
    ],
    [
      1.0,
      1.0,
      0.0
    ],
    [
      1.0,
      1.0,
      0.0
    ],
    [
      1.0,
      0.0,
      0.0
    ],
    [
      1.0,
      0.0,
      0.0
    ],
    [
      1.0,
      0.0,
      0.0
    ]
  ],
  "recall": [
    [
      0.0007168458541855216,
      0.0,
      0.0
    ],
    [
      0.0010752688394859433,
      0.0,
      0.0
    ],
    [
      0.0007168458541855216,
      0.0,
      0.0
    ],
    [
      0.0010752688394859433,
      0.0,
      0.0
    ],
    [
      0.0010752688394859433,
      0.0,
      0.0
    ],
    [
      0.0010752688394859433,
      0.0,
      0.0
    ],
    [
      0.0010752688394859433,
      0.0,
      0.0
    ],
    [
      0.0010752688394859433,
      0.0,
      0.0
    ],
    [
      0.0010752688394859433,
      0.0,
      0.0
    ],
    [
      0.0010752688394859433,
      0.001176470541395247,
      0.0
    ],
    [
      0.0010752688394859433,
      0.001176470541395247,
      0.0
    ],
    [
      0.0010752688394859433,
      0.001176470541395247,
      0.0
    ],
    [
      0.0010752688394859433,
      0.001176470541395247,
      0.0
    ],
    [
      0.0010752688394859433,
      0.001176470541395247,
      0.0
    ],
    [
      0.0010752688394859433,
      0.001176470541395247,
      0.0
    ],
    [
      0.0010752688394859433,
      0.001176470541395247,
      0.0
    ],
    [
      0.0010752688394859433,
      0.001176470541395247,
      0.0
    ],
    [
      0.0010752688394859433,
      0.001176470541395247,
      0.0
    ],
    [
      0.0010752688394859433,
      0.0,
      0.0
    ],
    [
      0.0010752688394859433,
      0.0,
      0.0
    ],
    [
      0.0010752688394859433,
      0.0,
      0.0
    ]
  ],
  "f1": [
    [
      0.0014326648088172078,
      0.0,
      0.0
    ],
    [
      0.0021482277661561966,
      0.0,
      0.0
    ],
    [
      0.0014326648088172078,
      0.0,
      0.0
    ],
    [
      0.0021482277661561966,
      0.0,
      0.0
    ],
    [
      0.0021482277661561966,
      0.0,
      0.0
    ],
    [
      0.0021482277661561966,
      0.0,
      0.0
    ],
    [
      0.0021482277661561966,
      0.0,
      0.0
    ],
    [
      0.0021482277661561966,
      0.0,
      0.0
    ],
    [
      0.0021482277661561966,
      0.0,
      0.0
    ],
    [
      0.0021482277661561966,
      0.0023501762188971043,
      0.0
    ],
    [
      0.0021482277661561966,
      0.0023501762188971043,
      0.0
    ],
    [
      0.0021482277661561966,
      0.0023501762188971043,
      0.0
    ],
    [
      0.0021482277661561966,
      0.0023501762188971043,
      0.0
    ],
    [
      0.0021482277661561966,
      0.0023501762188971043,
      0.0
    ],
    [
      0.0021482277661561966,
      0.0023501762188971043,
      0.0
    ],
    [
      0.0021482277661561966,
      0.0023501762188971043,
      0.0
    ],
    [
      0.0021482277661561966,
      0.0023501762188971043,
      0.0
    ],
    [
      0.0021482277661561966,
      0.0023501762188971043,
      0.0
    ],
    [
      0.0021482277661561966,
      0.0,
      0.0
    ],
    [
      0.0021482277661561966,
      0.0,
      0.0
    ],
    [
      0.0021482277661561966,
      0.0,
      0.0
    ]
  ],