{
  "loss": [
    [
      0.007130569778382778,
      0.15046192705631256,
      0.1567177027463913
    ],
    [
      0.00012743101979140192,
      0.14279648661613464,
      0.1573764830827713
    ],
    [
      0.00010015910083893687,
      0.13540394604206085,
      0.1492781639099121
    ],
    [
      8.009133307496086e-05,
      0.1316314935684204,
      0.1443682461977005
    ],
    [
      4.9957798182731494e-05,
      0.1458352506160736,
      0.15904293954372406
    ],
    [
      3.5022705560550094e-05,
      0.15231460332870483,
      0.16687682271003723
    ],
    [
      3.476884376141243e-05,
      0.14561589062213898,
      0.1627066284418106
    ],
    [
      2.0081221009604633e-05,
      0.1320948302745819,
      0.14918942749500275
    ],
    [
      1.2821046766475774e-05,
      0.1290438026189804,
      0.14839932322502136
    ],
    [
      1.0563253454165533e-05,
      0.15650556981563568,
      0.17657452821731567
    ],
    [
      8.406187589571346e-06,
      0.18747588992118835,
      0.2087259292602539
    ],
    [
      1.6322410374414176e-05,
      0.24989430606365204,
      0.266042023897171
    ],
    [
      1.9080905985902064e-05,
      0.24754810333251953,
      0.27249717712402344
    ],
    [
      8.60139789438108e-06,
      0.22297032177448273,
      0.2595859169960022
    ],
    [
      2.513081744837109e-05,
      0.16887865960597992,
      0.186462864279747
    ],
    [
      2.1939276848570444e-05,
      0.21595829725265503,
      0.23122653365135193
    ],
    [
      1.4327169992611744e-05,
      0.36397773027420044,
      0.3809860646724701
    ],
    [
      9.72143516264623e-06,
      0.34947913885116577,
      0.36549121141433716
    ],
    [
      2.0476918507483788e-05,
      0.2883695960044861,
      0.3200652003288269
    ],
    [
      1.370233621855732e-05,
      0.20061974227428436,
      0.2164793610572815
    ]
  ],
  "accuracy": [
    [
      0.9999642968177795,
      0.9549881219863892,
      0.9527339339256287
    ],
    [
      1.0,
      0.9589915871620178,
      0.9571382403373718
    ],
    [
      1.0,
      0.9651590585708618,
      0.9620797038078308
    ],
    [
      1.0,
      0.9664574861526489,
      0.9641207456588745
    ],
    [
      1.0,
      0.9653754830360413,
      0.9615426063537598
    ],
    [
      1.0,
      0.9663493037223816,
      0.9614351987838745
    ],
    [
      1.0,
      0.9674313068389893,
      0.9648727178573608
    ],
    [
      1.0,
      0.9700281620025635,
      0.9669137597084045
    ],
    [
      1.0,
      0.9704609513282776,
      0.9663766026496887
    ],
    [
      1.0,
      0.9664574861526489,
      0.9621871113777161
    ],
    [
      1.0,
      0.9633195996284485,
      0.9590718746185303
    ],
    [
      1.0,
      0.9610474109649658,
      0.9593941569328308
    ],
    [
      1.0,
      0.957801342010498,
      0.9582124948501587
    ],
    [
      1.0,
      0.9640770554542542,
      0.9574605226516724
    ],
    [
      1.0,
      0.9697035551071167,
      0.9673434495925903
    ],
    [
      1.0,
      0.9650508761405945,
      0.964443027973175
    ],
    [
      1.0,
      0.9556373357772827,
      0.9544526934623718
    ],
    [
      1.0,
      0.9597489833831787,
      0.9564937353134155
    ],
    [
      1.0,
      0.9615883827209473,
      0.9614351987838745
    ],
    [
      1.0,
      0.9684051275253296,
      0.9636910557746887
    ]
  ],
  "precision": [
    [
      1.0,
      0.8557376861572266,
      0.8364688754081726
    ],
    [
      1.0,
      0.8110964298248291,
      0.8033573031425476
    ],
    [
      1.0,
      0.8666666746139526,
      0.8476070761680603
    ],
    [
      1.0,
      0.8600000143051147,
      0.8520345091819763
    ],
    [
      1.0,
      0.8432642221450806,
      0.8267622590065002
    ],
    [
      1.0,
      0.8737863898277283,
      0.8387096524238586
    ],
    [
      1.0,
      0.9103139042854309,
      0.887399435043335
    ],
    [
      1.0,
      0.9146165251731873,
      0.8901960849761963
    ],
    [
      1.0,
      0.8946648240089417,
      0.86543208360672
    ],
    [
      1.0,
      0.8497409224510193,
      0.8233917951583862
    ],
    [
      1.0,
      0.811965823173523,
      0.7997711896896362
    ],
    [
      1.0,
      0.8876582384109497,
      0.8706047534942627
    ],
    [
      1.0,
      0.8938356041908264,
      0.8932926654815674
    ],
    [
      1.0,
      0.8135592937469482,
      0.7799779772758484
    ],
    [
      1.0,
      0.9154518842697144,
      0.9044414758682251
    ],
    [
      1.0,
      0.9229534268379211,
      0.918367326259613
    ],
    [
      1.0,
      0.8859649300575256,
      0.876369297504425
    ],
    [
      1.0,
      0.8817891478538513,
      0.8633720874786377
    ],
    [
      1.0,
      0.8960000276565552,
      0.8899999856948853
    ],
    [
      1.0,
      0.8496240377426147,
      0.8355029821395874
    ]
  ],
  "recall": [
    [
      0.9996415972709656,
      0.6141176223754883,
      0.6386740207672119
    ],
    [
      1.0,
      0.722352921962738,
      0.7403314709663391
    ],
    [
      1.0,
      0.7341176271438599,
      0.7436463832855225
    ],
    [
      1.0,
      0.7588235139846802,
      0.7635359168052673
    ],
    [
      1.0,
      0.7658823728561401,
      0.7646408677101135
    ],
    [
      1.0,
      0.7411764860153198,
      0.7469613552093506
    ],
    [
      1.0,
      0.7164705991744995,
      0.7314916849136353
    ],
    [
      1.0,
      0.7435294389724731,
      0.7524861693382263
    ],
    [
      1.0,
      0.7694117426872253,
      0.7745856642723083
    ],
    [
      1.0,
      0.7717646956443787,
      0.7779005765914917
    ],
    [
      1.0,
      0.7823529243469238,
      0.7723757028579712
    ],
    [
      1.0,
      0.6600000262260437,
      0.6839779019355774
    ],
    [
      1.0,
      0.6141176223754883,
      0.6475138068199158
    ],
    [
      1.0,
      0.7905882596969604,
      0.7834253907203674
    ],
    [
      1.0,
      0.7388235330581665,
      0.7425414323806763
    ],
    [
      1.0,
      0.6764705777168274,
      0.6961326003074646
    ],
    [
      1.0,
      0.5941176414489746,
      0.6187845468521118
    ],
    [
      1.0,
      0.6494117379188538,
      0.6563535928726196
    ],
    [
      1.0,
      0.658823549747467,
      0.6883977651596069
    ],
    [
      1.0,
      0.7976470589637756,
      0.7801104784011841
    ]
  ],