{
  "loss": [
    [
      0.07363249361515045,
      0.22204121947288513,
      0.23596009612083435
    ],
    [
      0.06923067569732666,
      0.22941800951957703,
      0.2411523014307022
    ],
    [
      0.06910742819309235,
      0.20385807752609253,
      0.2174876481294632
    ],
    [
      0.06906195729970932,
      0.1979682892560959,
      0.21163694560527802
    ],
    [
      0.06902208924293518,
      0.1962360441684723,
      0.21124257147312164
    ],
    [
      0.06902801245450974,
      0.1924247443675995,
      0.2067839354276657
    ],
    [
      0.06901240348815918,
      0.18768571317195892,
      0.20380382239818573
    ],
    [
      0.06899162381887436,
      0.17743456363677979,
      0.19343870878219604
    ],
    [
      0.06904345005750656,
      0.17014221847057343,
      0.18726053833961487
    ],
    [
      0.06910566240549088,
      0.16318173706531525,
      0.180122509598732
    ],
    [
      0.06917738169431686,
      0.15802991390228271,
      0.1751394420862198
    ],
    [
      0.06924724578857422,
      0.15561096370220184,
      0.17188537120819092
    ]
  ],
  "accuracy": [
    [
      0.9005818963050842,
      0.9080285429954529,
      0.9027822613716125
    ],
    [
      0.9005104899406433,
      0.9080285429954529,
      0.9027822613716125
    ],
    [
      0.9005104899406433,
      0.9080285429954529,
      0.9027822613716125
    ],
    [
      0.9005104899406433,
      0.9080285429954529,
      0.9027822613716125
    ],
    [
      0.9005104899406433,
      0.9080285429954529,
      0.9027822613716125
    ],
    [
      0.9005461931228638,
      0.9080285429954529,
      0.9027822613716125
    ],
    [
      0.9005818963050842,
      0.9080285429954529,
      0.9027822613716125
    ],
    [
      0.9006175994873047,
      0.9080285429954529,
      0.9027822613716125
    ],
    [
      0.9006175994873047,
      0.9080285429954529,
      0.9027822613716125
    ],
    [
      0.9006532430648804,
      0.9080285429954529,
      0.9027822613716125
    ],
    [
      0.9006532430648804,
      0.9080285429954529,
      0.9027822613716125
    ],
    [
      0.9006532430648804,
      0.9080285429954529,
      0.9027822613716125
    ]
  ],
  "precision": [
    [
      1.0,
      0.0,
      0.0
    ],
    [
      1.0,
      0.0,
      0.0
    ],
    [
      1.0,
      0.0,
      0.0
    ],
    [
      1.0,
      0.0,
      0.0
    ],
    [
      1.0,
      0.0,
      0.0
    ],
    [
      1.0,
      0.0,
      0.0
    ],
    [
      1.0,
      0.0,
      0.0
    ],
    [
      1.0,
      0.0,
      0.0
    ],
    [
      1.0,
      0.0,
      0.0
    ],
    [
      1.0,
      0.0,
      0.0
    ],
    [
      1.0,
      0.0,
      0.0
    ],
    [
      1.0,
      0.0,
      0.0
    ]
  ],
  "recall": [
    [
      0.001792114693671465,
      0.0,
      0.0
    ],
    [
      0.0010752688394859433,
      0.0,
      0.0
    ],
    [
      0.0010752688394859433,
      0.0,
      0.0
    ],
    [
      0.0010752688394859433,
      0.0,
      0.0
    ],
    [
      0.0010752688394859433,
      0.0,
      0.0
    ],
    [
      0.0014336917083710432,
      0.0,
      0.0
    ],
    [
      0.001792114693671465,
      0.0,
      0.0
    ],
    [
      0.0021505376789718866,
      0.0,
      0.0
    ],
    [
      0.0021505376789718866,
      0.0,
      0.0
    ],
    [
      0.0025089606642723083,
      0.0,
      0.0
    ],
    [
      0.0025089606642723083,
      0.0,
      0.0
    ],
    [
      0.0025089606642723083,
      0.0,
      0.0
    ]
  ],
  "f1": [
    [
      0.003577817464247346,
      0.0,
      0.0
    ],
    [
      0.0021482277661561966,
      0.0,
      0.0
    ],
    [
      0.0021482277661561966,
      0.0,
      0.0
    ],
    [
      0.0021482277661561966,
      0.0,
      0.0
    ],
    [
      0.0021482277661561966,
      0.0,
      0.0
    ],
    [
      0.002863278379663825,
      0.0,
      0.0
    ],
    [
      0.003577817464247346,
      0.0,
      0.0
    ],
    [
      0.004291845485568047,
      0.0,
      0.0
    ],
    [
      0.004291845485568047,
      0.0,
      0.0
    ],
    [
      0.005005362909287214,
      0.0,
      0.0
    ],
    [
      0.005005362909287214,
      0.0,
      0.0
    ],
    [
      0.005005362909287214,
      0.0,
      0.0
    ]
  ],
  "auc": [
    [
      0.5008960366249084,
      0.5,
      0.5
    ],
    [
      0.500537633895874,
      0.5,
      0.5
    ],
    [
      0.500537633895874,
      0.5,
      0.5
    ],
    [
      0.500537633895874,
      0.5,
      0.5
    ],
    [
      0.500537633895874,
      0.5,
      0.5
    ],
    [
      0.5007168650627136,
      0.5,
      0.5
    ],
    [
      0.5008960366249084,
      0.5,
      0.5
    ],
    [
      0.501075267791748,
      0.5,
      0.5
    ],
    [
      0.501075267791748,
      0.5,
      0.5
    ],
    [
      0.5012544989585876,
      0.5,
      0.5
    ],
    [
      0.5012544989585876,
      0.5,
      0.5
    ],
    [
      0.5012544989585876,
      0.5,
      0.5
    ]
  ]
}