{
  "loss": [
    [
      0.07289351522922516,
      0.21818356215953827,
      0.22824397683143616
    ],
    [
      0.027303341776132584,
      0.1761535108089447,
      0.18300825357437134
    ],
    [
      0.0010839506285265088,
      0.14133320748806,
      0.15425466001033783
    ],
    [
      0.0005365806282497942,
      0.12656572461128235,
      0.13906873762607574
    ],
    [
      0.0004270676290616393,
      0.12155704200267792,
      0.13300859928131104
    ],
    [
      0.00036495696986094117,
      0.11824106425046921,
      0.13063310086727142
    ],
    [
      0.0003173540171701461,
      0.12133696675300598,
      0.13202902674674988
    ],
    [
      0.0003011801454704255,
      0.12618060410022736,
      0.13479307293891907
    ],
    [
      0.00028849983937107027,
      0.1305389702320099,
      0.13961006700992584
    ],
    [
      0.0002816665219143033,
      0.14178822934627533,
      0.15140646696090698
    ],
    [
      0.00018311224994249642,
      0.15181522071361542,
      0.16231587529182434
    ],
    [
      0.00017228200158569962,
      0.1676240712404251,
      0.17628593742847443
    ],
    [
      4.4404259824659675e-05,
      0.21594852209091187,
      0.22242794930934906
    ],
    [
      3.808763358392753e-05,
      0.2865900993347168,
      0.2904057204723358
    ],
    [
      3.451423981459811e-05,
      0.2664302885532379,
      0.2698019742965698
    ],
    [
      5.323430377757177e-05,
      0.30768346786499023,
      0.3138923943042755
    ],
    [
      2.7546942874323577e-05,
      0.2735669016838074,
      0.2761540710926056
    ],
    [
      4.859787804889493e-05,
      0.22113700211048126,
      0.24458907544612885
    ]
  ],
  "accuracy": [
    [
      0.9051868915557861,
      0.9080285429954529,
      0.9027822613716125
    ],
    [
      0.9882197380065918,
      0.9380004405975342,
      0.9354388117790222
    ],
    [
      0.9996430277824402,
      0.9613720178604126,
      0.9586421847343445
    ],
    [
      0.9999642968177795,
      0.9680805206298828,
      0.9649801254272461
    ],
    [
      0.9999642968177795,
      0.9699199199676514,
      0.9682028293609619
    ],
    [
      0.9999642968177795,
      0.9705691337585449,
      0.969277024269104
    ],
    [
      0.9999642968177795,
      0.9720839858055115,
      0.969384491443634
    ],
    [
      0.9999642968177795,
      0.971001923084259,
      0.9695993065834045
    ],
    [
      0.9999642968177795,
      0.9703527092933655,
      0.9685251116752625
    ],
    [
      0.9999642968177795,
      0.9695953130722046,
      0.9683102369308472
    ],
    [
      1.0,
      0.9691625237464905,
      0.9682028293609619
    ],
    [
      1.0,
      0.9685133099555969,
      0.9670211672782898
    ],
    [
      1.0,
      0.9638606309890747,
      0.9628316760063171
    ],
    [
      1.0,
      0.958666980266571,
      0.9582124948501587
    ],
    [
      1.0,
      0.962778627872467,
      0.9603609442710876
    ],
    [
      1.0,
      0.9581259489059448,
      0.9581050872802734
    ],
    [
      1.0,
      0.9647262692451477,
      0.9624019861221313
    ],
    [
      1.0,
      0.9671066999435425,
      0.966054379940033
    ]
  ],
  "precision": [
    [
      1.0,
      0.0,
      0.0
    ],
    [
      0.9991883039474487,
      0.8794520497322083,
      0.8636363744735718
    ],
    [
      1.0,
      0.8308724761009216,
      0.824999988079071
    ],
    [
      1.0,
      0.8848820924758911,
      0.8697317838668823
    ],
    [
      1.0,
      0.9097421169281006,
      0.9033112525939941
    ],
    [
      1.0,
      0.9176300764083862,
      0.9143239855766296
    ],
    [
      1.0,
      0.9043715596199036,
      0.893401026725769
    ],
    [
      1.0,
      0.9052924513816833,
      0.9007731676101685
    ],
    [
      1.0,
      0.9126074314117432,
      0.9090909361839294
    ],
    [
      1.0,
      0.9252615571022034,
      0.9247910976409912
    ],
    [
      1.0,
      0.9299848079681396,
      0.9319148659706116
    ],
    [
      1.0,
      0.9293394684791565,
      0.927142858505249
    ],
    [
      1.0,
      0.917475700378418,
      0.9177877306938171
    ],
    [
      1.0,
      0.8926174640655518,
      0.89449542760849
    ],
    [
      1.0,
      0.9028662443161011,
      0.8872832655906677
    ],
    [
      1.0,
      0.9097344875335693,
      0.9080824255943298
    ],
    [
      1.0,
      0.8898809552192688,
      0.8744939565658569
    ],
    [
      1.0,
      0.9050444960594177,
      0.9073305726051331
    ]
  ],
  "recall": [
    [
      0.048028673976659775,
      0.0,
      0.0
    ],
    [
      0.8824372887611389,
      0.3776470720767975,
      0.3988950252532959
    ],
    [
      0.9964157938957214,
      0.7282353043556213,
      0.7292817831039429
    ],
    [
      0.9996415972709656,
      0.7505882382392883,
      0.7524861693382263
    ],
    [
      0.9996415972709656,
      0.7470588088035583,
      0.7535911798477173
    ],
    [
      0.9996415972709656,
      0.7470588088035583,
      0.7546961307525635
    ],
    [
      0.9996415972709656,
      0.7788235545158386,
      0.7779005765914917
    ],
    [
      0.9996415972709656,
      0.7647058963775635,
      0.7723757028579712
    ],
    [
      0.9996415972709656,
      0.7494117617607117,
      0.7513812184333801
    ],
    [
      0.9996415972709656,
      0.7282353043556213,
      0.7337016463279724
    ],
    [
      1.0,
      0.7188235521316528,
      0.7259668707847595
    ],
    [
      1.0,
      0.7117646932601929,
      0.7171270847320557
    ],
    [
      1.0,
      0.6670588254928589,
      0.6784530282020569
    ],
    [
      1.0,
      0.6258823275566101,
      0.6464088559150696
    ],
    [
      1.0,
      0.6670588254928589,
      0.6784530282020569
    ],
    [
      1.0,
      0.6047058701515198,
      0.6331491470336914
    ],
    [
      1.0,
      0.703529417514801,
      0.7160220742225647
    ],
    [
      1.0,
      0.7176470756530762,
      0.7248618602752686
    ]
  ],
  "f1": [
    [
      0.09165526926517487,
      0.0,
      0.0
    ],
    [
      0.9371907114982605,
      0.5283950567245483,
      0.545729398727417
    ],
    [
      0.9982046484947205,
      0.7761755585670471,
      0.774193525314331
    ],
    [
      0.9998207688331604,
      0.8122215270996094,
      0.8068720102310181
    ],
    [
      0.9998207688331604,
      0.8204134106636047,
      0.8216867446899414
    ],
    [
      0.9998207688331604,
      0.8236057162284851,
      0.8268765211105347
    ],
    [
      0.9998207688331604,
      0.8369153141975403,
      0.8316597938537598
    ],
    [
      0.9998207688331604,
      0.829081654548645,
      0.8316478133201599
    ],
    [
      0.9998207688331604,
      0.8229973912239075,
      0.8227465152740479
    ],
    [
      0.9998207688331604,
      0.8150098919868469,
      0.818237841129303
    ],
    [
      1.0,
      0.810882568359375,
      0.8161490559577942
    ],
    [
      1.0,
      0.8061292767524719,
      0.808722734451294
    ],
    [
      1.0,
      0.7724795937538147,
      0.780177891254425
    ],
    [
      1.0,
      0.7358229756355286,
      0.7504810690879822
    ],
    [
      1.0,
      0.767253041267395,
      0.7689417600631714
    ],
    [
      1.0,
      0.7265017628669739,
      0.74609375
    ],
    [
      1.0,
      0.7858081459999084,
      0.7873632907867432
    ],
    [
      1.0,
      0.8005249500274658,
      0.8058968186378479
    ]
  ],