{
  "loss": [
    [
      0.003430387005209923,
      0.6492377519607544,
      0.6525091528892517
    ],
    [
      0.0002676771837286651,
      0.7128663659095764,
      0.7277533411979675
    ],
    [
      0.00028507833485491574,
      0.49514439702033997,
      0.5013546347618103
    ],
    [
      0.0003059342270717025,
      0.3398064374923706,
      0.34658458828926086
    ],
    [
      0.00025505339726805687,
      0.24155759811401367,
      0.25170910358428955
    ],
    [
      0.00021950753580313176,
      0.2253393828868866,
      0.2354876548051834
    ],
    [
      0.00015794075443409383,
      0.21153685450553894,
      0.22244633734226227
    ],
    [
      0.0001365392963634804,
      0.19959698617458344,
      0.2113099843263626
    ],
    [
      0.00011377653572708368,
      0.19243314862251282,
      0.20470063388347626
    ],
    [
      9.853881783783436e-05,
      0.18634890019893646,
      0.20016047358512878
    ],
    [
      8.313141006510705e-05,
      0.18392041325569153,
      0.19947470724582672
    ],
    [
      7.34265850041993e-05,
      0.1812170445919037,
      0.19800032675266266
    ],
    [
      6.124311039457098e-05,
      0.18752706050872803,
      0.20410674810409546
    ],
    [
      5.767500988440588e-05,
      0.1833651065826416,
      0.20054002106189728
    ],
    [
      4.320489097153768e-05,
      0.20514146983623505,
      0.2217680811882019
    ],
    [
      4.8740472266217694e-05,
      0.20447759330272675,
      0.22713269293308258
    ],
    [
      2.6597934265737422e-05,
      0.2407466322183609,
      0.25542932748794556
    ],
    [
      3.949578240280971e-05,
      0.20363584160804749,
      0.2305191457271576
    ],
    [
      2.285262235091068e-05,
      0.2416161745786667,
      0.2587318420410156
    ],
    [
      3.352146450197324e-05,
      0.22760933637619019,
      0.2528555989265442
    ],
    [
      1.8161659681936726e-05,
      0.2511506974697113,
      0.26942917704582214
    ],
    [
      2.8008136723656207e-05,
      0.2162443995475769,
      0.23934495449066162
    ],
    [
      1.7961976482183672e-05,
      0.2496640384197235,
      0.2695160210132599
    ],
    [
      2.507546560082119e-05,
      0.25940507650375366,
      0.28292107582092285
    ]
  ],
  "accuracy": [
    [
      0.9980775117874146,
      0.8745712041854858,
      0.8744943737983704
    ],
    [
      0.9998220205307007,
      0.8676029443740845,
      0.8586421608924866
    ],
    [
      0.9998220205307007,
      0.916702389717102,
      0.917896568775177
    ],
    [
      0.9999644160270691,
      0.9401801228523254,
      0.9373565316200256
    ],
    [
      0.9999644160270691,
      0.9550814628601074,
      0.9522247910499573
    ],
    [
      1.0,
      0.958190381526947,
      0.9575816988945007
    ],
    [
      1.0,
      0.9616209268569946,
      0.9588935971260071
    ],
    [
      1.0,
      0.963121771812439,
      0.9608615040779114
    ],
    [
      1.0,
      0.9635506272315979,
      0.9621734023094177
    ],
    [
      1.0,
      0.9646226167678833,
      0.9639226198196411
    ],
    [
      1.0,
      0.9655874967575073,
      0.9643598794937134
    ],
    [
      1.0,
      0.9665523171424866,
      0.9657811522483826
    ],
    [
      1.0,
      0.9660162925720215,
      0.9638132452964783
    ],
    [
      1.0,
      0.9662306904792786,
      0.967202365398407
    ],
    [
      1.0,
      0.9629073739051819,
      0.9596589207649231
    ],
    [
      1.0,
      0.9661235213279724,
      0.9667650461196899
    ],
    [
      1.0,
      0.9619425535202026,
      0.9579097032546997
    ],
    [
      1.0,
      0.9678387641906738,
      0.9666557312011719
    ],
    [
      1.0,
      0.9616209268569946,
      0.9585656523704529
    ],
    [
      1.0,
      0.9664450883865356,
      0.9666557312011719
    ],
    [
      1.0,
      0.963121771812439,
      0.959112286567688
    ],
    [
      1.0,
      0.9677315354347229,
      0.9680769443511963
    ],
    [
      1.0,
      0.9610849022865295,
      0.9580190181732178
    ],
    [
      1.0,
      0.9663379192352295,
      0.9654531478881836
    ]
  ],
  "precision": [
    [
      0.9817030429840088,
      0.16475972533226013,
      0.17307692766189575
    ],
    [
      0.9985688924789429,
      0.3629402816295624,
      0.339738667011261
    ],
    [
      0.9982123970985413,
      0.5822368264198303,
      0.601296603679657
    ],
    [
      0.9996419548988342,
      0.6835442781448364,
      0.6743383407592773
    ],
    [
      0.9996419548988342,
      0.7626146674156189,
      0.7561260461807251
    ],
    [
      1.0,
      0.781502902507782,
      0.7897862195968628
    ],
    [
      1.0,
      0.7965714335441589,
      0.7941176295280457
    ],
    [
      1.0,
      0.8059701323509216,
      0.8068720102310181
    ],
    [
      1.0,
      0.8054607510566711,
      0.8103044629096985
    ],
    [
      1.0,
      0.8140068650245667,
      0.8226950168609619
    ],
    [
      1.0,
      0.8123595714569092,
      0.819767415523529
    ],
    [
      1.0,
      0.8235967755317688,
      0.8323494791984558
    ],
    [
      1.0,
      0.8097345232963562,
      0.8079096078872681
    ],
    [
      1.0,
      0.8321512937545776,
      0.8486682772636414
    ],
    [
      1.0,
      0.781548261642456,
      0.7676874399185181
    ],
    [
      1.0,
      0.8725099563598633,
      0.8885869383811951
    ],
    [
      1.0,
      0.7758985161781311,
      0.7544041275978088
    ],
    [
      1.0,
      0.8811096549034119,
      0.8842530250549316
    ],
    [
      1.0,
      0.7711598873138428,
      0.7575129270553589
    ],
    [
      1.0,
      0.889502763748169,
      0.8981868624687195
    ],
    [
      1.0,
      0.7832093238830566,
      0.7642105221748352
    ],
    [
      1.0,
      0.8840000033378601,
      0.8903743028640747
    ],
    [
      1.0,
      0.7665975093841553,
      0.753608226776123
    ],
    [
      1.0,
      0.9050359725952148,
      0.9046242833137512
    ]
  ],
  "recall": [
    [
      0.9992836713790894,
      0.08209805935621262,
      0.08219178020954132
    ],
    [
      0.9996418356895447,
      0.5404788851737976,
      0.5045661926269531
    ],
    [
      1.0,
      0.4036487936973572,
      0.4235159754753113
    ],
    [
      1.0,
      0.6773090362548828,
      0.6689497828483582
    ],
    [
      1.0,
      0.758266806602478,
      0.7397260069847107
    ],
    [
      1.0,
      0.7708095908164978,
      0.759132444858551
    ],
    [
      1.0,
      0.7947548627853394,
      0.7705479264259338
    ],
    [
      1.0,
      0.8004561066627502,
      0.7773972749710083
    ],
    [
      1.0,
      0.8072975873947144,
      0.7899543642997742
    ],
    [
      1.0,
      0.8084378838539124,
      0.7945205569267273
    ],
    [
      1.0,
      0.8244013786315918,
      0.8047945499420166
    ],
    [
      1.0,
      0.8198403716087341,
      0.8047945499420166
    ],
    [
      1.0,
      0.8346636295318604,
      0.8162100315093994
    ],
    [
      1.0,
      0.8027365803718567,
      0.8002282977104187
    ],
    [
      1.0,
      0.8403648734092712,
      0.8299086689949036
    ],
    [
      1.0,
      0.7491447925567627,
      0.7465753555297852
    ],
    [
      1.0,
      0.8369441032409668,
      0.8310502171516418
    ],
    [
      1.0,
      0.7605473399162292,
      0.75
    ],
    [
      1.0,
      0.8415051102638245,
      0.8344748616218567
    ],
    [
      1.0,
      0.7343215346336365,
      0.7351598143577576
    ],
    [
      1.0,
      0.8403648734092712,
      0.8287671208381653
    ],
    [
      1.0,
      0.7559863328933716,
      0.7602739930152893
    ],
    [
      1.0,
      0.8426454067230225,
      0.8344748616218567
    ],
    [
      1.0,
      0.7172178030014038,
      0.7146118879318237
    ]
  ],