{
  "loss": [
    [
      0.06755181401968002,
      0.20534686744213104,
      0.2250550240278244
    ],
    [
      0.00037116961902938783,
      0.20559602975845337,
      0.22832715511322021
    ],
    [
      0.00017042744730133563,
      0.16452325880527496,
      0.1900806576013565
    ],
    [
      0.00014885647397022694,
      0.11737031489610672,
      0.1452993005514145
    ],
    [
      0.00010558471694821492,
      0.10771758109331131,
      0.13554449379444122
    ],
    [
      8.544456795789301e-05,
      0.1075410395860672,
      0.1356213390827179
    ],
    [
      5.776455145678483e-05,
      0.11331416666507721,
      0.14358305931091309
    ],
    [
      5.0278540584258735e-05,
      0.12008704245090485,
      0.15204323828220367
    ],
    [
      3.3674055885057896e-05,
      0.1279776394367218,
      0.16115805506706238
    ],
    [
      3.5854522138834e-05,
      0.14142157137393951,
      0.17512930929660797
    ],
    [
      2.6671461455407552e-05,
      0.16051067411899567,
      0.19728724658489227
    ],
    [
      2.8319649572949857e-05,
      0.1952565759420395,
      0.23750290274620056
    ],
    [
      1.753527976688929e-05,
      0.24427111446857452,
      0.2890467345714569
    ],
    [
      2.498192225175444e-05,
      0.27940887212753296,
      0.32338133454322815
    ],
    [
      2.1983254555379972e-05,
      0.31476134061813354,
      0.35788044333457947
    ],
    [
      2.8806753107346594e-05,
      0.39572250843048096,
      0.4469253122806549
    ],
    [
      1.697962943580933e-05,
      0.36689385771751404,
      0.4062657654285431
    ]
  ],
  "accuracy": [
    [
      0.9040263295173645,
      0.9036260843276978,
      0.9012866020202637
    ],
    [
      0.9999642372131348,
      0.9320783019065857,
      0.9298302531242371
    ],
    [
      0.9999642372131348,
      0.9590330719947815,
      0.9554546475410461
    ],
    [
      1.0,
      0.9675900936126709,
      0.9633473753929138
    ],
    [
      1.0,
      0.9719756245613098,
      0.9666991233825684
    ],
    [
      1.0,
      0.9722964763641357,
      0.9674559235572815
    ],
    [
      1.0,
      0.9717617034912109,
      0.9666991233825684
    ],
    [
      1.0,
      0.9716547131538391,
      0.9668072462081909
    ],
    [
      1.0,
      0.9714407920837402,
      0.9662666320800781
    ],
    [
      1.0,
      0.9700502753257751,
      0.9651854038238525
    ],
    [
      1.0,
      0.9679110050201416,
      0.9634554982185364
    ],
    [
      1.0,
      0.9644882082939148,
      0.9615093469619751
    ],
    [
      1.0,
      0.9621350169181824,
      0.9586982131004333
    ],
    [
      1.0,
      0.9601026773452759,
      0.9553465247154236
    ],
    [
      1.0,
      0.9593539237976074,
      0.9540491104125977
    ],
    [
      1.0,
      0.956893801689148,
      0.9503729939460754
    ],
    [
      1.0,
      0.9592469930648804,
      0.954265296459198
    ]
  ],
  "precision": [
    [
      1.0,
      1.0,
      0.75
    ],
    [
      1.0,
      0.6143959164619446,
      0.6148532032966614
    ],
    [
      1.0,
      0.8530611991882324,
      0.8331125974655151
    ],
    [
      1.0,
      0.913103461265564,
      0.8923705816268921
    ],
    [
      1.0,
      0.9123711585998535,
      0.8926261067390442
    ],
    [
      1.0,
      0.912708580493927,
      0.8956185579299927
    ],
    [
      1.0,
      0.9027777910232544,
      0.8808029890060425
    ],
    [
      1.0,
      0.9099099040031433,
      0.8927648663520813
    ],
    [
      1.0,
      0.9096774458885193,
      0.8880308866500854
    ],
    [
      1.0,
      0.9180107712745667,
      0.8979865908622742
    ],
    [
      1.0,
      0.9146005511283875,
      0.8968363404273987
    ],
    [
      1.0,
      0.9178885817527771,
      0.8931083083152771
    ],
    [
      1.0,
      0.9041298031806946,
      0.875881552696228
    ],
    [
      1.0,
      0.9139280319213867,
      0.8826219439506531
    ],
    [
      1.0,
      0.9103773832321167,
      0.8734756112098694
    ],
    [
      1.0,
      0.9123966693878174,
      0.8787375688552856
    ],
    [
      1.0,
      0.8893871307373047,
      0.856521725654602
    ]
  ],
  "recall": [
    [
      0.016129031777381897,
      0.001108647440560162,
      0.0032786885276436806
    ],
    [
      0.9996334314346313,
      0.7949002385139465,
      0.7781420946121216
    ],
    [
      0.9996334314346313,
      0.6951219439506531,
      0.6874316930770874
    ],
    [
      1.0,
      0.7339246273040771,
      0.7158470153808594
    ],
    [
      1.0,
      0.7849224209785461,
      0.7540983557701111
    ],
    [
      1.0,
      0.7882483601570129,
      0.7595628499984741
    ],
    [
      1.0,
      0.792682945728302,
      0.7672131061553955
    ],
    [
      1.0,
      0.7838137745857239,
      0.7551912665367126
    ],
    [
      1.0,
      0.7815964818000793,
      0.7540983557701111
    ],
    [
      1.0,
      0.7572062015533447,
      0.7311475276947021
    ],
    [
      1.0,
      0.7361419200897217,
      0.7125682830810547
    ],
    [
      1.0,
      0.6940132975578308,
      0.693989098072052
    ],
    [
      1.0,
      0.6796008944511414,
      0.6786885261535645
    ],
    [
      1.0,
      0.6474500894546509,
      0.6327868700027466
    ],
    [
      1.0,
      0.6419068574905396,
      0.6262295246124268
    ],
    [
      1.0,
      0.6119734048843384,
      0.5781420469284058
    ],
    [
      1.0,
      0.6596452593803406,
      0.645901620388031
    ]
  ],
  "f1": [
    [
      0.0317460335791111,
      0.0022148394491523504,
      0.006528835743665695
    ],
    [
      0.9998166561126709,
      0.6930884718894958,
      0.6869271397590637
    ],
    [
      0.9998166561126709,
      0.7660354375839233,
      0.7532933950424194
    ],
    [
      1.0,
      0.813767671585083,
      0.7944208383560181
    ],
    [
      1.0,
      0.8438617587089539,
      0.8175355195999146
    ],
    [
      1.0,
      0.8459250330924988,
      0.8219988346099854
    ],
    [
      1.0,
      0.8441558480262756,
      0.8200934529304504
    ],
    [
      1.0,
      0.8421679735183716,
      0.8182356357574463
    ],
    [
      1.0,
      0.8407871127128601,
      0.8156028389930725
    ],
    [
      1.0,
      0.8298906683921814,
      0.8060240745544434
    ],
    [
      1.0,
      0.815724790096283,
      0.7941534519195557
    ],
    [
      1.0,
      0.7904040217399597,
      0.7810578346252441
    ],
    [
      1.0,
      0.7759493589401245,
      0.7647783160209656
    ],
    [
      1.0,
      0.7579494118690491,
      0.7371101379394531
    ],
    [
      1.0,
      0.7529258728027344,
      0.7294716835021973
    ],
    [
      1.0,
      0.7325812578201294,
      0.6974291205406189
    ],
    [
      1.0,
      0.7574793100357056,
      0.7364485859870911
    ]
  ],