{
  "loss": [
    [
      0.06892272084951401,
      0.20276682078838348,
      0.1985052078962326
    ],
    [
      0.0006149622495286167,
      0.20841288566589355,
      0.18596355617046356
    ],
    [
      0.00012824615987483412,
      0.20793560147285461,
      0.17749102413654327
    ],
    [
      9.642184886615723e-05,
      0.18360255658626556,
      0.1526569277048111
    ],
    [
      7.132775499485433e-05,
      0.15520896017551422,
      0.1342075616121292
    ],
    [
      6.76093841320835e-05,
      0.14988645911216736,
      0.12727351486682892
    ],
    [
      5.2587791287805885e-05,
      0.14967577159404755,
      0.12768124043941498
    ],
    [
      4.276328400010243e-05,
      0.15999938547611237,
      0.13265596330165863
    ],
    [
      3.648055644589476e-05,
      0.16793547570705414,
      0.13799132406711578
    ],
    [
      3.1073195714270696e-05,
      0.17542465031147003,
      0.14350128173828125
    ],
    [
      2.5782244847505353e-05,
      0.1765894889831543,
      0.14566878974437714
    ],
    [
      2.245498399133794e-05,
      0.1790958046913147,
      0.14652113616466522
    ],
    [
      2.0485987988649867e-05,
      0.1902250051498413,
      0.15408097207546234
    ],
    [
      1.9233895727666095e-05,
      0.20149096846580505,
      0.1642267256975174
    ],
    [
      1.6808817235869355e-05,
      0.23081940412521362,
      0.18664632737636566
    ],
    [
      1.5955094568198547e-05,
      0.2942408323287964,
      0.24293580651283264
    ],
    [
      4.706967501988402e-06,
      0.44532936811447144,
      0.3850915729999542
    ]
  ],
  "accuracy": [
    [
      0.9030035734176636,
      0.9037928581237793,
      0.9031253457069397
    ],
    [
      1.0,
      0.9396974444389343,
      0.9455482959747314
    ],
    [
      1.0,
      0.9485403895378113,
      0.9536032676696777
    ],
    [
      1.0,
      0.9579160213470459,
      0.9626248478889465
    ],
    [
      1.0,
      0.9630300402641296,
      0.9667060375213623
    ],
    [
      1.0,
      0.9661197662353516,
      0.9682096242904663
    ],
    [
      1.0,
      0.9651609063148499,
      0.9686392545700073
    ],
    [
      1.0,
      0.9648412466049194,
      0.9685318470001221
    ],
    [
      1.0,
      0.9648412466049194,
      0.9679948687553406
    ],
    [
      1.0,
      0.9649478197097778,
      0.9677800536155701
    ],
    [
      1.0,
      0.9648412466049194,
      0.9683170318603516
    ],
    [
      1.0,
      0.9652674198150635,
      0.9685318470001221
    ],
    [
      1.0,
      0.9642019867897034,
      0.9676726460456848
    ],
    [
      1.0,
      0.9644150733947754,
      0.9674578309059143
    ],
    [
      1.0,
      0.9620711803436279,
      0.9653098583221436
    ],
    [
      1.0,
      0.958768367767334,
      0.9621952772140503
    ],
    [
      1.0,
      0.9533347487449646,
      0.9565030336380005
    ]
  ],
  "precision": [
    [
      1.0,
      0.6666666865348816,
      0.6666666865348816
    ],
    [
      1.0,
      0.7044631838798523,
      0.73380446434021
    ],
    [
      1.0,
      0.7670885920524597,
      0.7942643165588379
    ],
    [
      1.0,
      0.8337696194648743,
      0.8610389828681946
    ],
    [
      1.0,
      0.8642297387123108,
      0.8827319741249084
    ],
    [
      1.0,
      0.8960863947868347,
      0.9064171314239502
    ],
    [
      1.0,
      0.8792650699615479,
      0.8974025845527649
    ],
    [
      1.0,
      0.8818061351776123,
      0.9025033116340637
    ],
    [
      1.0,
      0.8818061351776123,
      0.8976377844810486
    ],
    [
      1.0,
      0.8840000033378601,
      0.8994709253311157
    ],
    [
      1.0,
      0.8848728537559509,
      0.9033112525939941
    ],
    [
      1.0,
      0.8885905742645264,
      0.9067909717559814
    ],
    [
      1.0,
      0.8829071521759033,
      0.8982827067375183
    ],
    [
      1.0,
      0.8927097916603088,
      0.9033557176589966
    ],
    [
      1.0,
      0.8849930167198181,
      0.9006896615028381
    ],
    [
      1.0,
      0.8854166865348816,
      0.9011628031730652
    ],
    [
      1.0,
      0.8134227991104126,
      0.8252933621406555
    ]
  ],
  "recall": [
    [
      0.012061403132975101,
      0.00441988930106163,
      0.0044247787445783615
    ],
    [
      1.0,
      0.6453038454055786,
      0.6891592741012573
    ],
    [
      1.0,
      0.669613242149353,
      0.7046459913253784
    ],
    [
      1.0,
      0.7038673758506775,
      0.7334070801734924
    ],
    [
      1.0,
      0.7314916849136353,
      0.7577433586120605
    ],
    [
      1.0,
      0.7337016463279724,
      0.75
    ],
    [
      1.0,
      0.7403314709663391,
      0.7643805146217346
    ],
    [
      1.0,
      0.7337016463279724,
      0.7577433586120605
    ],
    [
      1.0,
      0.7337016463279724,
      0.7566371560096741
    ],
    [
      1.0,
      0.7325966954231262,
      0.752212405204773
    ],
    [
      1.0,
      0.7303867340087891,
      0.7544247508049011
    ],
    [
      1.0,
      0.7314916849136353,
      0.7533186078071594
    ],
    [
      1.0,
      0.7248618602752686,
      0.752212405204773
    ],
    [
      1.0,
      0.7171270847320557,
      0.7444690465927124
    ],
    [
      1.0,
      0.6972375512123108,
      0.7223451137542725
    ],
    [
      1.0,
      0.6574585437774658,
      0.6858407258987427
    ],
    [
      1.0,
      0.669613242149353,
      0.7002212405204773
    ]
  ],
  "f1": [
    [
      0.02383532002568245,
      0.008781558834016323,
      0.008791209198534489
    ],
    [
      1.0,
      0.6735870838165283,
      0.7107815146446228
    ],
    [
      1.0,
      0.7150442600250244,
      0.7467761039733887
    ],
    [
      1.0,
      0.7633313536643982,
      0.7921146750450134
    ],
    [
      1.0,
      0.7923399209976196,
      0.8154761791229248
    ],
    [
      1.0,
      0.806804358959198,
      0.8208232522010803
    ],
    [
      1.0,
      0.8038392066955566,
      0.8255674839019775
    ],
    [
      1.0,
      0.8009650111198425,
      0.8238123655319214
    ],
    [
      1.0,
      0.8009650111198425,
      0.8211284279823303
    ],
    [
      1.0,
      0.8012084364891052,
      0.8192771077156067
    ],
    [
      1.0,
      0.8002421259880066,
      0.8221820592880249
    ],
    [
      1.0,
      0.8024242520332336,
      0.8229607343673706
    ],
    [
      1.0,
      0.7961165308952332,
      0.8187838792800903
    ],
    [
      1.0,
      0.7953431606292725,
      0.8162522912025452
    ],
    [
      1.0,
      0.7799752950668335,
      0.8017188310623169
    ],
    [
      1.0,
      0.7545973658561707,
      0.7788944840431213
    ],
    [
      1.0,
      0.7345454692840576,
      0.7576301693916321
    ]
  ],