{
  "loss": [
    [
      0.07690867781639099,
      0.24513298273086548,
      0.23847410082817078
    ],
    [
      0.06846409291028976,
      0.22663946449756622,
      0.21834029257297516
    ],
    [
      0.06826286762952805,
      0.2134609967470169,
      0.20000199973583221
    ],
    [
      0.06822828948497772,
      0.20673911273479462,
      0.1928989440202713
    ],
    [
      0.06822247058153152,
      0.21917198598384857,
      0.19984257221221924
    ],
    [
      0.06819851696491241,
      0.20294243097305298,
      0.1853681355714798
    ],
    [
      0.06819038838148117,
      0.1956108957529068,
      0.17881658673286438
    ],
    [
      0.06821341067552567,
      0.1851370632648468,
      0.16779039800167084
    ],
    [
      0.0682917907834053,
      0.17224964499473572,
      0.15657562017440796
    ],
    [
      0.06838510930538177,
      0.1623576283454895,
      0.14806082844734192
    ],
    [
      0.06847309321165085,
      0.1563873291015625,
      0.14351555705070496
    ],
    [
      0.06846941262483597,
      0.15303577482700348,
      0.14119602739810944
    ],
    [
      0.06848333030939102,
      0.15064652264118195,
      0.13963446021080017
    ],
    [
      0.0685345008969307,
      0.14919719099998474,
      0.13901256024837494
    ],
    [
      0.06859014928340912,
      0.1474538892507553,
      0.13811908662319183
    ],
    [
      0.06860782951116562,
      0.14611954987049103,
      0.13777373731136322
    ]
  ],
  "accuracy": [
    [
      0.9018911123275757,
      0.9035797715187073,
      0.9029105305671692
    ],
    [
      0.9018552303314209,
      0.9035797715187073,
      0.9029105305671692
    ],
    [
      0.9018552303314209,
      0.9035797715187073,
      0.9029105305671692
    ],
    [
      0.9018552303314209,
      0.9035797715187073,
      0.9029105305671692
    ],
    [
      0.9018552303314209,
      0.9036863446235657,
      0.9029105305671692
    ],
    [
      0.9018552303314209,
      0.9036863446235657,
      0.9029105305671692
    ],
    [
      0.9018552303314209,
      0.9036863446235657,
      0.9029105305671692
    ],
    [
      0.9018552303314209,
      0.9036863446235657,
      0.9029105305671692
    ],
    [
      0.9018552303314209,
      0.9036863446235657,
      0.9029105305671692
    ],
    [
      0.9018552303314209,
      0.9036863446235657,
      0.9029105305671692
    ],
    [
      0.9018552303314209,
      0.9036863446235657,
      0.9029105305671692
    ],
    [
      0.9018552303314209,
      0.9036863446235657,
      0.9029105305671692
    ],
    [
      0.9018552303314209,
      0.9036863446235657,
      0.9029105305671692
    ],
    [
      0.9018552303314209,
      0.9036863446235657,
      0.9029105305671692
    ],
    [
      0.9018552303314209,
      0.9036863446235657,
      0.9029105305671692
    ],
    [
      0.9018552303314209,
      0.9036863446235657,
      0.9029105305671692
    ]
  ],
  "precision": [
    [
      1.0,
      0.0,
      0.0
    ],
    [
      1.0,
      0.0,
      0.0
    ],
    [
      1.0,
      0.0,
      0.0
    ],
    [
      1.0,
      0.0,
      0.0
    ],
    [
      1.0,
      1.0,
      0.0
    ],
    [
      1.0,
      1.0,
      0.0
    ],
    [
      1.0,
      1.0,
      0.0
    ],
    [
      1.0,
      1.0,
      0.0
    ],
    [
      1.0,
      1.0,
      0.0
    ],
    [
      1.0,
      1.0,
      0.0
    ],
    [
      1.0,
      1.0,
      0.0
    ],
    [
      1.0,
      1.0,
      0.0
    ],
    [
      1.0,
      1.0,
      0.0
    ],
    [
      1.0,
      1.0,
      0.0
    ],
    [
      1.0,
      1.0,
      0.0
    ],
    [
      1.0,
      1.0,
      0.0
    ]
  ],
  "recall": [
    [
      0.0007309941574931145,
      0.0,
      0.0
    ],
    [
      0.00036549707874655724,
      0.0,
      0.0
    ],
    [
      0.00036549707874655724,
      0.0,
      0.0
    ],
    [
      0.00036549707874655724,
      0.0,
      0.0
    ],
    [
      0.00036549707874655724,
      0.0011049723252654076,
      0.0
    ],
    [
      0.00036549707874655724,
      0.0011049723252654076,
      0.0
    ],
    [
      0.00036549707874655724,
      0.0011049723252654076,
      0.0
    ],
    [
      0.00036549707874655724,
      0.0011049723252654076,
      0.0
    ],
    [
      0.00036549707874655724,
      0.0011049723252654076,
      0.0
    ],
    [
      0.00036549707874655724,
      0.0011049723252654076,
      0.0
    ],
    [
      0.00036549707874655724,
      0.0011049723252654076,
      0.0
    ],
    [
      0.00036549707874655724,
      0.0011049723252654076,
      0.0
    ],
    [
      0.00036549707874655724,
      0.0011049723252654076,
      0.0
    ],
    [
      0.00036549707874655724,
      0.0011049723252654076,
      0.0
    ],
    [
      0.00036549707874655724,
      0.0011049723252654076,
      0.0
    ],
    [
      0.00036549707874655724,
      0.0011049723252654076,
      0.0
    ]
  ],
  "f1": [
    [
      0.0014609204372391105,
      0.0,
      0.0
    ],
    [
      0.0007307271007448435,
      0.0,
      0.0
    ],
    [
      0.0007307271007448435,
      0.0,
      0.0
    ],
    [
      0.0007307271007448435,
      0.0,
      0.0
    ],
    [
      0.0007307271007448435,
      0.002207505516707897,
      0.0
    ],
    [
      0.0007307271007448435,
      0.002207505516707897,
      0.0
    ],
    [
      0.0007307271007448435,
      0.002207505516707897,
      0.0
    ],
    [
      0.0007307271007448435,
      0.002207505516707897,
      0.0
    ],
    [
      0.0007307271007448435,
      0.002207505516707897,
      0.0
    ],
    [
      0.0007307271007448435,
      0.002207505516707897,
      0.0
    ],
    [
      0.0007307271007448435,
      0.002207505516707897,
      0.0
    ],
    [
      0.0007307271007448435,
      0.002207505516707897,
      0.0
    ],
    [
      0.0007307271007448435,
      0.002207505516707897,
      0.0
    ],
    [
      0.0007307271007448435,
      0.002207505516707897,
      0.0
    ],
    [
      0.0007307271007448435,
      0.002207505516707897,
      0.0
    ],
    [
      0.0007307271007448435,
      0.002207505516707897,
      0.0
    ]
  ],
  "auc": [
    [
      0.5003654956817627,
      0.5,
      0.5
    ],
    [
      0.5001827478408813,
      0.5,
      0.5
    ],
    [
      0.5001827478408813,
      0.5,
      0.5
    ],
    [
      0.5001827478408813,
      0.5,
      0.5
    ],
    [
      0.5001827478408813,
      0.5005524754524231,
      0.5
    ],
    [
      0.5001827478408813,
      0.5005524754524231,
      0.5
    ],
    [
      0.5001827478408813,
      0.5005524754524231,
      0.5
    ],
    [
      0.5001827478408813,
      0.5005524754524231,
      0.5
    ],
    [
      0.5001827478408813,
      0.5005524754524231,
      0.5
    ],
    [
      0.5001827478408813,
      0.5005524754524231,
      0.5
    ],
    [
      0.5001827478408813,
      0.5005524754524231,
      0.5
    ],
    [
      0.5001827478408813,
      0.5005524754524231,
      0.5
    ],
    [
      0.5001827478408813,
      0.5005524754524231,
      0.5
    ],
    [
      0.5001827478408813,
      0.5005524754524231,
      0.5
    ],
    [
      0.5001827478408813,
      0.5005524754524231,
      0.5
    ],
    [
      0.5001827478408813,
      0.5005524754524231,
      0.5
    ]
  ]
}