{
  "loss": [
    [
      0.024987179785966873,
      0.19198617339134216,
      0.1911182701587677
    ],
    [
      0.0003376228560227901,
      0.17798617482185364,
      0.16554386913776398
    ],
    [
      0.0002391789312241599,
      0.16321900486946106,
      0.14336615800857544
    ],
    [
      0.00015816350060049444,
      0.15378323197364807,
      0.137860506772995
    ],
    [
      0.00013894143921788782,
      0.16848847270011902,
      0.14282944798469543
    ],
    [
      0.0001195164950331673,
      0.18418872356414795,
      0.15180611610412598
    ],
    [
      0.00011601252481341362,
      0.18630439043045044,
      0.15455034375190735
    ],
    [
      0.00010234193177893758,
      0.18447861075401306,
      0.15422160923480988
    ],
    [
      9.735328785609454e-05,
      0.1888718605041504,
      0.1561548411846161
    ],
    [
      9.54231945797801e-05,
      0.21403628587722778,
      0.17601807415485382
    ],
    [
      9.182828216580674e-05,
      0.2686420977115631,
      0.22023889422416687
    ],
    [
      6.040965308784507e-05,
      0.3556438684463501,
      0.30559566617012024
    ],
    [
      6.138136814115569e-05,
      0.41633519530296326,
      0.35477912425994873
    ],
    [
      7.841029582777992e-05,
      0.550987720489502,
      0.466220498085022
    ],
    [
      5.153980237082578e-05,
      0.4456721842288971,
      0.36786213517189026
    ]
  ],
  "accuracy": [
    [
      0.9987798929214478,
      0.9354357719421387,
      0.9352378845214844
    ],
    [
      0.9999641180038452,
      0.9510973691940308,
      0.9549994468688965
    ],
    [
      0.9999641180038452,
      0.9600468873977661,
      0.9623026251792908
    ],
    [
      0.9999641180038452,
      0.9622842669487,
      0.9647728204727173
    ],
    [
      0.9999641180038452,
      0.9614319205284119,
      0.9648802280426025
    ],
    [
      0.9999641180038452,
      0.9611123204231262,
      0.9645580649375916
    ],
    [
      0.9999641180038452,
      0.962923526763916,
      0.9667060375213623
    ],
    [
      0.9999641180038452,
      0.9628169536590576,
      0.9667060375213623
    ],
    [
      0.9999641180038452,
      0.962923526763916,
      0.9669208526611328
    ],
    [
      0.9999641180038452,
      0.9616450071334839,
      0.9655246734619141
    ],
    [
      0.9999641180038452,
      0.9584487676620483,
      0.9623026251792908
    ],
    [
      0.9999641180038452,
      0.9550394415855408,
      0.958221435546875
    ],
    [
      0.9999641180038452,
      0.9515235424041748,
      0.955214262008667
    ],
    [
      0.9999641180038452,
      0.9452375769615173,
      0.9496294856071472
    ],
    [
      0.9999641180038452,
      0.9535478353500366,
      0.9545698761940002
    ]
  ],
  "precision": [
    [
      0.9988921880722046,
      0.7564322352409363,
      0.7644991278648376
    ],
    [
      1.0,
      0.7926509380340576,
      0.8081321716308594
    ],
    [
      1.0,
      0.9015151262283325,
      0.9145427346229553
    ],
    [
      1.0,
      0.8582574725151062,
      0.8673469424247742
    ],
    [
      1.0,
      0.8458598852157593,
      0.8628931045532227
    ],
    [
      1.0,
      0.8515625,
      0.8708010315895081
    ],
    [
      1.0,
      0.8873435258865356,
      0.9046321511268616
    ],
    [
      1.0,
      0.8926553726196289,
      0.9125000238418579
    ],
    [
      1.0,
      0.8917018175125122,
      0.9127423763275146
    ],
    [
      1.0,
      0.8920863270759583,
      0.9146515130996704
    ],
    [
      1.0,
      0.8895612955093384,
      0.9048316478729248
    ],
    [
      1.0,
      0.8767550587654114,
      0.8883861303329468
    ],
    [
      1.0,
      0.8652597665786743,
      0.8786936402320862
    ],
    [
      1.0,
      0.8681732416152954,
      0.8822495341300964
    ],
    [
      1.0,
      0.8393632173538208,
      0.8411347270011902
    ]
  ],
  "recall": [
    [
      0.9886695742607117,
      0.4872928261756897,
      0.48119470477104187
    ],
    [
      0.9996345043182373,
      0.6674033403396606,
      0.7035398483276367
    ],
    [
      0.9996345043182373,
      0.6574585437774658,
      0.6747787594795227
    ],
    [
      0.9996345043182373,
      0.7292817831039429,
      0.752212405204773
    ],
    [
      0.9996345043182373,
      0.7337016463279724,
      0.758849561214447
    ],
    [
      0.9996345043182373,
      0.7226519584655762,
      0.7455752491950989
    ],
    [
      0.9996345043182373,
      0.7049723863601685,
      0.7345132827758789
    ],
    [
      0.9996345043182373,
      0.6983425617218018,
      0.7267699241638184
    ],
    [
      0.9996345043182373,
      0.7005524635314941,
      0.7289823293685913
    ],
    [
      0.9996345043182373,
      0.6850828528404236,
      0.7112832069396973
    ],
    [
      0.9996345043182373,
      0.6497237682342529,
      0.6836283206939697
    ],
    [
      0.9996345043182373,
      0.6209944486618042,
      0.6515486836433411
    ],
    [
      0.9996345043182373,
      0.5889502763748169,
      0.625
    ],
    [
      0.9996345043182373,
      0.509392261505127,
      0.5553097128868103
    ],
    [
      0.9996345043182373,
      0.6408839821815491,
      0.6559734344482422
    ]
  ],
  "f1": [
    [
      0.9937545657157898,
      0.5927419066429138,
      0.590631365776062
    ],
    [
      0.9998171925544739,
      0.7246550917625427,
      0.7522176504135132
    ],
    [
      0.9998171925544739,
      0.7603833675384521,
      0.7765754461288452
    ],
    [
      0.9998171925544739,
      0.7885304689407349,
      0.8056871891021729
    ],
    [
      0.9998171925544739,
      0.7857987880706787,
      0.807533860206604
    ],
    [
      0.9998171925544739,
      0.7818290591239929,
      0.8033373355865479
    ],
    [
      0.9998171925544739,
      0.7857142686843872,
      0.8107448220252991
    ],
    [
      0.9998171925544739,
      0.7836329936981201,
      0.8091133236885071
    ],
    [
      0.9998171925544739,
      0.7846534848213196,
      0.8105781078338623
    ],
    [
      0.9998171925544739,
      0.7749999761581421,
      0.800248920917511
    ],
    [
      0.9998171925544739,
      0.7509578466415405,
      0.778827965259552
    ],
    [
      0.9998171925544739,
      0.7270374894142151,
      0.7517549395561218
    ],
    [
      0.9998171925544739,
      0.7008547186851501,
      0.7304460406303406
    ],
    [
      0.9998171925544739,
      0.6420612931251526,
      0.6816021800041199
    ],
    [
      0.9998171925544739,
      0.7268170714378357,
      0.7371038198471069
    ]
  ],