{
  "loss": [
    [
      0.07387787848711014,
      0.22742125391960144,
      0.2181124985218048
    ],
    [
      0.06852073222398758,
      0.23099558055400848,
      0.21207404136657715
    ],
    [
      0.06832537055015564,
      0.26263123750686646,
      0.23750336468219757
    ],
    [
      0.0683145821094513,
      0.21850045025348663,
      0.200611874461174
    ],
    [
      0.06831203401088715,
      0.22663411498069763,
      0.20399132370948792
    ],
    [
      0.06829467415809631,
      0.22595597803592682,
      0.20192192494869232
    ],
    [
      0.06828934699296951,
      0.22381934523582458,
      0.19918765127658844
    ],
    [
      0.06833774596452713,
      0.20666086673736572,
      0.18446993827819824
    ],
    [
      0.06833916902542114,
      0.19666044414043427,
      0.17785188555717468
    ],
    [
      0.06840608268976212,
      0.18739819526672363,
      0.1682257354259491
    ],
    [
      0.06844037771224976,
      0.18131762742996216,
      0.1648329496383667
    ],
    [
      0.06862355023622513,
      0.17750804126262665,
      0.161662295460701
    ]
  ],
  "accuracy": [
    [
      0.9018193483352661,
      0.9035797715187073,
      0.9029105305671692
    ],
    [
      0.9018193483352661,
      0.9034732580184937,
      0.9029105305671692
    ],
    [
      0.9018193483352661,
      0.9034732580184937,
      0.9029105305671692
    ],
    [
      0.9018193483352661,
      0.9034732580184937,
      0.9029105305671692
    ],
    [
      0.9018193483352661,
      0.9034732580184937,
      0.9029105305671692
    ],
    [
      0.9018193483352661,
      0.9034732580184937,
      0.9029105305671692
    ],
    [
      0.9018193483352661,
      0.9034732580184937,
      0.9029105305671692
    ],
    [
      0.9018193483352661,
      0.9034732580184937,
      0.9029105305671692
    ],
    [
      0.9018193483352661,
      0.9034732580184937,
      0.9029105305671692
    ],
    [
      0.9018193483352661,
      0.9034732580184937,
      0.9029105305671692
    ],
    [
      0.9018193483352661,
      0.9034732580184937,
      0.9029105305671692
    ],
    [
      0.9018193483352661,
      0.9035797715187073,
      0.9029105305671692
    ]
  ],
  "precision": [
    [
      0.0,
      0.0,
      0.0
    ],
    [
      0.0,
      0.0,
      0.0
    ],
    [
      0.0,
      0.0,
      0.0
    ],
    [
      0.0,
      0.0,
      0.0
    ],
    [
      0.0,
      0.0,
      0.0
    ],
    [
      0.0,
      0.0,
      0.0
    ],
    [
      0.0,
      0.0,
      0.0
    ],
    [
      0.0,
      0.0,
      0.0
    ],
    [
      0.0,
      0.0,
      0.0
    ],
    [
      0.0,
      0.0,
      0.0
    ],
    [
      0.0,
      0.0,
      0.0
    ],
    [
      0.0,
      0.0,
      0.0
    ]
  ],
  "recall": [
    [
      0.0,
      0.0,
      0.0
    ],
    [
      0.0,
      0.0,
      0.0
    ],
    [
      0.0,
      0.0,
      0.0
    ],
    [
      0.0,
      0.0,
      0.0
    ],
    [
      0.0,
      0.0,
      0.0
    ],
    [
      0.0,
      0.0,
      0.0
    ],
    [
      0.0,
      0.0,
      0.0
    ],
    [
      0.0,
      0.0,
      0.0
    ],
    [
      0.0,
      0.0,
      0.0
    ],
    [
      0.0,
      0.0,
      0.0
    ],
    [
      0.0,
      0.0,
      0.0
    ],
    [
      0.0,
      0.0,
      0.0
    ]
  ],
  "f1": [
    [
      0.0,
      0.0,
      0.0
    ],
    [
      0.0,
      0.0,
      0.0
    ],
    [
      0.0,
      0.0,
      0.0
    ],
    [
      0.0,
      0.0,
      0.0
    ],
    [
      0.0,
      0.0,
      0.0
    ],
    [
      0.0,
      0.0,
      0.0
    ],
    [
      0.0,
      0.0,
      0.0
    ],
    [
      0.0,
      0.0,
      0.0
    ],
    [
      0.0,
      0.0,
      0.0
    ],
    [
      0.0,
      0.0,
      0.0
    ],
    [
      0.0,
      0.0,
      0.0
    ],
    [
      0.0,
      0.0,
      0.0
    ]
  ],
  "auc": [
    [
      0.5,
      0.5,
      0.5
    ],
    [
      0.5,
      0.49994105100631714,
      0.5
    ],
    [
      0.5,
      0.49994105100631714,
      0.5
    ],
    [
      0.5,
      0.49994105100631714,
      0.5
    ],
    [
      0.5,
      0.49994105100631714,
      0.5
    ],
    [
      0.5,
      0.49994105100631714,
      0.5
    ],
    [
      0.5,
      0.49994105100631714,
      0.5
    ],
    [
      0.5,
      0.49994105100631714,
      0.5
    ],
    [
      0.5,
      0.49994105100631714,
      0.5
    ],
    [
      0.5,
      0.49994105100631714,
      0.5
    ],
    [
      0.5,
      0.49994105100631714,
      0.5
    ],
    [
      0.5,
      0.5,
      0.5
    ]
  ]
}