{
  "loss": [
    [
      0.0688047856092453,
      0.21321848034858704,
      0.22698895633220673
    ],
    [
      0.06766742467880249,
      0.1834869682788849,
      0.20284974575042725
    ],
    [
      0.025807876139879227,
      0.17727725207805634,
      0.1882646530866623
    ],
    [
      0.00019349878130014986,
      0.1811741590499878,
      0.19876067340373993
    ],
    [
      0.000124460129882209,
      0.1742672324180603,
      0.19941489398479462
    ],
    [
      0.00010335580736864358,
      0.13976413011550903,
      0.17179664969444275
    ],
    [
      7.807842484908178e-05,
      0.12800534069538116,
      0.15866391360759735
    ],
    [
      7.161454414017498e-05,
      0.1289413571357727,
      0.15987266600131989
    ],
    [
      5.6192475312855095e-05,
      0.13899537920951843,
      0.17282655835151672
    ],
    [
      4.805077696801163e-05,
      0.1534234583377838,
      0.1903836876153946
    ],
    [
      4.1572107875254005e-05,
      0.179796040058136,
      0.22195486724376678
    ],
    [
      3.928999649360776e-05,
      0.22159279882907867,
      0.2687174081802368
    ],
    [
      4.068851558258757e-05,
      0.2536725103855133,
      0.3004521131515503
    ],
    [
      4.079834616277367e-05,
      0.2937719523906708,
      0.3420814871788025
    ],
    [
      4.354356860858388e-05,
      0.349666565656662,
      0.3995431661605835
    ],
    [
      2.923354804806877e-05,
      0.3301107883453369,
      0.3669601380825043
    ],
    [
      3.9354847103822976e-05,
      0.23766903579235077,
      0.29491034150123596
    ],
    [
      4.176543734502047e-05,
      0.19690263271331787,
      0.23341119289398193
    ]
  ],
  "accuracy": [
    [
      0.9026675224304199,
      0.9035190939903259,
      0.9010703563690186
    ],
    [
      0.9025959968566895,
      0.9035190939903259,
      0.9010703563690186
    ],
    [
      0.9886290431022644,
      0.9395657181739807,
      0.9365336894989014
    ],
    [
      1.0,
      0.9530431032180786,
      0.9491837024688721
    ],
    [
      1.0,
      0.9608514308929443,
      0.9572926759719849
    ],
    [
      1.0,
      0.9660926461219788,
      0.9624824523925781
    ],
    [
      1.0,
      0.9697293639183044,
      0.9659422636032104
    ],
    [
      1.0,
      0.9696224331855774,
      0.9658341407775879
    ],
    [
      1.0,
      0.9693015217781067,
      0.9655097723007202
    ],
    [
      1.0,
      0.9685527682304382,
      0.9638879895210266
    ],
    [
      1.0,
      0.9661995768547058,
      0.962266206741333
    ],
    [
      1.0,
      0.962776780128479,
      0.9593469500541687
    ],
    [
      1.0,
      0.9605305194854736,
      0.9567520618438721
    ],
    [
      1.0,
      0.9584982395172119,
      0.9539409875869751
    ],
    [
      1.0,
      0.956893801689148,
      0.951454222202301
    ],
    [
      1.0,
      0.9595678448677063,
      0.9551302790641785
    ],
    [
      1.0,
      0.9659856557846069,
      0.9617255926132202
    ],
    [
      1.0,
      0.9691945910453796,
      0.9655097723007202
    ]
  ],
  "precision": [
    [
      1.0,
      0.0,
      0.0
    ],
    [
      1.0,
      0.0,
      0.0
    ],
    [
      0.9995853900909424,
      0.6849615573883057,
      0.6830357313156128
    ],
    [
      1.0,
      0.7398963570594788,
      0.7339642643928528
    ],
    [
      1.0,
      0.8611859679222107,
      0.846666693687439
    ],
    [
      1.0,
      0.9023383855819702,
      0.8901098966598511
    ],
    [
      1.0,
      0.9056356549263,
      0.8916448950767517
    ],
    [
      1.0,
      0.9098142981529236,
      0.8956406712532043
    ],
    [
      1.0,
      0.9105473756790161,
      0.8941798806190491
    ],
    [
      1.0,
      0.9108108282089233,
      0.893098771572113
    ],
    [
      1.0,
      0.9069444537162781,
      0.8898071646690369
    ],
    [
      1.0,
      0.9061583280563354,
      0.883357048034668
    ],
    [
      1.0,
      0.90317702293396,
      0.8759124279022217
    ],
    [
      1.0,
      0.899068295955658,
      0.8732824325561523
    ],
    [
      1.0,
      0.9017713069915771,
      0.8733974099159241
    ],
    [
      1.0,
      0.8808139562606812,
      0.8561253547668457
    ],
    [
      1.0,
      0.9033148884773254,
      0.8795669674873352
    ],
    [
      1.0,
      0.9007833003997803,
      0.8801020383834839
    ]
  ],
  "recall": [
    [
      0.002199413487687707,
      0.0,
      0.0
    ],
    [
      0.0014662756584584713,
      0.0,
      0.0
    ],
    [
      0.8837976455688477,
      0.6917960047721863,
      0.6688524484634399
    ],
    [
      1.0,
      0.7915742993354797,
      0.762841522693634
    ],
    [
      1.0,
      0.7084257006645203,
      0.693989098072052
    ],
    [
      1.0,
      0.7272727489471436,
      0.7081966996192932
    ],
    [
      1.0,
      0.7660753726959229,
      0.7464480996131897
    ],
    [
      1.0,
      0.7605321407318115,
      0.7409836053848267
    ],
    [
      1.0,
      0.7560975551605225,
      0.7387978434562683
    ],
    [
      1.0,
      0.7472283840179443,
      0.7213114500045776
    ],
    [
      1.0,
      0.7239468097686768,
      0.7060109376907349
    ],
    [
      1.0,
      0.6851441264152527,
      0.6786885261535645
    ],
    [
      1.0,
      0.6618625521659851,
      0.6557376980781555
    ],
    [
      1.0,
      0.6419068574905396,
      0.6251366138458252
    ],
    [
      1.0,
      0.6208425760269165,
      0.5956284403800964
    ],
    [
      1.0,
      0.6718403697013855,
      0.6568306088447571
    ],
    [
      1.0,
      0.725055456161499,
      0.7103825211524963
    ],
    [
      1.0,
      0.7649667263031006,
      0.7540983557701111
    ]
  ],
  "f1": [
    [
      0.004389173351228237,
      0.0,
      0.0
    ],
    [
      0.0029282576870173216,
      0.0,
      0.0
    ],
    [
      0.9381322860717773,
      0.6883618235588074,
      0.6758697032928467
    ],
    [
      1.0,
      0.7648634314537048,
      0.7481243014335632
    ],
    [
      1.0,
      0.7773722410202026,
      0.7627627849578857
    ],
    [
      1.0,
      0.8054021000862122,
      0.7888009548187256
    ],
    [
      1.0,
      0.8300300240516663,
      0.8126115202903748
    ],
    [
      1.0,
      0.8285024166107178,
      0.8110047578811646
    ],
    [
      1.0,
      0.8261659741401672,
      0.8090963363647461
    ],
    [
      1.0,
      0.8209500312805176,
      0.7980653047561646
    ],
    [
      1.0,
      0.8051788210868835,
      0.7873247861862183
    ],
    [
      1.0,
      0.7803030014038086,
      0.7676143646240234
    ],
    [
      1.0,
      0.7639155387878418,
      0.75
    ],
    [
      1.0,
      0.7490297555923462,
      0.7286624312400818
    ],
    [
      1.0,
      0.7353906631469727,
      0.7082521319389343
    ],
    [
      1.0,
      0.7622641324996948,
      0.7433518767356873
    ],
    [
      1.0,
      0.8044280409812927,
      0.7859733700752258
    ],
    [
      1.0,
      0.8273381590843201,
      0.8122425079345703
    ]
  ],