{
  "loss": [
    [
      0.07047680020332336,
      0.1943015307188034,
      0.20271629095077515
    ],
    [
      0.06798507273197174,
      0.20986562967300415,
      0.22567850351333618
    ],
    [
      0.067865289747715,
      0.2069140523672104,
      0.2265789657831192
    ],
    [
      0.06773851811885834,
      0.2060205191373825,
      0.22381193935871124
    ],
    [
      0.0677330493927002,
      0.20211443305015564,
      0.21971620619297028
    ],
    [
      0.06775294244289398,
      0.19778552651405334,
      0.21448995172977448
    ],
    [
      0.06777171790599823,
      0.18487907946109772,
      0.2013264298439026
    ],
    [
      0.06785310059785843,
      0.17013511061668396,
      0.1872057169675827
    ],
    [
      0.06784511357545853,
      0.15762296319007874,
      0.17636612057685852
    ],
    [
      0.0679941475391388,
      0.14689546823501587,
      0.16569428145885468
    ],
    [
      0.06806694716215134,
      0.1406693309545517,
      0.15954670310020447
    ],
    [
      0.06816830486059189,
      0.13830949366092682,
      0.1570757031440735
    ]
  ],
  "accuracy": [
    [
      0.9024530053138733,
      0.9035190939903259,
      0.9010703563690186
    ],
    [
      0.9024530053138733,
      0.9035190939903259,
      0.9010703563690186
    ],
    [
      0.9024530053138733,
      0.9035190939903259,
      0.9010703563690186
    ],
    [
      0.9024530053138733,
      0.9035190939903259,
      0.9010703563690186
    ],
    [
      0.9024530053138733,
      0.9035190939903259,
      0.9010703563690186
    ],
    [
      0.9024530053138733,
      0.9035190939903259,
      0.9010703563690186
    ],
    [
      0.9024530053138733,
      0.9035190939903259,
      0.9010703563690186
    ],
    [
      0.9024530053138733,
      0.9035190939903259,
      0.9010703563690186
    ],
    [
      0.9024530053138733,
      0.9035190939903259,
      0.9010703563690186
    ],
    [
      0.9024530053138733,
      0.9035190939903259,
      0.9010703563690186
    ],
    [
      0.9024530053138733,
      0.9035190939903259,
      0.9010703563690186
    ],
    [
      0.9024530053138733,
      0.9035190939903259,
      0.9010703563690186
    ]
  ],
  "precision": [
    [
      0.0,
      0.0,
      0.0
    ],
    [
      0.0,
      0.0,
      0.0
    ],
    [
      0.0,
      0.0,
      0.0
    ],
    [
      0.0,
      0.0,
      0.0
    ],
    [
      0.0,
      0.0,
      0.0
    ],
    [
      0.0,
      0.0,
      0.0
    ],
    [
      0.0,
      0.0,
      0.0
    ],
    [
      0.0,
      0.0,
      0.0
    ],
    [
      0.0,
      0.0,
      0.0
    ],
    [
      0.0,
      0.0,
      0.0
    ],
    [
      0.0,
      0.0,
      0.0
    ],
    [
      0.0,
      0.0,
      0.0
    ]
  ],
  "recall": [
    [
      0.0,
      0.0,
      0.0
    ],
    [
      0.0,
      0.0,
      0.0
    ],
    [
      0.0,
      0.0,
      0.0
    ],
    [
      0.0,
      0.0,
      0.0
    ],
    [
      0.0,
      0.0,
      0.0
    ],
    [
      0.0,
      0.0,
      0.0
    ],
    [
      0.0,
      0.0,
      0.0
    ],
    [
      0.0,
      0.0,
      0.0
    ],
    [
      0.0,
      0.0,
      0.0
    ],
    [
      0.0,
      0.0,
      0.0
    ],
    [
      0.0,
      0.0,
      0.0
    ],
    [
      0.0,
      0.0,
      0.0
    ]
  ],
  "f1": [
    [
      0.0,
      0.0,
      0.0
    ],
    [
      0.0,
      0.0,
      0.0
    ],
    [
      0.0,
      0.0,
      0.0
    ],
    [
      0.0,
      0.0,
      0.0
    ],
    [
      0.0,
      0.0,
      0.0
    ],
    [
      0.0,
      0.0,
      0.0
    ],
    [
      0.0,
      0.0,
      0.0
    ],
    [
      0.0,
      0.0,
      0.0
    ],
    [
      0.0,
      0.0,
      0.0
    ],
    [
      0.0,
      0.0,
      0.0
    ],
    [
      0.0,
      0.0,
      0.0
    ],
    [
      0.0,
      0.0,
      0.0
    ]
  ],
  "auc": [
    [
      0.5,
      0.5,
      0.5
    ],
    [
      0.5,
      0.5,
      0.5
    ],
    [
      0.5,
      0.5,
      0.5
    ],
    [
      0.5,
      0.5,
      0.5
    ],
    [
      0.5,
      0.5,
      0.5
    ],
    [
      0.5,
      0.5,
      0.5
    ],
    [
      0.5,
      0.5,
      0.5
    ],
    [
      0.5,
      0.5,
      0.5
    ],
    [
      0.5,
      0.5,
      0.5
    ],
    [
      0.5,
      0.5,
      0.5
    ],
    [
      0.5,
      0.5,
      0.5
    ],
    [
      0.5,
      0.5,
      0.5
    ]
  ]
}