{
  "loss": [
    [
      0.07331819087266922,
      0.269387811422348,
      0.2853289246559143
    ],
    [
      0.06893417239189148,
      0.229961097240448,
      0.24374517798423767
    ],
    [
      0.06885974109172821,
      0.21854905784130096,
      0.23089073598384857
    ],
    [
      0.06888777017593384,
      0.22342683374881744,
      0.23643483221530914
    ],
    [
      0.06886238604784012,
      0.2031937539577484,
      0.21490547060966492
    ],
    [
      0.06886561959981918,
      0.18613538146018982,
      0.19655093550682068
    ],
    [
      0.06890913844108582,
      0.16965585947036743,
      0.17815612256526947
    ],
    [
      0.06895346939563751,
      0.1572330892086029,
      0.16508525609970093
    ],
    [
      0.06902564316987991,
      0.15140584111213684,
      0.1597200632095337
    ],
    [
      0.06907149404287338,
      0.14698772132396698,
      0.1553136706352234
    ],
    [
      0.06917523592710495,
      0.14544948935508728,
      0.15359048545360565
    ],
    [
      0.06921214610338211,
      0.14354044198989868,
      0.15179653465747833
    ],
    [
      0.06934597343206406,
      0.1432546228170395,
      0.1512255072593689
    ],
    [
      0.06933443248271942,
      0.1421569585800171,
      0.15050509572029114
    ],
    [
      0.06940429657697678,
      0.14198222756385803,
      0.1498877853155136
    ],
    [
      0.06947944313287735,
      0.14233766496181488,
      0.15022292733192444
    ]
  ],
  "accuracy": [
    [
      0.9008152484893799,
      0.9059820175170898,
      0.9042308926582336
    ],
    [
      0.9008152484893799,
      0.9059820175170898,
      0.9042308926582336
    ],
    [
      0.9008152484893799,
      0.9059820175170898,
      0.9043402075767517
    ],
    [
      0.9008508920669556,
      0.9059820175170898,
      0.9043402075767517
    ],
    [
      0.9008508920669556,
      0.906089186668396,
      0.9043402075767517
    ],
    [
      0.9008508920669556,
      0.906089186668396,
      0.9043402075767517
    ],
    [
      0.9008508920669556,
      0.906089186668396,
      0.9043402075767517
    ],
    [
      0.9008508920669556,
      0.906089186668396,
      0.9043402075767517
    ],
    [
      0.9008508920669556,
      0.906089186668396,
      0.9043402075767517
    ],
    [
      0.9008508920669556,
      0.906089186668396,
      0.9043402075767517
    ],
    [
      0.9008508920669556,
      0.906089186668396,
      0.9043402075767517
    ],
    [
      0.9008508920669556,
      0.906089186668396,
      0.9043402075767517
    ],
    [
      0.9008508920669556,
      0.906089186668396,
      0.9043402075767517
    ],
    [
      0.9008508920669556,
      0.906089186668396,
      0.9043402075767517
    ],
    [
      0.9008864760398865,
      0.906089186668396,
      0.9043402075767517
    ],
    [
      0.9009576439857483,
      0.906089186668396,
      0.9043402075767517
    ]
  ],
  "precision": [
    [
      1.0,
      0.0,
      0.0
    ],
    [
      1.0,
      0.0,
      0.0
    ],
    [
      1.0,
      0.0,
      1.0
    ],
    [
      1.0,
      0.0,
      1.0
    ],
    [
      1.0,
      1.0,
      1.0
    ],
    [
      1.0,
      1.0,
      1.0
    ],
    [
      1.0,
      1.0,
      1.0
    ],
    [
      1.0,
      1.0,
      1.0
    ],
    [
      1.0,
      1.0,
      1.0
    ],
    [
      1.0,
      1.0,
      1.0
    ],
    [
      1.0,
      1.0,
      1.0
    ],
    [
      1.0,
      1.0,
      1.0
    ],
    [
      1.0,
      1.0,
      1.0
    ],
    [
      1.0,
      1.0,
      1.0
    ],
    [
      1.0,
      1.0,
      1.0
    ],
    [
      1.0,
      1.0,
      1.0
    ]
  ],
  "recall": [
    [
      0.002148997038602829,
      0.0,
      0.0
    ],
    [
      0.002148997038602829,
      0.0,
      0.0
    ],
    [
      0.002148997038602829,
      0.0,
      0.0011415524641051888
    ],
    [
      0.0025071632117033005,
      0.0,
      0.0011415524641051888
    ],
    [
      0.0025071632117033005,
      0.0011402508243918419,
      0.0011415524641051888
    ],
    [
      0.0025071632117033005,
      0.0011402508243918419,
      0.0011415524641051888
    ],
    [
      0.0025071632117033005,
      0.0011402508243918419,
      0.0011415524641051888
    ],
    [
      0.0025071632117033005,
      0.0011402508243918419,
      0.0011415524641051888
    ],
    [
      0.0025071632117033005,
      0.0011402508243918419,
      0.0011415524641051888
    ],
    [
      0.0025071632117033005,
      0.0011402508243918419,
      0.0011415524641051888
    ],
    [
      0.0025071632117033005,
      0.0011402508243918419,
      0.0011415524641051888
    ],
    [
      0.0025071632117033005,
      0.0011402508243918419,
      0.0011415524641051888
    ],
    [
      0.0025071632117033005,
      0.0011402508243918419,
      0.0011415524641051888
    ],
    [
      0.0025071632117033005,
      0.0011402508243918419,
      0.0011415524641051888
    ],
    [
      0.0028653296176344156,
      0.0011402508243918419,
      0.0011415524641051888
    ],
    [
      0.0035816619638353586,
      0.0011402508243918419,
      0.0011415524641051888
    ]
  ],
  "f1": [
    [
      0.004288777709007263,
      0.0,
      0.0
    ],
    [
      0.004288777709007263,
      0.0,
      0.0
    ],
    [
      0.004288777709007263,
      0.0,
      0.0022805016487836838
    ],
    [
      0.0050017861649394035,
      0.0,
      0.0022805016487836838
    ],
    [
      0.0050017861649394035,
      0.002277904422953725,
      0.0022805016487836838
    ],
    [
      0.0050017861649394035,
      0.002277904422953725,
      0.0022805016487836838
    ],
    [
      0.0050017861649394035,
      0.002277904422953725,
      0.0022805016487836838
    ],
    [
      0.0050017861649394035,
      0.002277904422953725,
      0.0022805016487836838
    ],
    [
      0.0050017861649394035,
      0.002277904422953725,
      0.0022805016487836838
    ],
    [
      0.0050017861649394035,
      0.002277904422953725,
      0.0022805016487836838
    ],
    [
      0.0050017861649394035,
      0.002277904422953725,
      0.0022805016487836838
    ],
    [
      0.0050017861649394035,
      0.002277904422953725,
      0.0022805016487836838
    ],
    [
      0.0050017861649394035,
      0.002277904422953725,
      0.0022805016487836838
    ],
    [
      0.0050017861649394035,
      0.002277904422953725,
      0.0022805016487836838
    ],
    [
      0.0057142856530845165,
      0.002277904422953725,
      0.0022805016487836838
    ],
    [
      0.007137758657336235,
      0.002277904422953725,
      0.0022805016487836838
    ]
  ],
  "auc": [
    [
      0.501074492931366,
      0.5,
      0.5
    ],
    [
      0.501074492931366,
      0.5,
      0.5
    ],
    [
      0.501074492931366,
      0.5,
      0.5005707740783691
    ],
    [
      0.501253604888916,
      0.5,
      0.5005707740783691
    ],
    [
      0.501253604888916,
      0.5005701184272766,
      0.5005707740783691
    ],
    [
      0.501253604888916,
      0.5005701184272766,
      0.5005707740783691
    ],
    [
      0.501253604888916,
      0.5005701184272766,
      0.5005707740783691
    ],
    [
      0.501253604888916,
      0.5005701184272766,
      0.5005707740783691
    ],
    [
      0.501253604888916,
      0.5005701184272766,
      0.5005707740783691
    ],
    [
      0.501253604888916,
      0.5005701184272766,
      0.5005707740783691
    ],
    [
      0.501253604888916,
      0.5005701184272766,
      0.5005707740783691
    ],
    [
      0.501253604888916,
      0.5005701184272766,
      0.5005707740783691
    ],
    [
      0.501253604888916,
      0.5005701184272766,
      0.5005707740783691
    ],
    [
      0.501253604888916,
      0.5005701184272766,
      0.5005707740783691
    ],
    [
      0.5014326572418213,
      0.5005701184272766,
      0.5005707740783691
    ],
    [
      0.5017908215522766,
      0.5005701184272766,
      0.5005707740783691
    ]
  ]
}