{
  "loss": [
    [
      0.08088815212249756,
      0.22486087679862976,
      0.2358723282814026
    ],
    [
      0.06912275403738022,
      0.21713300049304962,
      0.22879984974861145
    ],
    [
      0.0689290314912796,
      0.1878252923488617,
      0.1987488567829132
    ],
    [
      0.06889445334672928,
      0.18405456840991974,
      0.19484250247478485
    ],
    [
      0.06889402121305466,
      0.18576130270957947,
      0.19793222844600677
    ],
    [
      0.06888844817876816,
      0.176207035779953,
      0.18900805711746216
    ],
    [
      0.068937748670578,
      0.16357596218585968,
      0.17625680565834045
    ],
    [
      0.06895226985216141,
      0.1529143750667572,
      0.16469573974609375
    ],
    [
      0.0690096765756607,
      0.1449037790298462,
      0.1554696410894394
    ],
    [
      0.06913521885871887,
      0.14086392521858215,
      0.15082092583179474
    ],
    [
      0.06917903572320938,
      0.13782969117164612,
      0.1476033627986908
    ],
    [
      0.06920301914215088,
      0.13684050738811493,
      0.14618517458438873
    ],
    [
      0.06937827914953232,
      0.13631227612495422,
      0.1458016037940979
    ],
    [
      0.0693739801645279,
      0.13627389073371887,
      0.14551717042922974
    ]
  ],
  "accuracy": [
    [
      0.900779664516449,
      0.9058747887611389,
      0.9041215777397156
    ],
    [
      0.9007440805435181,
      0.9059820175170898,
      0.9041215777397156
    ],
    [
      0.9007440805435181,
      0.906089186668396,
      0.9042308926582336
    ],
    [
      0.9007440805435181,
      0.9059820175170898,
      0.9041215777397156
    ],
    [
      0.9007440805435181,
      0.9059820175170898,
      0.9041215777397156
    ],
    [
      0.9007440805435181,
      0.9059820175170898,
      0.9041215777397156
    ],
    [
      0.9007440805435181,
      0.9059820175170898,
      0.9042308926582336
    ],
    [
      0.9007440805435181,
      0.9059820175170898,
      0.9042308926582336
    ],
    [
      0.9007440805435181,
      0.9059820175170898,
      0.9042308926582336
    ],
    [
      0.9007440805435181,
      0.9059820175170898,
      0.9042308926582336
    ],
    [
      0.9007440805435181,
      0.9059820175170898,
      0.9042308926582336
    ],
    [
      0.9007440805435181,
      0.9059820175170898,
      0.9043402075767517
    ],
    [
      0.9007440805435181,
      0.9059820175170898,
      0.9043402075767517
    ],
    [
      0.9007440805435181,
      0.9059820175170898,
      0.9043402075767517
    ]
  ],
  "precision": [
    [
      1.0,
      0.0,
      0.0
    ],
    [
      1.0,
      0.5,
      0.0
    ],
    [
      1.0,
      1.0,
      0.5
    ],
    [
      1.0,
      0.0,
      0.0
    ],
    [
      1.0,
      0.0,
      0.0
    ],
    [
      1.0,
      0.0,
      0.0
    ],
    [
      1.0,
      0.0,
      0.0
    ],
    [
      1.0,
      0.0,
      0.0
    ],
    [
      1.0,
      0.0,
      0.0
    ],
    [
      1.0,
      0.0,
      0.0
    ],
    [
      1.0,
      0.0,
      0.0
    ],
    [
      1.0,
      0.0,
      1.0
    ],
    [
      1.0,
      0.0,
      1.0
    ],
    [
      1.0,
      0.0,
      1.0
    ]
  ],
  "recall": [
    [
      0.0017908309819176793,
      0.0,
      0.0
    ],
    [
      0.0014326648088172078,
      0.0011402508243918419,
      0.0
    ],
    [
      0.0014326648088172078,
      0.0011402508243918419,
      0.0011415524641051888
    ],
    [
      0.0014326648088172078,
      0.0,
      0.0
    ],
    [
      0.0014326648088172078,
      0.0,
      0.0
    ],
    [
      0.0014326648088172078,
      0.0,
      0.0
    ],
    [
      0.0014326648088172078,
      0.0,
      0.0
    ],
    [
      0.0014326648088172078,
      0.0,
      0.0
    ],
    [
      0.0014326648088172078,
      0.0,
      0.0
    ],
    [
      0.0014326648088172078,
      0.0,
      0.0
    ],
    [
      0.0014326648088172078,
      0.0,
      0.0
    ],
    [
      0.0014326648088172078,
      0.0,
      0.0011415524641051888
    ],
    [
      0.0014326648088172078,
      0.0,
      0.0011415524641051888
    ],
    [
      0.0014326648088172078,
      0.0,
      0.0011415524641051888
    ]
  ],
  "f1": [
    [
      0.003575259121134877,
      0.0,
      0.0
    ],
    [
      0.0028612304013222456,
      0.0022753127850592136,
      0.0
    ],
    [
      0.0028612304013222456,
      0.002277904422953725,
      0.002277904422953725
    ],
    [
      0.0028612304013222456,
      0.0,
      0.0
    ],
    [
      0.0028612304013222456,
      0.0,
      0.0
    ],
    [
      0.0028612304013222456,
      0.0,
      0.0
    ],
    [
      0.0028612304013222456,
      0.0,
      0.0
    ],
    [
      0.0028612304013222456,
      0.0,
      0.0
    ],
    [
      0.0028612304013222456,
      0.0,
      0.0
    ],
    [
      0.0028612304013222456,
      0.0,
      0.0
    ],
    [
      0.0028612304013222456,
      0.0,
      0.0
    ],
    [
      0.0028612304013222456,
      0.0,
      0.0022805016487836838
    ],
    [
      0.0028612304013222456,
      0.0,
      0.0022805016487836838
    ],
    [
      0.0028612304013222456,
      0.0,
      0.0022805016487836838
    ]
  ],
  "auc": [
    [
      0.5008954405784607,
      0.4999408423900604,
      0.49993956089019775
    ],
    [
      0.5007163286209106,
      0.5005109906196594,
      0.49993956089019775
    ],
    [
      0.5007163286209106,
      0.5005701184272766,
      0.5005103349685669
    ],
    [
      0.5007163286209106,
      0.5,
      0.49993956089019775
    ],
    [
      0.5007163286209106,
      0.5,
      0.49993956089019775
    ],
    [
      0.5007163286209106,
      0.5,
      0.49993956089019775
    ],
    [
      0.5007163286209106,
      0.5,
      0.5
    ],
    [
      0.5007163286209106,
      0.5,
      0.5
    ],
    [
      0.5007163286209106,
      0.5,
      0.5
    ],
    [
      0.5007163286209106,
      0.5,
      0.5
    ],
    [
      0.5007163286209106,
      0.5,
      0.5
    ],
    [
      0.5007163286209106,
      0.5,
      0.5005707740783691
    ],
    [
      0.5007163286209106,
      0.5,
      0.5005707740783691
    ],
    [
      0.5007163286209106,
      0.5,
      0.5005707740783691
    ]
  ]
}