{
    "bgnn-agnn": {
        "mean": {
            "val": {
                "accuracy": 0.9801832437515259,
                "precision": 1.0,
                "recall": 0.8651933670043945,
                "f1": 0.8917346000671387
            },
            "test": {
                "accuracy": 0.9814198017120361,
                "precision": 1.0,
                "recall": 0.8761062026023865,
                "f1": 0.9017341136932373
            },
            "time": 95.76109433174133
        },
        "std": {
            "val": {
                "accuracy": 0.0,
                "precision": 0.0,
                "recall": 0.0,
                "f1": 0.0
            },
            "test": {
                "accuracy": 0.0,
                "precision": 0.0,
                "recall": 0.0,
                "f1": 0.0
            },
            "time": 0.0
        }
    }
}