{
  "loss": [
    [
      0.0006245032418519258,
      0.6798309087753296,
      0.6525073051452637
    ],
    [
      0.00020809986745007336,
      0.6100598573684692,
      0.5676860809326172
    ],
    [
      0.00018256885232403874,
      0.5036440491676331,
      0.47029608488082886
    ],
    [
      0.00017784173542167991,
      0.36009860038757324,
      0.32879993319511414
    ],
    [
      0.00018010061467066407,
      0.2703021466732025,
      0.2535644769668579
    ],
    [
      0.00015625370724592358,
      0.23863399028778076,
      0.22562673687934875
    ],
    [
      0.00012032226368319243,
      0.23099000751972198,
      0.21963702142238617
    ],
    [
      0.00010936408943962306,
      0.22363944351673126,
      0.2115458995103836
    ],
    [
      8.647250797366723e-05,
      0.224299818277359,
      0.21689698100090027
    ],
    [
      8.10854762676172e-05,
      0.219601571559906,
      0.21389515697956085
    ],
    [
      5.973036968498491e-05,
      0.22927801311016083,
      0.22677958011627197
    ],
    [
      6.680708611384034e-05,
      0.22930678725242615,
      0.2224704474210739
    ],
    [
      4.060924402438104e-05,
      0.24013443291187286,
      0.235271617770195
    ],
    [
      5.4732623539166525e-05,
      0.24643228948116302,
      0.23828162252902985
    ],
    [
      2.8845341148553416e-05,
      0.2567709982395172,
      0.2525589168071747
    ],
    [
      4.134675327804871e-05,
      0.24552589654922485,
      0.24072839319705963
    ],
    [
      2.6502575565245934e-05,
      0.2681078612804413,
      0.26834574341773987
    ],
    [
      3.523456325638108e-05,
      0.2923141419887543,
      0.271995484828949
    ],
    [
      1.895441164379008e-05,
      0.2897813320159912,
      0.277366042137146
    ],
    [
      2.8497430321294814e-05,
      0.24147576093673706,
      0.23736844956874847
    ],
    [
      2.411682544334326e-05,
      0.2673152685165405,
      0.2672129273414612
    ],
    [
      2.1837875465280376e-05,
      0.26271528005599976,
      0.2558932900428772
    ],
    [
      2.3842505470383912e-05,
      0.36884167790412903,
      0.3431359827518463
    ]
  ],
  "accuracy": [
    [
      0.9997488260269165,
      0.8759855031967163,
      0.877778947353363
    ],
    [
      0.9999641180038452,
      0.893458366394043,
      0.8970035314559937
    ],
    [
      1.0,
      0.9202002882957458,
      0.9232091307640076
    ],
    [
      1.0,
      0.9368208050727844,
      0.9410374760627747
    ],
    [
      1.0,
      0.9502450227737427,
      0.9519922733306885
    ],
    [
      1.0,
      0.9569571614265442,
      0.9588658809661865
    ],
    [
      1.0,
      0.9578095078468323,
      0.9595102667808533
    ],
    [
      1.0,
      0.9602599740028381,
      0.9625174403190613
    ],
    [
      1.0,
      0.959194540977478,
      0.9615508317947388
    ],
    [
      1.0,
      0.9619646072387695,
      0.9636988639831543
    ],
    [
      1.0,
      0.958768367767334,
      0.9610138535499573
    ],
    [
      1.0,
      0.9642019867897034,
      0.9645580649375916
    ],
    [
      1.0,
      0.9584487676620483,
      0.96015465259552
    ],
    [
      1.0,
      0.9628169536590576,
      0.9642358422279358
    ],
    [
      1.0,
      0.9593011140823364,
      0.9615508317947388
    ],
    [
      1.0,
      0.9634562134742737,
      0.9642358422279358
    ],
    [
      1.0,
      0.9569571614265442,
      0.9585436582565308
    ],
    [
      1.0,
      0.9614319205284119,
      0.9636988639831543
    ],
    [
      1.0,
      0.9613254070281982,
      0.9619804620742798
    ],
    [
      1.0,
      0.9619646072387695,
      0.9639136791229248
    ],
    [
      1.0,
      0.9626038670539856,
      0.9633766412734985
    ],
    [
      1.0,
      0.9554656147956848,
      0.9590806365013123
    ],
    [
      1.0,
      0.9580225944519043,
      0.9602620601654053
    ]
  ],
  "precision": [
    [
      0.9992681741714478,
      0.23838384449481964,
      0.25211864709854126
    ],
    [
      1.0,
      0.431850790977478,
      0.4594992697238922
    ],
    [
      1.0,
      0.5972568392753601,
      0.6188679337501526
    ],
    [
      1.0,
      0.6801385879516602,
      0.7033218741416931
    ],
    [
      1.0,
      0.7411894202232361,
      0.7428267598152161
    ],
    [
      1.0,
      0.7862856984138489,
      0.7840785384178162
    ],
    [
      1.0,
      0.7793633341789246,
      0.7818182110786438
    ],
    [
      1.0,
      0.7975391745567322,
      0.8052805066108704
    ],
    [
      1.0,
      0.7800429463386536,
      0.7891949415206909
    ],
    [
      1.0,
      0.8099547624588013,
      0.8144444227218628
    ],
    [
      1.0,
      0.7703549265861511,
      0.7814776301383972
    ],
    [
      1.0,
      0.8431845307350159,
      0.8321759104728699
    ],
    [
      1.0,
      0.764102578163147,
      0.7705583572387695
    ],
    [
      1.0,
      0.8483709096908569,
      0.8386713862419128
    ],
    [
      1.0,
      0.7687564492225647,
      0.7791411280632019
    ],
    [
      1.0,
      0.8435207605361938,
      0.8315911889076233
    ],
    [
      1.0,
      0.7497507333755493,
      0.7579681277275085
    ],
    [
      1.0,
      0.8596026301383972,
      0.8555276393890381
    ],
    [
      1.0,
      0.7895299196243286,
      0.7894737124443054
    ],
    [
      1.0,
      0.8030973672866821,
      0.8100436925888062
    ],
    [
      1.0,
      0.8176605701446533,
      0.8117386698722839
    ],
    [
      1.0,
      0.7497435808181763,
      0.7644084692001343
    ],
    [
      1.0,
      0.8466756939888,
      0.8467532396316528
    ]
  ],
  "recall": [
    [
      0.9981725215911865,
      0.13038673996925354,
      0.13163717091083527
    ],
    [
      0.9996345043182373,
      0.33259668946266174,
      0.3451327383518219
    ],
    [
      1.0,
      0.5292817950248718,
      0.5442478060722351
    ],
    [
      1.0,
      0.6508287191390991,
      0.6792035102844238
    ],
    [
      1.0,
      0.7436463832855225,
      0.7732300758361816
    ],
    [
      1.0,
      0.760221004486084,
      0.7953540086746216
    ],
    [
      1.0,
      0.7845304012298584,
      0.8086283206939697
    ],
    [
      1.0,
      0.7878453135490417,
      0.8097345232963562
    ],
    [
      1.0,
      0.8033149242401123,
      0.8241150379180908
    ],
    [
      1.0,
      0.7911602258682251,
      0.8108407258987427
    ],
    [
      1.0,
      0.8154696226119995,
      0.8307521939277649
    ],
    [
      1.0,
      0.7723757028579712,
      0.7953540086746216
    ],
    [
      1.0,
      0.8232043981552124,
      0.8396017551422119
    ],
    [
      1.0,
      0.7480663061141968,
      0.7820796370506287
    ],
    [
      1.0,
      0.8265193104743958,
      0.8429203629493713
    ],
    [
      1.0,
      0.7624309659004211,
      0.7920354008674622
    ],
    [
      1.0,
      0.8309392333030701,
      0.8418141603469849
    ],
    [
      1.0,
      0.7171270847320557,
      0.7533186078071594
    ],
    [
      1.0,
      0.8165745735168457,
      0.8296459913253784
    ],
    [
      1.0,
      0.8022099733352661,
      0.8207964897155762
    ],
    [
      1.0,
      0.7878453135490417,
      0.8108407258987427
    ],
    [
      1.0,
      0.8077347874641418,
      0.8362832069396973
    ],
    [
      1.0,
      0.6895027756690979,
      0.721238911151886
    ]
  ],