{
  "loss": [
    [
      0.0796065703034401,
      0.2683638334274292,
      0.25619375705718994
    ],
    [
      0.066945880651474,
      0.22755593061447144,
      0.2077886015176773
    ],
    [
      0.06683183461427689,
      0.25176894664764404,
      0.22178015112876892
    ],
    [
      0.06675903499126434,
      0.25880441069602966,
      0.2268487811088562
    ],
    [
      0.06674492359161377,
      0.25393176078796387,
      0.21809116005897522
    ],
    [
      0.06678403168916702,
      0.23354868590831757,
      0.19957470893859863
    ],
    [
      0.06681130081415176,
      0.2123316526412964,
      0.1813216358423233
    ],
    [
      0.06681536138057709,
      0.19696928560733795,
      0.16930076479911804
    ],
    [
      0.06690486520528793,
      0.18493029475212097,
      0.16042856872081757
    ],
    [
      0.06696058809757233,
      0.17738814651966095,
      0.15554361045360565
    ],
    [
      0.06703710556030273,
      0.17265373468399048,
      0.15248438715934753
    ],
    [
      0.06705184280872345,
      0.1683822125196457,
      0.1486523151397705
    ]
  ],
  "accuracy": [
    [
      0.9038324356079102,
      0.8986765146255493,
      0.9021669030189514
    ],
    [
      0.9037967324256897,
      0.8986765146255493,
      0.9020596146583557
    ],
    [
      0.9037967324256897,
      0.8986765146255493,
      0.9020596146583557
    ],
    [
      0.9037967324256897,
      0.8986765146255493,
      0.9020596146583557
    ],
    [
      0.9037967324256897,
      0.8986765146255493,
      0.9020596146583557
    ],
    [
      0.9037967324256897,
      0.8986765146255493,
      0.9020596146583557
    ],
    [
      0.9037967324256897,
      0.8986765146255493,
      0.9020596146583557
    ],
    [
      0.9037967324256897,
      0.8986765146255493,
      0.9020596146583557
    ],
    [
      0.9037967324256897,
      0.8986765146255493,
      0.9020596146583557
    ],
    [
      0.9037967324256897,
      0.8987849950790405,
      0.9020596146583557
    ],
    [
      0.9037967324256897,
      0.8987849950790405,
      0.9020596146583557
    ],
    [
      0.9037967324256897,
      0.8987849950790405,
      0.9020596146583557
    ]
  ],
  "precision": [
    [
      1.0,
      0.0,
      0.0
    ],
    [
      1.0,
      0.0,
      0.0
    ],
    [
      1.0,
      0.0,
      0.0
    ],
    [
      1.0,
      0.0,
      0.0
    ],
    [
      1.0,
      0.0,
      0.0
    ],
    [
      1.0,
      0.0,
      0.0
    ],
    [
      1.0,
      0.0,
      0.0
    ],
    [
      1.0,
      0.0,
      0.0
    ],
    [
      1.0,
      0.0,
      0.0
    ],
    [
      1.0,
      0.0,
      0.0
    ],
    [
      1.0,
      0.0,
      0.0
    ],
    [
      1.0,
      0.0,
      0.0
    ]
  ],
  "recall": [
    [
      0.0018518518190830946,
      0.0,
      0.0
    ],
    [
      0.00148148147854954,
      0.0,
      0.0
    ],
    [
      0.00148148147854954,
      0.0,
      0.0
    ],
    [
      0.00148148147854954,
      0.0,
      0.0
    ],
    [
      0.00148148147854954,
      0.0,
      0.0
    ],
    [
      0.00148148147854954,
      0.0,
      0.0
    ],
    [
      0.00148148147854954,
      0.0,
      0.0
    ],
    [
      0.00148148147854954,
      0.0,
      0.0
    ],
    [
      0.00148148147854954,
      0.0,
      0.0
    ],
    [
      0.00148148147854954,
      0.0,
      0.0
    ],
    [
      0.00148148147854954,
      0.0,
      0.0
    ],
    [
      0.00148148147854954,
      0.0,
      0.0
    ]
  ],
  "f1": [
    [
      0.0036968577187508345,
      0.0,
      0.0
    ],
    [
      0.002958579920232296,
      0.0,
      0.0
    ],
    [
      0.002958579920232296,
      0.0,
      0.0
    ],
    [
      0.002958579920232296,
      0.0,
      0.0
    ],
    [
      0.002958579920232296,
      0.0,
      0.0
    ],
    [
      0.002958579920232296,
      0.0,
      0.0
    ],
    [
      0.002958579920232296,
      0.0,
      0.0
    ],
    [
      0.002958579920232296,
      0.0,
      0.0
    ],
    [
      0.002958579920232296,
      0.0,
      0.0
    ],
    [
      0.002958579920232296,
      0.0,
      0.0
    ],
    [
      0.002958579920232296,
      0.0,
      0.0
    ],
    [
      0.002958579920232296,
      0.0,
      0.0
    ]
  ],
  "auc": [
    [
      0.5009258985519409,
      0.4999396502971649,
      0.5
    ],
    [
      0.5007407665252686,
      0.4999396502971649,
      0.49994054436683655
    ],
    [
      0.5007407665252686,
      0.4999396502971649,
      0.49994054436683655
    ],
    [
      0.5007407665252686,
      0.4999396502971649,
      0.49994054436683655
    ],
    [
      0.5007407665252686,
      0.4999396502971649,
      0.49994054436683655
    ],
    [
      0.5007407665252686,
      0.4999396502971649,
      0.49994054436683655
    ],
    [
      0.5007407665252686,
      0.4999396502971649,
      0.49994054436683655
    ],
    [
      0.5007407665252686,
      0.4999396502971649,
      0.49994054436683655
    ],
    [
      0.5007407665252686,
      0.4999396502971649,
      0.49994054436683655
    ],
    [
      0.5007407665252686,
      0.5,
      0.49994054436683655
    ],
    [
      0.5007407665252686,
      0.5,
      0.49994054436683655
    ],
    [
      0.5007407665252686,
      0.5,
      0.49994054436683655
    ]
  ]
}