{
  "loss": [
    [
      0.0852377861738205,
      0.2370682656764984,
      0.24596618115901947
    ],
    [
      0.06957747042179108,
      0.19340312480926514,
      0.20325718820095062
    ],
    [
      0.06920929253101349,
      0.17667493224143982,
      0.1872631013393402
    ],
    [
      0.0691148042678833,
      0.1899770349264145,
      0.19872350990772247
    ],
    [
      0.06906875222921371,
      0.1986178457736969,
      0.20676609873771667
    ],
    [
      0.06906019896268845,
      0.19525893032550812,
      0.2036592662334442
    ],
    [
      0.06906268000602722,
      0.18449129164218903,
      0.19507722556591034
    ],
    [
      0.06907506287097931,
      0.16643576323986053,
      0.1790609210729599
    ],
    [
      0.06923316419124603,
      0.1540973037481308,
      0.16790923476219177
    ],
    [
      0.06931750476360321,
      0.14664342999458313,
      0.16086150705814362
    ],
    [
      0.06934594362974167,
      0.1416516751050949,
      0.1560576856136322
    ],
    [
      0.06944318115711212,
      0.13921992480754852,
      0.15341925621032715
    ]
  ],
  "accuracy": [
    [
      0.9004747867584229,
      0.9080285429954529,
      0.9027822613716125
    ],
    [
      0.9004033803939819,
      0.9080285429954529,
      0.9027822613716125
    ],
    [
      0.9004033803939819,
      0.9080285429954529,
      0.9027822613716125
    ],
    [
      0.9004033803939819,
      0.9080285429954529,
      0.9027822613716125
    ],
    [
      0.9004033803939819,
      0.9080285429954529,
      0.9027822613716125
    ],
    [
      0.9004033803939819,
      0.9080285429954529,
      0.9027822613716125
    ],
    [
      0.9004033803939819,
      0.9080285429954529,
      0.9027822613716125
    ],
    [
      0.9004033803939819,
      0.9080285429954529,
      0.9027822613716125
    ],
    [
      0.9004033803939819,
      0.9080285429954529,
      0.9027822613716125
    ],
    [
      0.9004033803939819,
      0.9080285429954529,
      0.9027822613716125
    ],
    [
      0.9004033803939819,
      0.9080285429954529,
      0.9027822613716125
    ],
    [
      0.9004033803939819,
      0.9080285429954529,
      0.9027822613716125
    ]
  ],
  "precision": [
    [
      1.0,
      0.0,
      0.0
    ],
    [
      0.0,
      0.0,
      0.0
    ],
    [
      0.0,
      0.0,
      0.0
    ],
    [
      0.0,
      0.0,
      0.0
    ],
    [
      0.0,
      0.0,
      0.0
    ],
    [
      0.0,
      0.0,
      0.0
    ],
    [
      0.0,
      0.0,
      0.0
    ],
    [
      0.0,
      0.0,
      0.0
    ],
    [
      0.0,
      0.0,
      0.0
    ],
    [
      0.0,
      0.0,
      0.0
    ],
    [
      0.0,
      0.0,
      0.0
    ],
    [
      0.0,
      0.0,
      0.0
    ]
  ],
  "recall": [
    [
      0.0007168458541855216,
      0.0,
      0.0
    ],
    [
      0.0,
      0.0,
      0.0
    ],
    [
      0.0,
      0.0,
      0.0
    ],
    [
      0.0,
      0.0,
      0.0
    ],
    [
      0.0,
      0.0,
      0.0
    ],
    [
      0.0,
      0.0,
      0.0
    ],
    [
      0.0,
      0.0,
      0.0
    ],
    [
      0.0,
      0.0,
      0.0
    ],
    [
      0.0,
      0.0,
      0.0
    ],
    [
      0.0,
      0.0,
      0.0
    ],
    [
      0.0,
      0.0,
      0.0
    ],
    [
      0.0,
      0.0,
      0.0
    ]
  ],
  "f1": [
    [
      0.0014326648088172078,
      0.0,
      0.0
    ],
    [
      0.0,
      0.0,
      0.0
    ],
    [
      0.0,
      0.0,
      0.0
    ],
    [
      0.0,
      0.0,
      0.0
    ],
    [
      0.0,
      0.0,
      0.0
    ],
    [
      0.0,
      0.0,
      0.0
    ],
    [
      0.0,
      0.0,
      0.0
    ],
    [
      0.0,
      0.0,
      0.0
    ],
    [
      0.0,
      0.0,
      0.0
    ],
    [
      0.0,
      0.0,
      0.0
    ],
    [
      0.0,
      0.0,
      0.0
    ],
    [
      0.0,
      0.0,
      0.0
    ]
  ],
  "auc": [
    [
      0.5003584027290344,
      0.5,
      0.5
    ],
    [
      0.5,
      0.5,
      0.5
    ],
    [
      0.5,
      0.5,
      0.5
    ],
    [
      0.5,
      0.5,
      0.5
    ],
    [
      0.5,
      0.5,
      0.5
    ],
    [
      0.5,
      0.5,
      0.5
    ],
    [
      0.5,
      0.5,
      0.5
    ],
    [
      0.5,
      0.5,
      0.5
    ],
    [
      0.5,
      0.5,
      0.5
    ],
    [
      0.5,
      0.5,
      0.5
    ],
    [
      0.5,
      0.5,
      0.5
    ],
    [
      0.5,
      0.5,
      0.5
    ]
  ]
}