{
  "loss": [
    [
      0.0871330052614212,
      0.23494553565979004,
      0.244998961687088
    ],
    [
      0.06934507936239243,
      0.21287210285663605,
      0.2163243591785431
    ],
    [
      0.06890982389450073,
      0.21277454495429993,
      0.21761594712734222
    ],
    [
      0.06880710273981094,
      0.20315544307231903,
      0.20827288925647736
    ],
    [
      0.06879034638404846,
      0.19322702288627625,
      0.1996837556362152
    ],
    [
      0.06879958510398865,
      0.17402976751327515,
      0.18355289101600647
    ],
    [
      0.06879612803459167,
      0.16847501695156097,
      0.1785202920436859
    ],
    [
      0.06883726269006729,
      0.16197480261325836,
      0.17249636352062225
    ],
    [
      0.06888283789157867,
      0.15978355705738068,
      0.1701568365097046
    ],
    [
      0.0689966008067131,
      0.15767624974250793,
      0.16857780516147614
    ],
    [
      0.0690724104642868,
      0.15565970540046692,
      0.16659292578697205
    ],
    [
      0.06908809393644333,
      0.15590034425258636,
      0.16692671179771423
    ],
    [
      0.06913673877716064,
      0.154354065656662,
      0.16588366031646729
    ]
  ],
  "accuracy": [
    [
      0.900938868522644,
      0.9080285429954529,
      0.9026748538017273
    ],
    [
      0.9008674621582031,
      0.908136785030365,
      0.9027822613716125
    ],
    [
      0.9008674621582031,
      0.908136785030365,
      0.9027822613716125
    ],
    [
      0.9008674621582031,
      0.908136785030365,
      0.9027822613716125
    ],
    [
      0.9008674621582031,
      0.908136785030365,
      0.9027822613716125
    ],
    [
      0.9008674621582031,
      0.908136785030365,
      0.9028896689414978
    ],
    [
      0.9008674621582031,
      0.908136785030365,
      0.9028896689414978
    ],
    [
      0.9008674621582031,
      0.908136785030365,
      0.9028896689414978
    ],
    [
      0.9008674621582031,
      0.908136785030365,
      0.9028896689414978
    ],
    [
      0.9008674621582031,
      0.908136785030365,
      0.9028896689414978
    ],
    [
      0.9008674621582031,
      0.908136785030365,
      0.9028896689414978
    ],
    [
      0.9008674621582031,
      0.908136785030365,
      0.9029970765113831
    ],
    [
      0.9008674621582031,
      0.908136785030365,
      0.9029970765113831
    ]
  ],
  "precision": [
    [
      1.0,
      0.0,
      0.0
    ],
    [
      1.0,
      1.0,
      0.5
    ],
    [
      1.0,
      1.0,
      0.5
    ],
    [
      1.0,
      1.0,
      0.5
    ],
    [
      1.0,
      1.0,
      0.5
    ],
    [
      1.0,
      1.0,
      0.6666666865348816
    ],
    [
      1.0,
      1.0,
      0.6666666865348816
    ],
    [
      1.0,
      1.0,
      0.6666666865348816
    ],
    [
      1.0,
      1.0,
      0.6666666865348816
    ],
    [
      1.0,
      1.0,
      0.6666666865348816
    ],
    [
      1.0,
      1.0,
      0.6666666865348816
    ],
    [
      1.0,
      1.0,
      1.0
    ],
    [
      1.0,
      1.0,
      1.0
    ]
  ],
  "recall": [
    [
      0.005376344081014395,
      0.0,
      0.0
    ],
    [
      0.004659498110413551,
      0.001176470541395247,
      0.0011049723252654076
    ],
    [
      0.004659498110413551,
      0.001176470541395247,
      0.0011049723252654076
    ],
    [
      0.004659498110413551,
      0.001176470541395247,
      0.0011049723252654076
    ],
    [
      0.004659498110413551,
      0.001176470541395247,
      0.0011049723252654076
    ],
    [
      0.004659498110413551,
      0.001176470541395247,
      0.002209944650530815
    ],
    [
      0.004659498110413551,
      0.001176470541395247,
      0.002209944650530815
    ],
    [
      0.004659498110413551,
      0.001176470541395247,
      0.002209944650530815
    ],
    [
      0.004659498110413551,
      0.001176470541395247,
      0.002209944650530815
    ],
    [
      0.004659498110413551,
      0.001176470541395247,
      0.002209944650530815
    ],
    [
      0.004659498110413551,
      0.001176470541395247,
      0.002209944650530815
    ],
    [
      0.004659498110413551,
      0.001176470541395247,
      0.002209944650530815
    ],
    [
      0.004659498110413551,
      0.001176470541395247,
      0.002209944650530815
    ]
  ],
  "f1": [
    [
      0.010695187374949455,
      0.0,
      0.0
    ],
    [
      0.009275776334106922,
      0.0023501762188971043,
      0.0022050717379897833
    ],
    [
      0.009275776334106922,
      0.0023501762188971043,
      0.0022050717379897833
    ],
    [
      0.009275776334106922,
      0.0023501762188971043,
      0.0022050717379897833
    ],
    [
      0.009275776334106922,
      0.0023501762188971043,
      0.0022050717379897833
    ],
    [
      0.009275776334106922,
      0.0023501762188971043,
      0.0044052861630916595
    ],
    [
      0.009275776334106922,
      0.0023501762188971043,
      0.0044052861630916595
    ],
    [
      0.009275776334106922,
      0.0023501762188971043,
      0.0044052861630916595
    ],
    [
      0.009275776334106922,
      0.0023501762188971043,
      0.0044052861630916595
    ],
    [
      0.009275776334106922,
      0.0023501762188971043,
      0.0044052861630916595
    ],
    [
      0.009275776334106922,
      0.0023501762188971043,
      0.0044052861630916595
    ],
    [
      0.009275776334106922,
      0.0023501762188971043,
      0.004410143475979567
    ],
    [
      0.009275776334106922,
      0.0023501762188971043,
      0.004410143475979567
    ]
  ],
  "auc": [
    [
      0.5026881694793701,
      0.5,
      0.49994051456451416
    ],
    [
      0.5023297667503357,
      0.5005882382392883,
      0.5004929900169373
    ],
    [
      0.5023297667503357,
      0.5005882382392883,
      0.5004929900169373
    ],
    [
      0.5023297667503357,
      0.5005882382392883,
      0.5004929900169373
    ],
    [
      0.5023297667503357,
      0.5005882382392883,
      0.5004929900169373
    ],
    [
      0.5023297667503357,
      0.5005882382392883,
      0.5010454654693604
    ],
    [
      0.5023297667503357,
      0.5005882382392883,
      0.5010454654693604
    ],
    [
      0.5023297667503357,
      0.5005882382392883,
      0.5010454654693604
    ],
    [
      0.5023297667503357,
      0.5005882382392883,
      0.5010454654693604
    ],
    [
      0.5023297667503357,
      0.5005882382392883,
      0.5010454654693604
    ],
    [
      0.5023297667503357,
      0.5005882382392883,
      0.5010454654693604
    ],
    [
      0.5023297667503357,
      0.5005882382392883,
      0.5011049509048462
    ],
    [
      0.5023297667503357,
      0.5005882382392883,
      0.5011049509048462
    ]
  ]
}