{
    "bgnn-agnn": {
        "mean": {
            "val": {
                "accuracy": 0.9656721353530884,
                "precision": 0.8024149537086487,
                "recall": 0.8453608155250549,
                "f1": 0.820570170879364
            },
            "test": {
                "accuracy": 0.9659812450408936,
                "precision": 0.8373151421546936,
                "recall": 0.8103070259094238,
                "f1": 0.8236607313156128
            },
            "time": 79.14297747612
        },
        "std": {
            "val": {
                "accuracy": 0.0,
                "precision": 0.0,
                "recall": 0.0,
                "f1": 0.0
            },
            "test": {
                "accuracy": 0.0,
                "precision": 0.0,
                "recall": 0.0,
                "f1": 0.0
            },
            "time": 0.0
        }
    }
}