{
  "loss": [
    [
      0.06950404495000839,
      0.3008962571620941,
      0.3193712532520294
    ],
    [
      0.003400431713089347,
      0.3828113377094269,
      0.40923506021499634
    ],
    [
      0.001661549904383719,
      0.3575623631477356,
      0.38361856341362
    ],
    [
      0.0013211348559707403,
      0.3057563006877899,
      0.3344281315803528
    ],
    [
      0.0011190102668479085,
      0.2589308023452759,
      0.2905502915382385
    ],
    [
      0.0009909465443342924,
      0.19614602625370026,
      0.23870155215263367
    ],
    [
      0.000810135155916214,
      0.1626387983560562,
      0.21020212769508362
    ],
    [
      0.0006951240357011557,
      0.15335452556610107,
      0.19964776933193207
    ],
    [
      0.0005935010849498212,
      0.14921964704990387,
      0.19616417586803436
    ],
    [
      0.0005067871534265578,
      0.145652636885643,
      0.19552107155323029
    ],
    [
      0.00043609627755358815,
      0.14266014099121094,
      0.19599194824695587
    ],
    [
      0.00038083994877524674,
      0.14206209778785706,
      0.19769902527332306
    ],
    [
      0.00033683166839182377,
      0.1428450495004654,
      0.20028531551361084
    ],
    [
      0.0003031431988347322,
      0.146791011095047,
      0.20508451759815216
    ],
    [
      0.00028199952794238925,
      0.15148764848709106,
      0.21039430797100067
    ],
    [
      0.0002672145492397249,
      0.15372590720653534,
      0.2135012298822403
    ],
    [
      0.0002494833606760949,
      0.15332037210464478,
      0.21367131173610687
    ],
    [
      0.00022979159257374704,
      0.15275762975215912,
      0.2139742523431778
    ],
    [
      0.00021240503701847047,
      0.152583047747612,
      0.21393664181232452
    ],
    [
      0.000195860760868527,
      0.1530480533838272,
      0.21466967463493347
    ],
    [
      0.00018117633590009063,
      0.15365298092365265,
      0.2162320464849472
    ],
    [
      0.00016840033640619367,
      0.15492968261241913,
      0.2183714359998703
    ]
  ],
  "accuracy": [
    [
      0.9837218523025513,
      0.9032676815986633,
      0.8978407979011536
    ],
    [
      0.9996073246002197,
      0.9018610715866089,
      0.8965517282485962
    ],
    [
      0.9998571872711182,
      0.9117074012756348,
      0.9067568778991699
    ],
    [
      0.9999642968177795,
      0.9240424036979675,
      0.9197551012039185
    ],
    [
      1.0,
      0.9350789785385132,
      0.9307122230529785
    ],
    [
      1.0,
      0.9483878016471863,
      0.9438177943229675
    ],
    [
      1.0,
      0.9600735902786255,
      0.9530561566352844
    ],
    [
      1.0,
      0.9636442065238953,
      0.9557417631149292
    ],
    [
      1.0,
      0.9645098447799683,
      0.9578902125358582
    ],
    [
      1.0,
      0.9663493037223816,
      0.9593941569328308
    ],
    [
      1.0,
      0.9667820930480957,
      0.9608980417251587
    ],
    [
      1.0,
      0.9667820930480957,
      0.9599312543869019
    ],
    [
      1.0,
      0.9658082723617554,
      0.9600386619567871
    ],
    [
      1.0,
      0.9642934203147888,
      0.9577828049659729
    ],
    [
      1.0,
      0.9629950523376465,
      0.9564937353134155
    ],
    [
      1.0,
      0.9621294140815735,
      0.9566011428833008
    ],
    [
      1.0,
      0.9618048071861267,
      0.9569234251976013
    ],
    [
      1.0,
      0.962778627872467,
      0.9570308327674866
    ],
    [
      1.0,
      0.9628868103027344,
      0.9576753973960876
    ],
    [
      1.0,
      0.9632114171981812,
      0.9578902125358582
    ],
    [
      1.0,
      0.9633195996284485,
      0.9581050872802734
    ],
    [
      1.0,
      0.9635360240936279,
      0.9579976201057434
    ]
  ],
  "precision": [
    [
      0.9834299683570862,
      0.2924528419971466,
      0.2982456088066101
    ],
    [
      0.9974937438964844,
      0.44592031836509705,
      0.44947734475135803
    ],
    [
      0.9992831349372864,
      0.5263975262641907,
      0.5265423059463501
    ],
    [
      0.9996417164802551,
      0.6138461828231812,
      0.6088154315948486
    ],
    [
      1.0,
      0.6876876950263977,
      0.6715039610862732
    ],
    [
      1.0,
      0.7738619446754456,
      0.75
    ],
    [
      1.0,
      0.8228188157081604,
      0.7917705774307251
    ],
    [
      1.0,
      0.8372703194618225,
      0.7987878918647766
    ],
    [
      1.0,
      0.8346154093742371,
      0.8071856498718262
    ],
    [
      1.0,
      0.8415716290473938,
      0.8067520260810852
    ],
    [
      1.0,
      0.8347718715667725,
      0.8077360391616821
    ],
    [
      1.0,
      0.8235995173454285,
      0.796875
    ],
    [
      1.0,
      0.8083140850067139,
      0.7899891138076782
    ],
    [
      1.0,
      0.7895323038101196,
      0.7689075469970703
    ],
    [
      1.0,
      0.7754880785942078,
      0.7566735148429871
    ],
    [
      1.0,
      0.7682403326034546,
      0.7569230794906616
    ],
    [
      1.0,
      0.7669172883033752,
      0.7603305578231812
    ],
    [
      1.0,
      0.7749999761581421,
      0.7611168622970581
    ],
    [
      1.0,
      0.7764449119567871,
      0.7658689022064209
    ],
    [
      1.0,
      0.7789934277534485,
      0.7680251002311707
    ],
    [
      1.0,
      0.7804610133171082,
      0.7685088515281677
    ],
    [
      1.0,
      0.7803278565406799,
      0.7671517729759216
    ]
  ],
  "recall": [
    [
      0.8508960604667664,
      0.03647058829665184,
      0.037569060921669006
    ],
    [
      0.9985663294792175,
      0.2764706015586853,
      0.2850828766822815
    ],
    [
      0.9992831349372864,
      0.3988235294818878,
      0.4055248498916626
    ],
    [
      1.0,
      0.4694117605686188,
      0.4883977770805359
    ],
    [
      1.0,
      0.5388235449790955,
      0.5624309182167053
    ],
    [
      1.0,
      0.6200000047683716,
      0.6331491470336914
    ],
    [
      1.0,
      0.7211764454841614,
      0.7016574740409851
    ],
    [
      1.0,
      0.7505882382392883,
      0.7281767725944519
    ],
    [
      1.0,
      0.7658823728561401,
      0.7447513937950134
    ],
    [
      1.0,
      0.7811764478683472,
      0.7657458782196045
    ],
    [
      1.0,
      0.796470582485199,
      0.7845304012298584
    ],
    [
      1.0,
      0.8129411935806274,
      0.7889502644538879
    ],
    [
      1.0,
      0.8235294222831726,
      0.8022099733352661
    ],
    [
      1.0,
      0.8341176509857178,
      0.8088397979736328
    ],
    [
      1.0,
      0.841176450252533,
      0.8143646121025085
    ],
    [
      1.0,
      0.8423529267311096,
      0.8154696226119995
    ],
    [
      1.0,
      0.8399999737739563,
      0.8132596611976624
    ],
    [
      1.0,
      0.8388235569000244,
      0.8132596611976624
    ],
    [
      1.0,
      0.8376470804214478,
      0.8132596611976624
    ],
    [
      1.0,
      0.8376470804214478,
      0.8121547102928162
    ],
    [
      1.0,
      0.8364706039428711,
      0.8143646121025085
    ],
    [
      1.0,
      0.8399999737739563,
      0.8154696226119995
    ]
  ],