{
  "loss": [
    [
      0.005737146828323603,
      0.14855146408081055,
      0.16180792450904846
    ],
    [
      0.0002572423545643687,
      0.11813459545373917,
      0.12809573113918304
    ],
    [
      0.0002002560067921877,
      0.1096976175904274,
      0.11975384503602982
    ],
    [
      0.00015035390970297158,
      0.11632515490055084,
      0.12567970156669617
    ],
    [
      0.00011644960613921285,
      0.13109193742275238,
      0.1407613605260849
    ],
    [
      0.00010218810348305851,
      0.14249694347381592,
      0.15367421507835388
    ],
    [
      8.541469287592918e-05,
      0.1424962729215622,
      0.15159259736537933
    ],
    [
      4.654772419598885e-05,
      0.12818671762943268,
      0.13488484919071198
    ],
    [
      4.62171810795553e-05,
      0.1324652135372162,
      0.14218971133232117
    ],
    [
      4.042293949169107e-05,
      0.1420617699623108,
      0.1522107571363449
    ],
    [
      3.481991734588519e-05,
      0.1511857509613037,
      0.16062404215335846
    ],
    [
      3.2046311389422044e-05,
      0.16450023651123047,
      0.17416708171367645
    ],
    [
      3.0413910280913115e-05,
      0.19602352380752563,
      0.20639687776565552
    ],
    [
      3.249256042181514e-05,
      0.24904780089855194,
      0.2648489475250244
    ],
    [
      2.9929764423286542e-05,
      0.3428868353366852,
      0.3732266128063202
    ]
  ],
  "accuracy": [
    [
      0.999786376953125,
      0.9564751386642456,
      0.9543019533157349
    ],
    [
      0.9999644160270691,
      0.963121771812439,
      0.9614081382751465
    ],
    [
      0.9999644160270691,
      0.9706260561943054,
      0.9675303101539612
    ],
    [
      0.9999644160270691,
      0.9711620807647705,
      0.9685142636299133
    ],
    [
      0.9999644160270691,
      0.9696612358093262,
      0.9667650461196899
    ],
    [
      0.9999644160270691,
      0.968267560005188,
      0.9664371013641357
    ],
    [
      0.9999644160270691,
      0.9679459929466248,
      0.9680769443511963
    ],
    [
      1.0,
      0.9705188870429993,
      0.9702634811401367
    ],
    [
      1.0,
      0.9712693095207214,
      0.9691702127456665
    ],
    [
      1.0,
      0.9704116582870483,
      0.9682956337928772
    ],
    [
      1.0,
      0.9699828624725342,
      0.9674209952354431
    ],
    [
      1.0,
      0.968267560005188,
      0.9665464162826538
    ],
    [
      1.0,
      0.9661235213279724,
      0.9640319347381592
    ],
    [
      1.0,
      0.9611921310424805,
      0.959112286567688
    ],
    [
      1.0,
      0.9559391140937805,
      0.954520583152771
    ]
  ],
  "precision": [
    [
      1.0,
      0.9681908488273621,
      0.961693525314331
    ],
    [
      1.0,
      0.9019607901573181,
      0.9092331528663635
    ],
    [
      1.0,
      0.9401459693908691,
      0.9251101613044739
    ],
    [
      1.0,
      0.9053333401679993,
      0.9060773253440857
    ],
    [
      1.0,
      0.8897637724876404,
      0.8813333511352539
    ],
    [
      1.0,
      0.8974007964134216,
      0.8967921733856201
    ],
    [
      1.0,
      0.9036312699317932,
      0.9159544110298157
    ],
    [
      1.0,
      0.9157458543777466,
      0.9171270728111267
    ],
    [
      1.0,
      0.9282700419425964,
      0.9171348214149475
    ],
    [
      1.0,
      0.9274537563323975,
      0.918571412563324
    ],
    [
      1.0,
      0.9270386099815369,
      0.915229856967926
    ],
    [
      1.0,
      0.9204052090644836,
      0.9154518842697144
    ],
    [
      1.0,
      0.9118942618370056,
      0.9125188589096069
    ],
    [
      1.0,
      0.9055117964744568,
      0.9128289222717285
    ],
    [
      1.0,
      0.8909395933151245,
      0.8993055820465088
    ]
  ],
  "recall": [
    [
      0.9978510141372681,
      0.5553021430969238,
      0.5445205569267273
    ],
    [
      0.9996418356895447,
      0.6818699836730957,
      0.663241982460022
    ],
    [
      0.9996418356895447,
      0.7343215346336365,
      0.7191780805587769
    ],
    [
      0.9996418356895447,
      0.7742303013801575,
      0.7488584518432617
    ],
    [
      0.9996418356895447,
      0.7730900645256042,
      0.7545661926269531
    ],
    [
      0.9996418356895447,
      0.7480045557022095,
      0.7340182662010193
    ],
    [
      0.9996418356895447,
      0.7377423048019409,
      0.7340182662010193
    ],
    [
      1.0,
      0.7559863328933716,
      0.7579908967018127
    ],
    [
      1.0,
      0.7525655627250671,
      0.7454338073730469
    ],
    [
      1.0,
      0.7434435486793518,
      0.7340182662010193
    ],
    [
      1.0,
      0.7388825416564941,
      0.7271689772605896
    ],
    [
      1.0,
      0.7251995205879211,
      0.7168949842453003
    ],
    [
      1.0,
      0.7080957889556885,
      0.6906392574310303
    ],
    [
      1.0,
      0.6556442379951477,
      0.6335616707801819
    ],
    [
      1.0,
      0.6054732203483582,
      0.5913242101669312
    ]
  ],
  "f1": [
    [
      0.9989243745803833,
      0.7057970762252808,
      0.6953352689743042
    ],
    [
      0.99982088804245,
      0.7766233682632446,
      0.7669966816902161
    ],
    [
      0.99982088804245,
      0.824583888053894,
      0.8092485666275024
    ],
    [
      0.99982088804245,
      0.8346650004386902,
      0.8199999928474426
    ],
    [
      0.99982088804245,
      0.8273337483406067,
      0.8130381107330322
    ],
    [
      0.99982088804245,
      0.8159204125404358,
      0.8072818517684937
    ],
    [
      0.99982088804245,
      0.8123038411140442,
      0.8149556517601013
    ],
    [
      1.0,
      0.8282323479652405,
      0.8299999833106995
    ],
    [
      1.0,
      0.8312342762947083,
      0.8224181532859802
    ],
    [
      1.0,
      0.8253164291381836,
      0.8159898519515991
    ],
    [
      1.0,
      0.8223350048065186,
      0.8104325532913208
    ],
    [
      1.0,
      0.8112244606018066,
      0.8040972948074341
    ],
    [
      1.0,
      0.7971758842468262,
      0.7862248420715332
    ],
    [
      1.0,
      0.7605820298194885,
      0.7479784488677979
    ],
    [
      1.0,
      0.7209776043891907,
      0.7134986519813538
    ]
  ],
  "auc": [
    [
      0.998925507068634,
      0.7767044305801392,
      0.7711116671562195
    ],
    [
      0.99982088804245,
      0.8370893001556396,
      0.8281148076057434
    ],
    [
      0.99982088804245,
      0.8647350072860718,
      0.8565059900283813
    ],
    [
      0.99982088804245,
      0.8829144835472107,
      0.8703184723854065
    ],
    [
      0.99982088804245,
      0.8815752267837524,
      0.8719028830528259
    ],
    [
      0.99982088804245,
      0.869564950466156,
      0.8625356554985046
    ],
    [
      0.99982088804245,
      0.8647887706756592,
      0.8634424805641174
    ],
    [
      1.0,
      0.8743841052055359,
      0.8753682971000671
    ],
    [
      1.0,
      0.8732653856277466,
      0.8691502213478088
    ],
    [
      1.0,
      0.8687043786048889,
      0.8635633587837219
    ],
    [
      1.0,
      0.8664239048957825,
      0.8600177764892578
    ],
    [
      1.0,
      0.8593457341194153,
      0.8549412488937378
    ],
    [
      1.0,
      0.8504980206489563,
      0.8418133854866028
    ],
    [
      1.0,
      0.8242722153663635,
      0.813576877117157
    ],
    [
      1.0,
      0.7988908886909485,
      0.7921558618545532
    ]
  ]
}