{
  "loss": [
    [
      0.018074484542012215,
      0.2199087291955948,
      0.23065000772476196
    ],
    [
      0.00022311706561595201,
      0.17562466859817505,
      0.18249094486236572
    ],
    [
      8.883082773536444e-05,
      0.142546609044075,
      0.1478547304868698
    ],
    [
      6.327723531285301e-05,
      0.1300639510154724,
      0.13624797761440277
    ],
    [
      6.079124068492092e-05,
      0.11808441579341888,
      0.12432195991277695
    ],
    [
      4.228386387694627e-05,
      0.12004722654819489,
      0.12886476516723633
    ],
    [
      3.0203087590052746e-05,
      0.133323073387146,
      0.14210659265518188
    ],
    [
      2.2407226424547844e-05,
      0.18282389640808105,
      0.19056227803230286
    ],
    [
      1.6113339370349422e-05,
      0.24696572124958038,
      0.2680872082710266
    ],
    [
      2.9697888749069534e-05,
      0.276969313621521,
      0.29634156823158264
    ],
    [
      2.0261382815078832e-05,
      0.3004807233810425,
      0.3096611797809601
    ],
    [
      4.047480251756497e-05,
      0.22508211433887482,
      0.24095900356769562
    ],
    [
      1.5871532013989054e-05,
      0.2022680938243866,
      0.20885130763053894
    ],
    [
      3.204596578143537e-05,
      0.18933400511741638,
      0.20595721900463104
    ],
    [
      1.2077811334165744e-05,
      0.18616944551467896,
      0.19435736536979675
    ],
    [
      2.8628703148569912e-05,
      0.16063770651817322,
      0.17506946623325348
    ],
    [
      1.420053649781039e-05,
      0.16147242486476898,
      0.17471303045749664
    ]
  ],
  "accuracy": [
    [
      0.9995015859603882,
      0.921312153339386,
      0.9192084670066833
    ],
    [
      0.9999644160270691,
      0.947255551815033,
      0.9470864534378052
    ],
    [
      1.0,
      0.9621569514274597,
      0.9610801339149475
    ],
    [
      1.0,
      0.9679459929466248,
      0.9654531478881836
    ],
    [
      1.0,
      0.9718053340911865,
      0.9701541662216187
    ],
    [
      1.0,
      0.9724485278129578,
      0.9699354767799377
    ],
    [
      1.0,
      0.9705188870429993,
      0.9680769443511963
    ],
    [
      1.0,
      0.963336169719696,
      0.9614081382751465
    ],
    [
      1.0,
      0.9606561064720154,
      0.9588935971260071
    ],
    [
      1.0,
      0.9557247161865234,
      0.9558325409889221
    ],
    [
      1.0,
      0.9594768285751343,
      0.9580190181732178
    ],
    [
      1.0,
      0.9670883417129517,
      0.9639226198196411
    ],
    [
      1.0,
      0.9690179824829102,
      0.9679676294326782
    ],
    [
      1.0,
      0.9693396091461182,
      0.9674209952354431
    ],
    [
      1.0,
      0.9703044891357422,
      0.9693888425827026
    ],
    [
      1.0,
      0.9713764786720276,
      0.9692795276641846
    ],
    [
      1.0,
      0.9715909361839294,
      0.971466064453125
    ]
  ],
  "precision": [
    [
      0.9996402859687805,
      0.739130437374115,
      0.7275747656822205
    ],
    [
      1.0,
      0.8003120422363281,
      0.8141025900840759
    ],
    [
      1.0,
      0.8764367699623108,
      0.8812316656112671
    ],
    [
      1.0,
      0.9047619104385376,
      0.9022988677024841
    ],
    [
      1.0,
      0.9252077341079712,
      0.9205020666122437
    ],
    [
      1.0,
      0.9177897572517395,
      0.9144827723503113
    ],
    [
      1.0,
      0.8858974575996399,
      0.8924731016159058
    ],
    [
      1.0,
      0.8219013214111328,
      0.82403963804245
    ],
    [
      1.0,
      0.8875380158424377,
      0.8846153616905212
    ],
    [
      1.0,
      0.904181182384491,
      0.9259927868843079
    ],
    [
      1.0,
      0.8061349987983704,
      0.8037037253379822
    ],
    [
      1.0,
      0.9118497371673584,
      0.9026548862457275
    ],
    [
      1.0,
      0.8951612710952759,
      0.8965986371040344
    ],
    [
      1.0,
      0.9227467775344849,
      0.9237536787986755
    ],
    [
      1.0,
      0.883631706237793,
      0.8890339136123657
    ],
    [
      1.0,
      0.9178082346916199,
      0.908093273639679
    ],
    [
      1.0,
      0.9036939144134521,
      0.9083665609359741
    ]
  ],
  "recall": [
    [
      0.9953438639640808,
      0.2519954442977905,
      0.25
    ],
    [
      0.9996418356895447,
      0.5849486589431763,
      0.5799086689949036
    ],
    [
      1.0,
      0.6955530047416687,
      0.6860730648040771
    ],
    [
      1.0,
      0.7366020679473877,
      0.7168949842453003
    ],
    [
      1.0,
      0.7616875767707825,
      0.7534246444702148
    ],
    [
      1.0,
      0.7765108346939087,
      0.7568492889404297
    ],
    [
      1.0,
      0.7879133224487305,
      0.7579908967018127
    ],
    [
      1.0,
      0.7787913084030151,
      0.759132444858551
    ],
    [
      1.0,
      0.6659064888954163,
      0.6563926935195923
    ],
    [
      1.0,
      0.5917901992797852,
      0.585616409778595
    ],
    [
      1.0,
      0.7491447925567627,
      0.7431507110595703
    ],
    [
      1.0,
      0.7194982767105103,
      0.698630154132843
    ],
    [
      1.0,
      0.7594070434570312,
      0.7522830963134766
    ],
    [
      1.0,
      0.7354618310928345,
      0.7191780805587769
    ],
    [
      1.0,
      0.7879133224487305,
      0.7773972749710083
    ],
    [
      1.0,
      0.7639680504798889,
      0.7557077407836914
    ],
    [
      1.0,
      0.7810718417167664,
      0.7808219194412231
    ]
  ],
  "f1": [
    [
      0.9974874258041382,
      0.3758503496646881,
      0.3721325397491455
    ],
    [
      0.99982088804245,
      0.6758893132209778,
      0.6773333549499512
    ],
    [
      1.0,
      0.7755880355834961,
      0.771501898765564
    ],
    [
      1.0,
      0.8120678663253784,
      0.7989822030067444
    ],
    [
      1.0,
      0.8355221748352051,
      0.8286252617835999
    ],
    [
      1.0,
      0.8412600159645081,
      0.8282323479652405
    ],
    [
      1.0,
      0.8340374231338501,
      0.819753110408783
    ],
    [
      1.0,
      0.7997658252716064,
      0.7902554869651794
    ],
    [
      1.0,
      0.7609120607376099,
      0.7536041736602783
    ],
    [
      1.0,
      0.7153686881065369,
      0.7174825072288513
    ],
    [
      1.0,
      0.7765957713127136,
      0.77224200963974
    ],
    [
      1.0,
      0.8043339848518372,
      0.7876448035240173
    ],
    [
      1.0,
      0.8217149972915649,
      0.8181253671646118
    ],
    [
      1.0,
      0.8185279369354248,
      0.8087291121482849
    ],
    [
      1.0,
      0.833031952381134,
      0.8294762372970581
    ],
    [
      1.0,
      0.8338518738746643,
      0.8249221444129944
    ],
    [
      1.0,
      0.8379204869270325,
      0.8397790193557739
    ]
  ],