{
  "loss": [
    [
      0.08091478049755096,
      0.309874951839447,
      0.3169664740562439
    ],
    [
      0.00497168255969882,
      0.3684602379798889,
      0.3765327036380768
    ],
    [
      0.002170360879972577,
      0.3379247486591339,
      0.34884393215179443
    ],
    [
      0.001635700580663979,
      0.27030548453330994,
      0.28217363357543945
    ],
    [
      0.0013848820235580206,
      0.22033625841140747,
      0.23007743060588837
    ],
    [
      0.001178099657408893,
      0.19101287424564362,
      0.20166966319084167
    ],
    [
      0.0009902426972985268,
      0.17925019562244415,
      0.1880849152803421
    ],
    [
      0.0008504466386511922,
      0.17308565974235535,
      0.18064066767692566
    ],
    [
      0.0007426631636917591,
      0.16917318105697632,
      0.17579157650470734
    ],
    [
      0.000657632015645504,
      0.16726677119731903,
      0.17304612696170807
    ],
    [
      0.000592508353292942,
      0.16665324568748474,
      0.17352649569511414
    ],
    [
      0.0005434322520159185,
      0.16600149869918823,
      0.1741001307964325
    ],
    [
      0.000502512906678021,
      0.16427753865718842,
      0.1739865094423294
    ],
    [
      0.0004642246931325644,
      0.16337764263153076,
      0.1731499880552292
    ],
    [
      0.0004288360942155123,
      0.16192243993282318,
      0.17270661890506744
    ],
    [
      0.000397377647459507,
      0.16239354014396667,
      0.17299051582813263
    ],
    [
      0.0003693189355544746,
      0.16335266828536987,
      0.17385989427566528
    ],
    [
      0.0003443523892201483,
      0.16520127654075623,
      0.1752476990222931
    ],
    [
      0.00032278746948577464,
      0.1671639382839203,
      0.17648626863956451
    ],
    [
      0.0003039500443264842,
      0.16888131201267242,
      0.17759667336940765
    ],
    [
      0.00028799253050237894,
      0.17101357877254486,
      0.17891038954257965
    ],
    [
      0.0002737133763730526,
      0.17324456572532654,
      0.1807376891374588
    ],
    [
      0.000261652865447104,
      0.175014466047287,
      0.1821228712797165
    ],
    [
      0.0002497888053767383,
      0.17699186503887177,
      0.18386252224445343
    ],
    [
      0.00024121454043779522,
      0.17959806323051453,
      0.18655303120613098
    ],
    [
      0.0002304378867847845,
      0.18181777000427246,
      0.19046446681022644
    ]
  ],
  "accuracy": [
    [
      0.9821282625198364,
      0.8998713493347168,
      0.89778071641922
    ],
    [
      0.9995015859603882,
      0.8910806179046631,
      0.8911118507385254
    ],
    [
      0.9996795654296875,
      0.9094125032424927,
      0.9069640040397644
    ],
    [
      0.9997507929801941,
      0.9279588460922241,
      0.9235814809799194
    ],
    [
      0.999786376953125,
      0.9422169923782349,
      0.9375751614570618
    ],
    [
      0.9998220205307007,
      0.9522941708564758,
      0.9480704069137573
    ],
    [
      0.9998576045036316,
      0.9573327898979187,
      0.9541926383972168
    ],
    [
      0.9998931884765625,
      0.9600128531455994,
      0.9560511708259583
    ],
    [
      0.9998931884765625,
      0.9600128531455994,
      0.9574723839759827
    ],
    [
      0.9998931884765625,
      0.9611921310424805,
      0.9584563374519348
    ],
    [
      0.9998931884765625,
      0.9620497226715088,
      0.959112286567688
    ],
    [
      0.9998931884765625,
      0.9620497226715088,
      0.9593309164047241
    ],
    [
      0.9998931884765625,
      0.962800145149231,
      0.9605334997177124
    ],
    [
      0.9998931884765625,
      0.963657796382904,
      0.9611894488334656
    ],
    [
      0.9998931884765625,
      0.9644082188606262,
      0.9623920321464539
    ],
    [
      0.9998931884765625,
      0.963765025138855,
      0.9627200365066528
    ],
    [
      0.9998931884765625,
      0.9635506272315979,
      0.9622827172279358
    ],
    [
      0.9998931884765625,
      0.963765025138855,
      0.9622827172279358
    ],
    [
      0.9998931884765625,
      0.9632290005683899,
      0.9622827172279358
    ],
    [
      0.9998931884765625,
      0.9626929759979248,
      0.9621734023094177
    ],
    [
      0.9998931884765625,
      0.9624785780906677,
      0.962938666343689
    ],
    [
      0.9998931884765625,
      0.9622641801834106,
      0.9628293514251709
    ],
    [
      0.9998931884765625,
      0.9621569514274597,
      0.9626107215881348
    ],
    [
      0.9999287724494934,
      0.9621569514274597,
      0.9625013470649719
    ],
    [
      0.9999287724494934,
      0.9616209268569946,
      0.9615174531936646
    ],
    [
      0.9999287724494934,
      0.9612993001937866,
      0.9610801339149475
    ]
  ],
  "precision": [
    [
      0.9847586750984192,
      0.26050421595573425,
      0.24786324799060822
    ],
    [
      0.9985642433166504,
      0.36660268902778625,
      0.3828125
    ],
    [
      0.9989243745803833,
      0.5225352048873901,
      0.5179340243339539
    ],
    [
      0.9989250898361206,
      0.6425591111183167,
      0.6217331290245056
    ],
    [
      0.998925507068634,
      0.7277628183364868,
      0.7074829936027527
    ],
    [
      0.9989258646965027,
      0.7762148380279541,
      0.7560663819313049
    ],
    [
      0.9989262819290161,
      0.7975155115127563,
      0.783850908279419
    ],
    [
      0.9992839097976685,
      0.8058252334594727,
      0.7904411554336548
    ],
    [
      0.9992839097976685,
      0.8014354109764099,
      0.7916167378425598
    ],
    [
      0.9992839097976685,
      0.8025851845741272,
      0.7890442609786987
    ],
    [
      0.9992839097976685,
      0.7995418310165405,
      0.7832956910133362
    ],
    [
      0.9992839097976685,
      0.7948139905929565,
      0.7806236147880554
    ],
    [
      0.9992839097976685,
      0.7957589030265808,
      0.7864293456077576
    ],
    [
      0.9992839097976685,
      0.8042986392974854,
      0.7884828448295593
    ],
    [
      0.9992839097976685,
      0.8093075752258301,
      0.796875
    ],
    [
      0.9992839097976685,
      0.8031495809555054,
      0.7988826632499695
    ],
    [
      0.9992839097976685,
      0.8020247220993042,
      0.7973124384880066
    ],
    [
      0.9992839097976685,
      0.8024691343307495,
      0.7966480255126953
    ],
    [
      0.9992839097976685,
      0.7986577153205872,
      0.7953281402587891
    ],
    [
      0.9992839097976685,
      0.7948718070983887,
      0.7924944758415222
    ],
    [
      0.9992839097976685,
      0.7944133877754211,
      0.7960308790206909
    ],
    [
      0.9992839097976685,
      0.7926421165466309,
      0.7938596606254578
    ],
    [
      0.9992839097976685,
      0.7937219738960266,
      0.79340660572052
    ],
    [
      0.9996418356895447,
      0.7937219738960266,
      0.7938258051872253
    ],
    [
      0.9996418356895447,
      0.7899441123008728,
      0.7898229956626892
    ],
    [
      0.9996418356895447,
      0.7885906100273132,
      0.7869757413864136
    ]
  ],