{
  "loss": [
    [
      0.0669739618897438,
      0.2172132432460785,
      0.19691242277622223
    ],
    [
      0.06685582548379898,
      0.21277490258216858,
      0.1911950260400772
    ],
    [
      0.06687165051698685,
      0.1909942924976349,
      0.16926264762878418
    ],
    [
      0.06687021255493164,
      0.18442402780056,
      0.16174693405628204
    ],
    [
      0.0668572336435318,
      0.1973360776901245,
      0.17186659574508667
    ],
    [
      0.06687207520008087,
      0.21170082688331604,
      0.18597263097763062
    ],
    [
      0.06689075380563736,
      0.24594508111476898,
      0.2129984200000763
    ],
    [
      0.06688885390758514,
      0.2693190574645996,
      0.23310144245624542
    ],
    [
      0.06688787788152695,
      0.2944391965866089,
      0.25419217348098755
    ],
    [
      0.06688632816076279,
      0.3442213535308838,
      0.29523998498916626
    ],
    [
      0.06688559800386429,
      0.3668384552001953,
      0.30604031682014465
    ],
    [
      0.06688814610242844,
      0.36811232566833496,
      0.3087197244167328
    ]
  ],
  "accuracy": [
    [
      0.9036896824836731,
      0.8987849950790405,
      0.9021669030189514
    ],
    [
      0.9036896824836731,
      0.8987849950790405,
      0.9021669030189514
    ],
    [
      0.9036896824836731,
      0.8987849950790405,
      0.9021669030189514
    ],
    [
      0.9036896824836731,
      0.8987849950790405,
      0.9021669030189514
    ],
    [
      0.9036896824836731,
      0.8987849950790405,
      0.9021669030189514
    ],
    [
      0.9036896824836731,
      0.8987849950790405,
      0.9021669030189514
    ],
    [
      0.9036896824836731,
      0.8987849950790405,
      0.9021669030189514
    ],
    [
      0.9036896824836731,
      0.8987849950790405,
      0.9021669030189514
    ],
    [
      0.9036896824836731,
      0.8987849950790405,
      0.9021669030189514
    ],
    [
      0.9036896824836731,
      0.8987849950790405,
      0.9021669030189514
    ],
    [
      0.9036896824836731,
      0.8987849950790405,
      0.9021669030189514
    ],
    [
      0.9036896824836731,
      0.8987849950790405,
      0.9021669030189514
    ]
  ],
  "precision": [
    [
      1.0,
      0.0,
      0.0
    ],
    [
      1.0,
      0.0,
      0.0
    ],
    [
      1.0,
      0.0,
      0.0
    ],
    [
      1.0,
      0.0,
      0.0
    ],
    [
      1.0,
      0.0,
      0.0
    ],
    [
      1.0,
      0.0,
      0.0
    ],
    [
      1.0,
      0.0,
      0.0
    ],
    [
      1.0,
      0.0,
      0.0
    ],
    [
      1.0,
      0.0,
      0.0
    ],
    [
      1.0,
      0.0,
      0.0
    ],
    [
      1.0,
      0.0,
      0.0
    ],
    [
      1.0,
      0.0,
      0.0
    ]
  ],
  "recall": [
    [
      0.000370370369637385,
      0.0,
      0.0
    ],
    [
      0.000370370369637385,
      0.0,
      0.0
    ],
    [
      0.000370370369637385,
      0.0,
      0.0
    ],
    [
      0.000370370369637385,
      0.0,
      0.0
    ],
    [
      0.000370370369637385,
      0.0,
      0.0
    ],
    [
      0.000370370369637385,
      0.0,
      0.0
    ],
    [
      0.000370370369637385,
      0.0,
      0.0
    ],
    [
      0.000370370369637385,
      0.0,
      0.0
    ],
    [
      0.000370370369637385,
      0.0,
      0.0
    ],
    [
      0.000370370369637385,
      0.0,
      0.0
    ],
    [
      0.000370370369637385,
      0.0,
      0.0
    ],
    [
      0.000370370369637385,
      0.0,
      0.0
    ]
  ],
  "f1": [
    [
      0.0007404665229842067,
      0.0,
      0.0
    ],
    [
      0.0007404665229842067,
      0.0,
      0.0
    ],
    [
      0.0007404665229842067,
      0.0,
      0.0
    ],
    [
      0.0007404665229842067,
      0.0,
      0.0
    ],
    [
      0.0007404665229842067,
      0.0,
      0.0
    ],
    [
      0.0007404665229842067,
      0.0,
      0.0
    ],
    [
      0.0007404665229842067,
      0.0,
      0.0
    ],
    [
      0.0007404665229842067,
      0.0,
      0.0
    ],
    [
      0.0007404665229842067,
      0.0,
      0.0
    ],
    [
      0.0007404665229842067,
      0.0,
      0.0
    ],
    [
      0.0007404665229842067,
      0.0,
      0.0
    ],
    [
      0.0007404665229842067,
      0.0,
      0.0
    ]
  ],
  "auc": [
    [
      0.5001851916313171,
      0.5,
      0.5
    ],
    [
      0.5001851916313171,
      0.5,
      0.5
    ],
    [
      0.5001851916313171,
      0.5,
      0.5
    ],
    [
      0.5001851916313171,
      0.5,
      0.5
    ],
    [
      0.5001851916313171,
      0.5,
      0.5
    ],
    [
      0.5001851916313171,
      0.5,
      0.5
    ],
    [
      0.5001851916313171,
      0.5,
      0.5
    ],
    [
      0.5001851916313171,
      0.5,
      0.5
    ],
    [
      0.5001851916313171,
      0.5,
      0.5
    ],
    [
      0.5001851916313171,
      0.5,
      0.5
    ],
    [
      0.5001851916313171,
      0.5,
      0.5
    ],
    [
      0.5001851916313171,
      0.5,
      0.5
    ]
  ]
}