{
  "loss": [
    [
      0.07089292258024216,
      0.2537074685096741,
      0.2350376844406128
    ],
    [
      0.06681766360998154,
      0.2895631194114685,
      0.263482004404068
    ],
    [
      0.06680009514093399,
      0.254166841506958,
      0.22692908346652985
    ],
    [
      0.06679964810609818,
      0.23404833674430847,
      0.20412835478782654
    ],
    [
      0.0667801946401596,
      0.23710954189300537,
      0.20666751265525818
    ],
    [
      0.06677118688821793,
      0.22954946756362915,
      0.19953159987926483
    ],
    [
      0.06680338084697723,
      0.217222660779953,
      0.18926209211349487
    ],
    [
      0.06679053604602814,
      0.20004302263259888,
      0.17329560220241547
    ],
    [
      0.06689148396253586,
      0.1899622678756714,
      0.1657668501138687
    ],
    [
      0.06688941270112991,
      0.1772329956293106,
      0.15454326570034027
    ],
    [
      0.06699097901582718,
      0.1767733246088028,
      0.15551412105560303
    ],
    [
      0.06703744828701019,
      0.16891777515411377,
      0.14682547748088837
    ]
  ],
  "accuracy": [
    [
      0.9037253856658936,
      0.8987849950790405,
      0.9021669030189514
    ],
    [
      0.9037253856658936,
      0.8987849950790405,
      0.9021669030189514
    ],
    [
      0.9037253856658936,
      0.8987849950790405,
      0.9021669030189514
    ],
    [
      0.9037253856658936,
      0.8987849950790405,
      0.9021669030189514
    ],
    [
      0.9037253856658936,
      0.8987849950790405,
      0.9021669030189514
    ],
    [
      0.9037253856658936,
      0.8987849950790405,
      0.9021669030189514
    ],
    [
      0.9037253856658936,
      0.8987849950790405,
      0.9021669030189514
    ],
    [
      0.9037253856658936,
      0.8987849950790405,
      0.9021669030189514
    ],
    [
      0.9037253856658936,
      0.8987849950790405,
      0.9021669030189514
    ],
    [
      0.9037253856658936,
      0.8987849950790405,
      0.9021669030189514
    ],
    [
      0.9037253856658936,
      0.8987849950790405,
      0.9021669030189514
    ],
    [
      0.9037253856658936,
      0.8987849950790405,
      0.9020596146583557
    ]
  ],
  "precision": [
    [
      1.0,
      0.0,
      0.0
    ],
    [
      1.0,
      0.0,
      0.0
    ],
    [
      1.0,
      0.0,
      0.0
    ],
    [
      1.0,
      0.0,
      0.0
    ],
    [
      1.0,
      0.0,
      0.0
    ],
    [
      1.0,
      0.0,
      0.0
    ],
    [
      1.0,
      0.0,
      0.0
    ],
    [
      1.0,
      0.0,
      0.0
    ],
    [
      1.0,
      0.0,
      0.0
    ],
    [
      1.0,
      0.0,
      0.0
    ],
    [
      1.0,
      0.0,
      0.0
    ],
    [
      1.0,
      0.0,
      0.0
    ]
  ],
  "recall": [
    [
      0.00074074073927477,
      0.0,
      0.0
    ],
    [
      0.00074074073927477,
      0.0,
      0.0
    ],
    [
      0.00074074073927477,
      0.0,
      0.0
    ],
    [
      0.00074074073927477,
      0.0,
      0.0
    ],
    [
      0.00074074073927477,
      0.0,
      0.0
    ],
    [
      0.00074074073927477,
      0.0,
      0.0
    ],
    [
      0.00074074073927477,
      0.0,
      0.0
    ],
    [
      0.00074074073927477,
      0.0,
      0.0
    ],
    [
      0.00074074073927477,
      0.0,
      0.0
    ],
    [
      0.00074074073927477,
      0.0,
      0.0
    ],
    [
      0.00074074073927477,
      0.0,
      0.0
    ],
    [
      0.00074074073927477,
      0.0,
      0.0
    ]
  ],
  "f1": [
    [
      0.0014803848462179303,
      0.0,
      0.0
    ],
    [
      0.0014803848462179303,
      0.0,
      0.0
    ],
    [
      0.0014803848462179303,
      0.0,
      0.0
    ],
    [
      0.0014803848462179303,
      0.0,
      0.0
    ],
    [
      0.0014803848462179303,
      0.0,
      0.0
    ],
    [
      0.0014803848462179303,
      0.0,
      0.0
    ],
    [
      0.0014803848462179303,
      0.0,
      0.0
    ],
    [
      0.0014803848462179303,
      0.0,
      0.0
    ],
    [
      0.0014803848462179303,
      0.0,
      0.0
    ],
    [
      0.0014803848462179303,
      0.0,
      0.0
    ],
    [
      0.0014803848462179303,
      0.0,
      0.0
    ],
    [
      0.0014803848462179303,
      0.0,
      0.0
    ]
  ],
  "auc": [
    [
      0.5003703832626343,
      0.5,
      0.5
    ],
    [
      0.5003703832626343,
      0.5,
      0.5
    ],
    [
      0.5003703832626343,
      0.5,
      0.5
    ],
    [
      0.5003703832626343,
      0.5,
      0.5
    ],
    [
      0.5003703832626343,
      0.5,
      0.5
    ],
    [
      0.5003703832626343,
      0.5,
      0.5
    ],
    [
      0.5003703832626343,
      0.5,
      0.5
    ],
    [
      0.5003703832626343,
      0.5,
      0.5
    ],
    [
      0.5003703832626343,
      0.5,
      0.5
    ],
    [
      0.5003703832626343,
      0.5,
      0.5
    ],
    [
      0.5003703832626343,
      0.5,
      0.5
    ],
    [
      0.5003703832626343,
      0.5,
      0.49994054436683655
    ]
  ]
}