{
    "bgnn-agnn": {
        "mean": {
            "val": {
                "accuracy": 0.9661874055862427,
                "precision": 0.8907772064208984,
                "recall": 0.8349361300468445,
                "f1": 0.8203320622444152
            },
            "test": {
                "accuracy": 0.9647475123405457,
                "precision": 0.8804305076599122,
                "recall": 0.8317784070968628,
                "f1": 0.8212842822074891
            },
            "time": 915.1194397449493
        },
        "std": {
            "val": {
                "accuracy": 0.0020178350673315314,
                "precision": 0.01351647406957261,
                "recall": 0.01036339384224211,
                "f1": 0.008243222180634767
            },
            "test": {
                "accuracy": 0.002472027973550043,
                "precision": 0.013040577668899591,
                "recall": 0.01866422737232132,
                "f1": 0.008808899266239094
            },
            "time": 145.13307664318674
        }
    }
}