{
  "loss": [
    [
      0.06851876527070999,
      0.1931394636631012,
      0.2045348435640335
    ],
    [
      0.06771289557218552,
      0.16735900938510895,
      0.18500134348869324
    ],
    [
      0.06770050525665283,
      0.1505802720785141,
      0.16780251264572144
    ],
    [
      0.06767211854457855,
      0.1585306078195572,
      0.1758793741464615
    ],
    [
      0.06765835732221603,
      0.17268678545951843,
      0.1914738267660141
    ],
    [
      0.06764847785234451,
      0.19788388907909393,
      0.2200586050748825
    ],
    [
      0.06764420866966248,
      0.22395719587802887,
      0.2514984607696533
    ],
    [
      0.0676426887512207,
      0.2279067486524582,
      0.2543228566646576
    ],
    [
      0.06764155626296997,
      0.2166801393032074,
      0.24327461421489716
    ],
    [
      0.06764078140258789,
      0.20713090896606445,
      0.23417791724205017
    ],
    [
      0.06766591221094131,
      0.19529126584529877,
      0.2218766063451767
    ],
    [
      0.06769008934497833,
      0.17949196696281433,
      0.20651014149188995
    ]
  ],
  "accuracy": [
    [
      0.9024887084960938,
      0.9035190939903259,
      0.9010703563690186
    ],
    [
      0.9024530053138733,
      0.9035190939903259,
      0.9010703563690186
    ],
    [
      0.9024530053138733,
      0.9035190939903259,
      0.9010703563690186
    ],
    [
      0.9024530053138733,
      0.9035190939903259,
      0.9010703563690186
    ],
    [
      0.9024530053138733,
      0.9035190939903259,
      0.9010703563690186
    ],
    [
      0.9024530053138733,
      0.9035190939903259,
      0.9010703563690186
    ],
    [
      0.9024530053138733,
      0.9035190939903259,
      0.9010703563690186
    ],
    [
      0.9024530053138733,
      0.9035190939903259,
      0.9010703563690186
    ],
    [
      0.9024530053138733,
      0.9035190939903259,
      0.9010703563690186
    ],
    [
      0.9024530053138733,
      0.9035190939903259,
      0.9010703563690186
    ],
    [
      0.9024530053138733,
      0.9035190939903259,
      0.9010703563690186
    ],
    [
      0.9024530053138733,
      0.9035190939903259,
      0.9010703563690186
    ]
  ],
  "precision": [
    [
      1.0,
      0.0,
      0.0
    ],
    [
      0.0,
      0.0,
      0.0
    ],
    [
      0.0,
      0.0,
      0.0
    ],
    [
      0.0,
      0.0,
      0.0
    ],
    [
      0.0,
      0.0,
      0.0
    ],
    [
      0.0,
      0.0,
      0.0
    ],
    [
      0.0,
      0.0,
      0.0
    ],
    [
      0.0,
      0.0,
      0.0
    ],
    [
      0.0,
      0.0,
      0.0
    ],
    [
      0.0,
      0.0,
      0.0
    ],
    [
      0.0,
      0.0,
      0.0
    ],
    [
      0.0,
      0.0,
      0.0
    ]
  ],
  "recall": [
    [
      0.0003665689146146178,
      0.0,
      0.0
    ],
    [
      0.0,
      0.0,
      0.0
    ],
    [
      0.0,
      0.0,
      0.0
    ],
    [
      0.0,
      0.0,
      0.0
    ],
    [
      0.0,
      0.0,
      0.0
    ],
    [
      0.0,
      0.0,
      0.0
    ],
    [
      0.0,
      0.0,
      0.0
    ],
    [
      0.0,
      0.0,
      0.0
    ],
    [
      0.0,
      0.0,
      0.0
    ],
    [
      0.0,
      0.0,
      0.0
    ],
    [
      0.0,
      0.0,
      0.0
    ],
    [
      0.0,
      0.0,
      0.0
    ]
  ],
  "f1": [
    [
      0.00073286920087412,
      0.0,
      0.0
    ],
    [
      0.0,
      0.0,
      0.0
    ],
    [
      0.0,
      0.0,
      0.0
    ],
    [
      0.0,
      0.0,
      0.0
    ],
    [
      0.0,
      0.0,
      0.0
    ],
    [
      0.0,
      0.0,
      0.0
    ],
    [
      0.0,
      0.0,
      0.0
    ],
    [
      0.0,
      0.0,
      0.0
    ],
    [
      0.0,
      0.0,
      0.0
    ],
    [
      0.0,
      0.0,
      0.0
    ],
    [
      0.0,
      0.0,
      0.0
    ],
    [
      0.0,
      0.0,
      0.0
    ]
  ],
  "auc": [
    [
      0.5001832842826843,
      0.5,
      0.5
    ],
    [
      0.5,
      0.5,
      0.5
    ],
    [
      0.5,
      0.5,
      0.5
    ],
    [
      0.5,
      0.5,
      0.5
    ],
    [
      0.5,
      0.5,
      0.5
    ],
    [
      0.5,
      0.5,
      0.5
    ],
    [
      0.5,
      0.5,
      0.5
    ],
    [
      0.5,
      0.5,
      0.5
    ],
    [
      0.5,
      0.5,
      0.5
    ],
    [
      0.5,
      0.5,
      0.5
    ],
    [
      0.5,
      0.5,
      0.5
    ],
    [
      0.5,
      0.5,
      0.5
    ]
  ]
}