{
  "loss": [
    [
      0.06958112865686417,
      0.18495434522628784,
      0.19970087707042694
    ],
    [
      0.06776687502861023,
      0.19110074639320374,
      0.21232041716575623
    ],
    [
      0.06764058768749237,
      0.20875409245491028,
      0.2321270853281021
    ],
    [
      0.06766780465841293,
      0.18355876207351685,
      0.20863918960094452
    ],
    [
      0.06765028089284897,
      0.1804042011499405,
      0.20346033573150635
    ],
    [
      0.06767633557319641,
      0.18184050917625427,
      0.20754456520080566
    ],
    [
      0.06764654815196991,
      0.18547946214675903,
      0.21116776764392853
    ],
    [
      0.06766622513532639,
      0.17740343511104584,
      0.20506760478019714
    ],
    [
      0.0677153691649437,
      0.1664910763502121,
      0.19452786445617676
    ],
    [
      0.06774476915597916,
      0.15683625638484955,
      0.18593358993530273
    ],
    [
      0.06781439483165741,
      0.148973748087883,
      0.1774711161851883
    ],
    [
      0.06794092804193497,
      0.14464274048805237,
      0.17324784398078918
    ]
  ],
  "accuracy": [
    [
      0.9024530053138733,
      0.9035190939903259,
      0.9010703563690186
    ],
    [
      0.9024530053138733,
      0.9035190939903259,
      0.9010703563690186
    ],
    [
      0.9024530053138733,
      0.9035190939903259,
      0.9010703563690186
    ],
    [
      0.9024530053138733,
      0.9035190939903259,
      0.9010703563690186
    ],
    [
      0.9024530053138733,
      0.9035190939903259,
      0.9010703563690186
    ],
    [
      0.9024530053138733,
      0.9035190939903259,
      0.9010703563690186
    ],
    [
      0.9024530053138733,
      0.9035190939903259,
      0.9010703563690186
    ],
    [
      0.9024530053138733,
      0.9035190939903259,
      0.9010703563690186
    ],
    [
      0.9024530053138733,
      0.9035190939903259,
      0.9010703563690186
    ],
    [
      0.9024530053138733,
      0.9035190939903259,
      0.9010703563690186
    ],
    [
      0.9024530053138733,
      0.9035190939903259,
      0.9010703563690186
    ],
    [
      0.9024530053138733,
      0.9035190939903259,
      0.9010703563690186
    ]
  ],
  "precision": [
    [
      0.0,
      0.0,
      0.0
    ],
    [
      0.0,
      0.0,
      0.0
    ],
    [
      0.0,
      0.0,
      0.0
    ],
    [
      0.0,
      0.0,
      0.0
    ],
    [
      0.0,
      0.0,
      0.0
    ],
    [
      0.0,
      0.0,
      0.0
    ],
    [
      0.0,
      0.0,
      0.0
    ],
    [
      0.0,
      0.0,
      0.0
    ],
    [
      0.0,
      0.0,
      0.0
    ],
    [
      0.0,
      0.0,
      0.0
    ],
    [
      0.0,
      0.0,
      0.0
    ],
    [
      0.0,
      0.0,
      0.0
    ]
  ],
  "recall": [
    [
      0.0,
      0.0,
      0.0
    ],
    [
      0.0,
      0.0,
      0.0
    ],
    [
      0.0,
      0.0,
      0.0
    ],
    [
      0.0,
      0.0,
      0.0
    ],
    [
      0.0,
      0.0,
      0.0
    ],
    [
      0.0,
      0.0,
      0.0
    ],
    [
      0.0,
      0.0,
      0.0
    ],
    [
      0.0,
      0.0,
      0.0
    ],
    [
      0.0,
      0.0,
      0.0
    ],
    [
      0.0,
      0.0,
      0.0
    ],
    [
      0.0,
      0.0,
      0.0
    ],
    [
      0.0,
      0.0,
      0.0
    ]
  ],
  "f1": [
    [
      0.0,
      0.0,
      0.0
    ],
    [
      0.0,
      0.0,
      0.0
    ],
    [
      0.0,
      0.0,
      0.0
    ],
    [
      0.0,
      0.0,
      0.0
    ],
    [
      0.0,
      0.0,
      0.0
    ],
    [
      0.0,
      0.0,
      0.0
    ],
    [
      0.0,
      0.0,
      0.0
    ],
    [
      0.0,
      0.0,
      0.0
    ],
    [
      0.0,
      0.0,
      0.0
    ],
    [
      0.0,
      0.0,
      0.0
    ],
    [
      0.0,
      0.0,
      0.0
    ],
    [
      0.0,
      0.0,
      0.0
    ]
  ],
  "auc": [
    [
      0.5,
      0.5,
      0.5
    ],
    [
      0.5,
      0.5,
      0.5
    ],
    [
      0.5,
      0.5,
      0.5
    ],
    [
      0.5,
      0.5,
      0.5
    ],
    [
      0.5,
      0.5,
      0.5
    ],
    [
      0.5,
      0.5,
      0.5
    ],
    [
      0.5,
      0.5,
      0.5
    ],
    [
      0.5,
      0.5,
      0.5
    ],
    [
      0.5,
      0.5,
      0.5
    ],
    [
      0.5,
      0.5,
      0.5
    ],
    [
      0.5,
      0.5,
      0.5
    ],
    [
      0.5,
      0.5,
      0.5
    ]
  ]
}