{
  "loss": [
    [
      0.02853093482553959,
      0.19311992824077606,
      0.20826378464698792
    ],
    [
      0.0009432740043848753,
      0.14387653768062592,
      0.16451509296894073
    ],
    [
      0.00042960798600688577,
      0.11840910464525223,
      0.1388055980205536
    ],
    [
      0.00029319271561689675,
      0.10919923335313797,
      0.1288093626499176
    ],
    [
      0.00020990615303162485,
      0.10799258202314377,
      0.1287938952445984
    ],
    [
      0.00014714499411638826,
      0.11096703261137009,
      0.13425390422344208
    ],
    [
      0.00011583032028283924,
      0.1155920997262001,
      0.1420440822839737
    ],
    [
      9.474048420088366e-05,
      0.12043996900320053,
      0.14940227568149567
    ],
    [
      7.977065979503095e-05,
      0.1290842592716217,
      0.16040252149105072
    ],
    [
      7.170179014792666e-05,
      0.1460949033498764,
      0.17991387844085693
    ],
    [
      6.765126454411075e-05,
      0.17696762084960938,
      0.21348249912261963
    ],
    [
      6.617281178478152e-05,
      0.2232719212770462,
      0.26182329654693604
    ],
    [
      5.983655864838511e-05,
      0.2415819615125656,
      0.28268343210220337
    ],
    [
      6.634074088651687e-05,
      0.29836148023605347,
      0.33742621541023254
    ],
    [
      5.1556737162172794e-05,
      0.28924471139907837,
      0.32993993163108826
    ],
    [
      5.506515663000755e-05,
      0.2673206031322479,
      0.3066632151603699
    ]
  ],
  "accuracy": [
    [
      0.9903811812400818,
      0.9310086369514465,
      0.9247485995292664
    ],
    [
      1.0,
      0.9574285745620728,
      0.9502648711204529
    ],
    [
      1.0,
      0.9649160504341125,
      0.9602119326591492
    ],
    [
      1.0,
      0.9699432849884033,
      0.9657260179519653
    ],
    [
      1.0,
      0.9709059596061707,
      0.9673478007316589
    ],
    [
      1.0,
      0.9705851078033447,
      0.9676721692085266
    ],
    [
      1.0,
      0.9700502753257751,
      0.9670234322547913
    ],
    [
      1.0,
      0.970264196395874,
      0.9664828777313232
    ],
    [
      1.0,
      0.9698363542556763,
      0.9662666320800781
    ],
    [
      1.0,
      0.9675900936126709,
      0.9644286036491394
    ],
    [
      1.0,
      0.9644882082939148,
      0.9621580839157104
    ],
    [
      1.0,
      0.9626697897911072,
      0.9582657814025879
    ],
    [
      1.0,
      0.962883710861206,
      0.9569683074951172
    ],
    [
      1.0,
      0.9595678448677063,
      0.95372474193573
    ],
    [
      1.0,
      0.9607444405555725,
      0.9549140334129333
    ],
    [
      1.0,
      0.9634185433387756,
      0.9574007987976074
    ]
  ],
  "precision": [
    [
      1.0,
      0.8286445140838623,
      0.8211143612861633
    ],
    [
      1.0,
      0.8539325594902039,
      0.8226950168609619
    ],
    [
      1.0,
      0.9088318943977356,
      0.8803894519805908
    ],
    [
      1.0,
      0.9145527482032776,
      0.8944591283798218
    ],
    [
      1.0,
      0.91015625,
      0.8985695838928223
    ],
    [
      1.0,
      0.9087353348731995,
      0.8979328274726868
    ],
    [
      1.0,
      0.9049479365348816,
      0.8950777053833008
    ],
    [
      1.0,
      0.9094488024711609,
      0.8954248428344727
    ],
    [
      1.0,
      0.9111405611038208,
      0.8982827067375183
    ],
    [
      1.0,
      0.9108367562294006,
      0.8991825580596924
    ],
    [
      1.0,
      0.910662829875946,
      0.8929068446159363
    ],
    [
      1.0,
      0.9108469486236572,
      0.8850072622299194
    ],
    [
      1.0,
      0.9135618209838867,
      0.8773722648620605
    ],
    [
      1.0,
      0.9132491946220398,
      0.8763523697853088
    ],
    [
      1.0,
      0.902255654335022,
      0.8661764860153198
    ],
    [
      1.0,
      0.9093567132949829,
      0.8695035576820374
    ]
  ],
  "recall": [
    [
      0.901392936706543,
      0.3592017590999603,
      0.3060109317302704
    ],
    [
      1.0,
      0.67405766248703,
      0.6338797807693481
    ],
    [
      1.0,
      0.707317054271698,
      0.6918032765388489
    ],
    [
      1.0,
      0.7594234943389893,
      0.7409836053848267
    ],
    [
      1.0,
      0.774944543838501,
      0.7551912665367126
    ],
    [
      1.0,
      0.7727272510528564,
      0.7595628499984741
    ],
    [
      1.0,
      0.7705099582672119,
      0.7551912665367126
    ],
    [
      1.0,
      0.7682926654815674,
      0.748633861541748
    ],
    [
      1.0,
      0.7616407871246338,
      0.7431694269180298
    ],
    [
      1.0,
      0.7361419200897217,
      0.7213114500045776
    ],
    [
      1.0,
      0.7006651759147644,
      0.7016393542289734
    ],
    [
      1.0,
      0.6796008944511414,
      0.6644808650016785
    ],
    [
      1.0,
      0.6796008944511414,
      0.6568306088447571
    ],
    [
      1.0,
      0.6419068574905396,
      0.6196721196174622
    ],
    [
      1.0,
      0.6651884913444519,
      0.6437158584594727
    ],
    [
      1.0,
      0.6895787119865417,
      0.6699453592300415
    ]
  ],
  "f1": [
    [
      0.9481396079063416,
      0.5011600852012634,
      0.4458598792552948
    ],
    [
      1.0,
      0.7534076571464539,
      0.7160493731498718
    ],
    [
      1.0,
      0.7955112457275391,
      0.7747858166694641
    ],
    [
      1.0,
      0.8298001289367676,
      0.8105200529098511
    ],
    [
      1.0,
      0.8371257781982422,
      0.8206650614738464
    ],
    [
      1.0,
      0.8352306485176086,
      0.8229721784591675
    ],
    [
      1.0,
      0.832335352897644,
      0.8192057013511658
    ],
    [
      1.0,
      0.832932710647583,
      0.8154761791229248
    ],
    [
      1.0,
      0.8297101259231567,
      0.8133971095085144
    ],
    [
      1.0,
      0.8142244219779968,
      0.8004851341247559
    ],
    [
      1.0,
      0.791979968547821,
      0.7858017086982727
    ],
    [
      1.0,
      0.7784126996994019,
      0.7590512037277222
    ],
    [
      1.0,
      0.7794024348258972,
      0.7512500286102295
    ],
    [
      1.0,
      0.75390625,
      0.7259923219680786
    ],
    [
      1.0,
      0.7657945156097412,
      0.7385579943656921
    ],
    [
      1.0,
      0.7843631505966187,
      0.7567901015281677
    ]
  ],
  "auc": [
    [
      0.9506964683532715,
      0.6756349802017212,
      0.6493457555770874
    ],
    [
      1.0,
      0.8308727741241455,
      0.8094404935836792
    ],
    [
      1.0,
      0.8498702049255371,
      0.8407420516014099
    ],
    [
      1.0,
      0.8759233951568604,
      0.8656921982765198
    ],
    [
      1.0,
      0.8833879828453064,
      0.8729159832000732
    ],
    [
      1.0,
      0.8822201490402222,
      0.8750417828559875
    ],
    [
      1.0,
      0.880933940410614,
      0.8727360367774963
    ],
    [
      1.0,
      0.8800620436668396,
      0.8695173263549805
    ],
    [
      1.0,
      0.8768544793128967,
      0.8669650554656982
    ],
    [
      1.0,
      0.8642234206199646,
      0.8562160730361938
    ],
    [
      1.0,
      0.8466626405715942,
      0.8462000489234924
    ],
    [
      1.0,
      0.8362488746643066,
      0.8275008201599121
    ],
    [
      1.0,
      0.8363672494888306,
      0.8233757019042969
    ],
    [
      1.0,
      0.8176978230476379,
      0.8050364255905151
    ],
    [
      1.0,
      0.8287467360496521,
      0.8163983821868896
    ],
    [
      1.0,
      0.8411194086074829,
      0.8294531106948853
    ]
  ]
}