{
  "loss": [
    [
      0.060608573257923126,
      0.31876227259635925,
      0.31580135226249695
    ],
    [
      0.003874697722494602,
      0.3807390630245209,
      0.3646449148654938
    ],
    [
      0.002289619529619813,
      0.3346675932407379,
      0.31773969531059265
    ],
    [
      0.0017706609796732664,
      0.2996877431869507,
      0.2821229100227356
    ],
    [
      0.001526694861240685,
      0.25752562284469604,
      0.24061116576194763
    ],
    [
      0.0013143393443897367,
      0.20544710755348206,
      0.1887475550174713
    ],
    [
      0.0010472143767401576,
      0.18087315559387207,
      0.16583232581615448
    ],
    [
      0.0008942187414504588,
      0.17197582125663757,
      0.15772460401058197
    ],
    [
      0.0007760040462017059,
      0.1689622402191162,
      0.15580230951309204
    ],
    [
      0.0006753240595571697,
      0.1683690994977951,
      0.15589004755020142
    ],
    [
      0.000623366329818964,
      0.16906724870204926,
      0.1569007933139801
    ],
    [
      0.0005611794767901301,
      0.17172253131866455,
      0.16063758730888367
    ],
    [
      0.0005422943504527211,
      0.174835205078125,
      0.1650037169456482
    ],
    [
      0.0005051284097135067,
      0.17793403565883636,
      0.1686677783727646
    ],
    [
      0.0004972963943146169,
      0.17454884946346283,
      0.1677553355693817
    ],
    [
      0.0004522840026766062,
      0.17333222925662994,
      0.1680223047733307
    ],
    [
      0.00044076834456063807,
      0.17313514649868011,
      0.16750890016555786
    ],
    [
      0.00041100321686826646,
      0.174618199467659,
      0.16801868379116058
    ],
    [
      0.0003918187285307795,
      0.17638054490089417,
      0.16917157173156738
    ],
    [
      0.0003771124465856701,
      0.17854668200016022,
      0.17064356803894043
    ]
  ],
  "accuracy": [
    [
      0.9901675581932068,
      0.8986788988113403,
      0.8979701399803162
    ],
    [
      0.9992823004722595,
      0.8998508453369141,
      0.9043067097663879
    ],
    [
      0.9996052384376526,
      0.9161517024040222,
      0.9200944900512695
    ],
    [
      0.9996411800384521,
      0.9290432333946228,
      0.9299752712249756
    ],
    [
      0.9996770620346069,
      0.936714231967926,
      0.9387820959091187
    ],
    [
      0.9997129440307617,
      0.9512039422988892,
      0.9523144960403442
    ],
    [
      0.9997488260269165,
      0.9580225944519043,
      0.960906445980072
    ],
    [
      0.9997488260269165,
      0.9606861472129822,
      0.9632692337036133
    ],
    [
      0.9997488260269165,
      0.962710440158844,
      0.964343249797821
    ],
    [
      0.9997488260269165,
      0.962497353553772,
      0.9640210270881653
    ],
    [
      0.9997488260269165,
      0.9618580937385559,
      0.9642358422279358
    ],
    [
      0.9997488260269165,
      0.9608992338180542,
      0.9633766412734985
    ],
    [
      0.9997488260269165,
      0.9599403142929077,
      0.962087869644165
    ],
    [
      0.9997488260269165,
      0.9582356810569763,
      0.9606916308403015
    ],
    [
      0.9997488260269165,
      0.9593011140823364,
      0.9615508317947388
    ],
    [
      0.9997488260269165,
      0.9600468873977661,
      0.9618730545043945
    ],
    [
      0.9997488260269165,
      0.9603664875030518,
      0.9626248478889465
    ],
    [
      0.9997488260269165,
      0.9605795741081238,
      0.962839663028717
    ],
    [
      0.9997488260269165,
      0.9607926607131958,
      0.962839663028717
    ],
    [
      0.9997488260269165,
      0.9604730606079102,
      0.9627322554588318
    ]
  ],
  "precision": [
    [
      0.9698473215103149,
      0.3776595890522003,
      0.36627906560897827
    ],
    [
      0.9978005886077881,
      0.473763108253479,
      0.5102040767669678
    ],
    [
      0.998171865940094,
      0.5893939137458801,
      0.620120108127594
    ],
    [
      0.9974452257156372,
      0.665742039680481,
      0.675000011920929
    ],
    [
      0.9974461793899536,
      0.7127223014831543,
      0.7220744490623474
    ],
    [
      0.99744713306427,
      0.7936925292015076,
      0.7918781638145447
    ],
    [
      0.9974480271339417,
      0.8221942186355591,
      0.8284671306610107
    ],
    [
      0.9974480271339417,
      0.8260340690612793,
      0.8290398120880127
    ],
    [
      0.9974480271339417,
      0.8260869383811951,
      0.8257403373718262
    ],
    [
      0.9974480271339417,
      0.8152793645858765,
      0.8164627552032471
    ],
    [
      0.9974480271339417,
      0.8035516142845154,
      0.8113413453102112
    ],
    [
      0.9974480271339417,
      0.7904967665672302,
      0.7997869849205017
    ],
    [
      0.9974480271339417,
      0.7787144184112549,
      0.7884816527366638
    ],
    [
      0.9974480271339417,
      0.763076901435852,
      0.777319610118866
    ],
    [
      0.9974480271339417,
      0.7709844708442688,
      0.784375011920929
    ],
    [
      0.9974480271339417,
      0.7766179442405701,
      0.7868338823318481
    ],
    [
      0.9974480271339417,
      0.7796432375907898,
      0.7920168042182922
    ],
    [
      0.9974480271339417,
      0.7818756699562073,
      0.793684184551239
    ],
    [
      0.9974480271339417,
      0.7817418575286865,
      0.793067216873169
    ],
    [
      0.9974480271339417,
      0.7787056565284729,
      0.7928496599197388
    ]
  ],
  "recall": [
    [
      0.9287280440330505,
      0.07845304161310196,
      0.0696902647614479
    ],
    [
      0.9948830604553223,
      0.3491712808609009,
      0.3595132827758789
    ],
    [
      0.9978070259094238,
      0.429834246635437,
      0.45685839653015137
    ],
    [
      0.9989035129547119,
      0.530386745929718,
      0.5376105904579163
    ],
    [
      0.9992690086364746,
      0.5756906270980835,
      0.6006637215614319
    ],
    [
      0.9996345043182373,
      0.6674033403396606,
      0.6902654767036438
    ],
    [
      1.0,
      0.720441997051239,
      0.7533186078071594
    ],
    [
      1.0,
      0.7502762675285339,
      0.7831858396530151
    ],
    [
      1.0,
      0.7767955660820007,
      0.8019911646842957
    ],
    [
      1.0,
      0.7900552749633789,
      0.8119469285011292
    ],
    [
      1.0,
      0.800000011920929,
      0.8230088353157043
    ],
    [
      1.0,
      0.8088397979736328,
      0.8307521939277649
    ],
    [
      1.0,
      0.8165745735168457,
      0.8329645991325378
    ],
    [
      1.0,
      0.8220994472503662,
      0.8340708017349243
    ],
    [
      1.0,
      0.8220994472503662,
      0.8329645991325378
    ],
    [
      1.0,
      0.8220994472503662,
      0.8329645991325378
    ],
    [
      1.0,
      0.82099449634552,
      0.8340708017349243
    ],
    [
      1.0,
      0.819889485836029,
      0.8340708017349243
    ],
    [
      1.0,
      0.8232043981552124,
      0.8351770043373108
    ],
    [
      1.0,
      0.8243094086647034,
      0.8340708017349243
    ]
  ],