{
  "loss": [
    [
      0.11912678182125092,
      0.31640586256980896,
      0.3163968026638031
    ],
    [
      0.01588543877005577,
      0.36247408390045166,
      0.3549330234527588
    ],
    [
      0.004018525592982769,
      0.3728041648864746,
      0.36320245265960693
    ],
    [
      0.0027112076058983803,
      0.32980698347091675,
      0.32064053416252136
    ],
    [
      0.0022376629058271646,
      0.2930978834629059,
      0.2854790985584259
    ],
    [
      0.001898700837045908,
      0.25565922260284424,
      0.2504930794239044
    ],
    [
      0.0016317410627380013,
      0.2170523852109909,
      0.21370793879032135
    ],
    [
      0.0014130802592262626,
      0.19274595379829407,
      0.19267718493938446
    ],
    [
      0.001248610089533031,
      0.18089555203914642,
      0.1820933222770691
    ],
    [
      0.0011215854901820421,
      0.17550715804100037,
      0.17703551054000854
    ],
    [
      0.0010029826080426574,
      0.172385111451149,
      0.17367827892303467
    ],
    [
      0.0009112304542213678,
      0.1708383411169052,
      0.17238521575927734
    ],
    [
      0.0008075654623098671,
      0.17063379287719727,
      0.17211411893367767
    ],
    [
      0.0007429680554196239,
      0.1704704463481903,
      0.17235347628593445
    ],
    [
      0.0006663884851150215,
      0.17098839581012726,
      0.17351777851581573
    ],
    [
      0.0006295368075370789,
      0.17165064811706543,
      0.17422981560230255
    ],
    [
      0.0005670197424478829,
      0.17284418642520905,
      0.17548306286334991
    ],
    [
      0.0005334295565262437,
      0.1742931604385376,
      0.17656902968883514
    ],
    [
      0.0004989042645320296,
      0.17589610815048218,
      0.17826297879219055
    ],
    [
      0.0004613511555362493,
      0.17770978808403015,
      0.18068520724773407
    ],
    [
      0.0004460228665266186,
      0.17936353385448456,
      0.18271227180957794
    ],
    [
      0.00040791110950522125,
      0.1813640296459198,
      0.1849955916404724
    ],
    [
      0.00039816435310058296,
      0.18306460976600647,
      0.18682654201984406
    ],
    [
      0.00037130044074729085,
      0.18474356830120087,
      0.1888999342918396
    ],
    [
      0.0003512854455038905,
      0.18655763566493988,
      0.19116495549678802
    ]
  ],
  "accuracy": [
    [
      0.9500484466552734,
      0.9021947383880615,
      0.9008699655532837
    ],
    [
      0.99921053647995,
      0.8821649551391602,
      0.8849747776985168
    ],
    [
      0.9996770620346069,
      0.9028339982032776,
      0.9070991277694702
    ],
    [
      0.9998205900192261,
      0.9180694818496704,
      0.9198797345161438
    ],
    [
      0.9998205900192261,
      0.9254208207130432,
      0.9283642768859863
    ],
    [
      0.9998205900192261,
      0.9342638254165649,
      0.9369562864303589
    ],
    [
      0.9998205900192261,
      0.9455572366714478,
      0.9469444751739502
    ],
    [
      0.9998205900192261,
      0.9533347487449646,
      0.9553216695785522
    ],
    [
      0.9998205900192261,
      0.9561048150062561,
      0.9576844573020935
    ],
    [
      0.9998205900192261,
      0.9584487676620483,
      0.9588658809661865
    ],
    [
      0.9998205900192261,
      0.9601534008979797,
      0.9597250819206238
    ],
    [
      0.9998205900192261,
      0.9612188339233398,
      0.9610138535499573
    ],
    [
      0.9998564720153809,
      0.9616450071334839,
      0.961658239364624
    ],
    [
      0.9998564720153809,
      0.962497353553772,
      0.9625174403190613
    ],
    [
      0.9998564720153809,
      0.9623907804489136,
      0.9625174403190613
    ],
    [
      0.9998564720153809,
      0.9622842669487,
      0.9629470705986023
    ],
    [
      0.9998564720153809,
      0.9623907804489136,
      0.962839663028717
    ],
    [
      0.9998205900192261,
      0.9623907804489136,
      0.9629470705986023
    ],
    [
      0.9998205900192261,
      0.9620711803436279,
      0.9632692337036133
    ],
    [
      0.9998205900192261,
      0.9618580937385559,
      0.9627322554588318
    ],
    [
      0.9998205900192261,
      0.9616450071334839,
      0.962410032749176
    ],
    [
      0.9998205900192261,
      0.9613254070281982,
      0.9623026251792908
    ],
    [
      0.9998205900192261,
      0.9617515206336975,
      0.9627322554588318
    ],
    [
      0.9998205900192261,
      0.9619646072387695,
      0.962410032749176
    ],
    [
      0.9998205900192261,
      0.9617515206336975,
      0.9618730545043945
    ]
  ],
  "precision": [
    [
      0.992668628692627,
      0.3414634168148041,
      0.30612245202064514
    ],
    [
      0.9967057108879089,
      0.2542787194252014,
      0.279683381319046
    ],
    [
      0.9985374808311462,
      0.495619535446167,
      0.524840772151947
    ],
    [
      0.9985396265983582,
      0.5843672752380371,
      0.5994962453842163
    ],
    [
      0.9985396265983582,
      0.6276463270187378,
      0.6513410210609436
    ],
    [
      0.9985396265983582,
      0.6809045076370239,
      0.6944785118103027
    ],
    [
      0.9985396265983582,
      0.7339667677879333,
      0.7411764860153198
    ],
    [
      0.9985396265983582,
      0.773739755153656,
      0.7747747898101807
    ],
    [
      0.9985396265983582,
      0.7785310745239258,
      0.7820796370506287
    ],
    [
      0.9985396265983582,
      0.7864293456077576,
      0.7816216349601746
    ],
    [
      0.9985396265983582,
      0.7940199375152588,
      0.7816826701164246
    ],
    [
      0.9985396265983582,
      0.7956284284591675,
      0.7874601483345032
    ],
    [
      0.9985401630401611,
      0.7958740592002869,
      0.7888067364692688
    ],
    [
      0.9985401630401611,
      0.8002171516418457,
      0.7930306196212769
    ],
    [
      0.9985401630401611,
      0.7980561852455139,
      0.792413055896759
    ],
    [
      0.9985401630401611,
      0.795918345451355,
      0.7957671880722046
    ],
    [
      0.9985401630401611,
      0.7974137663841248,
      0.7943037748336792
    ],
    [
      0.998175859451294,
      0.7974137663841248,
      0.7957671880722046
    ],
    [
      0.998175859451294,
      0.7942122220993042,
      0.7970401644706726
    ],
    [
      0.998175859451294,
      0.792513370513916,
      0.7928496599197388
    ],
    [
      0.998175859451294,
      0.789585530757904,
      0.7909663915634155
    ],
    [
      0.998175859451294,
      0.7858649492263794,
      0.7907465696334839
    ],
    [
      0.998175859451294,
      0.7891949415206909,
      0.7940865755081177
    ],
    [
      0.998175859451294,
      0.7896406054496765,
      0.7915789484977722
    ],
    [
      0.998175859451294,
      0.788583517074585,
      0.7874345779418945
    ]
  ],