{
  "loss": [
    [
      0.0018192704301327467,
      0.19208574295043945,
      0.18271856009960175
    ],
    [
      0.00027697597397491336,
      0.15533789992332458,
      0.13445539772510529
    ],
    [
      0.00015353396884165704,
      0.13204650580883026,
      0.11954355984926224
    ],
    [
      0.00011214027472306043,
      0.12629057466983795,
      0.11503908038139343
    ],
    [
      7.917413313407451e-05,
      0.12823490798473358,
      0.11554469913244247
    ],
    [
      6.318818486761302e-05,
      0.13021698594093323,
      0.11709542572498322
    ],
    [
      4.858673128183e-05,
      0.13496099412441254,
      0.12006817758083344
    ],
    [
      4.186688602203503e-05,
      0.14606571197509766,
      0.12737029790878296
    ],
    [
      3.799975092988461e-05,
      0.15923520922660828,
      0.13767816126346588
    ],
    [
      3.268163709435612e-05,
      0.1832682192325592,
      0.15443041920661926
    ],
    [
      3.737926090252586e-05,
      0.22573263943195343,
      0.19128800928592682
    ],
    [
      2.7302870876155794e-05,
      0.2932068705558777,
      0.24355939030647278
    ],
    [
      4.251204518368468e-05,
      0.34159260988235474,
      0.28671956062316895
    ],
    [
      2.3165692255133763e-05,
      0.4105471968650818,
      0.3467506468296051
    ],
    [
      3.166263923048973e-05,
      0.3205062448978424,
      0.2662423551082611
    ],
    [
      3.289983214926906e-05,
      0.2692324221134186,
      0.20941749215126038
    ],
    [
      3.1040097383083776e-05,
      0.19084274768829346,
      0.17361216247081757
    ]
  ],
  "accuracy": [
    [
      1.0,
      0.9487534761428833,
      0.948018491268158
    ],
    [
      1.0,
      0.9575964212417603,
      0.959402859210968
    ],
    [
      1.0,
      0.9634562134742737,
      0.9647728204727173
    ],
    [
      1.0,
      0.9672917127609253,
      0.9691762328147888
    ],
    [
      1.0,
      0.968250572681427,
      0.9708946347236633
    ],
    [
      1.0,
      0.9683571457862854,
      0.9706798195838928
    ],
    [
      1.0,
      0.9675047993659973,
      0.9711094498634338
    ],
    [
      1.0,
      0.9671851396560669,
      0.9702502489089966
    ],
    [
      1.0,
      0.9660131931304932,
      0.9692836403846741
    ],
    [
      1.0,
      0.9638823866844177,
      0.966598629951477
    ],
    [
      1.0,
      0.9612188339233398,
      0.9644506573677063
    ],
    [
      1.0,
      0.9580225944519043,
      0.9604768753051758
    ],
    [
      1.0,
      0.9550394415855408,
      0.9585436582565308
    ],
    [
      1.0,
      0.9537609219551086,
      0.9566104412078857
    ],
    [
      1.0,
      0.9590880274772644,
      0.9619804620742798
    ],
    [
      1.0,
      0.9644150733947754,
      0.9661690592765808
    ],
    [
      1.0,
      0.968037486076355,
      0.9703576564788818
    ]
  ],
  "precision": [
    [
      1.0,
      0.740362823009491,
      0.734375
    ],
    [
      1.0,
      0.9108589887619019,
      0.9161392450332642
    ],
    [
      1.0,
      0.9072463512420654,
      0.9126074314117432
    ],
    [
      1.0,
      0.918767511844635,
      0.9220246076583862
    ],
    [
      1.0,
      0.9186207056045532,
      0.9225634336471558
    ],
    [
      1.0,
      0.9164383411407471,
      0.9178807735443115
    ],
    [
      1.0,
      0.9098360538482666,
      0.9205297827720642
    ],
    [
      1.0,
      0.9174824953079224,
      0.9230769276618958
    ],
    [
      1.0,
      0.9197707772254944,
      0.9244505763053894
    ],
    [
      1.0,
      0.9113371968269348,
      0.908965528011322
    ],
    [
      1.0,
      0.9104704260826111,
      0.9194729328155518
    ],
    [
      1.0,
      0.898595929145813,
      0.901197612285614
    ],
    [
      1.0,
      0.8991735577583313,
      0.9111111164093018
    ],
    [
      1.0,
      0.8804523348808289,
      0.893081784248352
    ],
    [
      1.0,
      0.8952959179878235,
      0.9056047201156616
    ],
    [
      1.0,
      0.8993006944656372,
      0.8900662064552307
    ],
    [
      1.0,
      0.9006622433662415,
      0.8924999833106995
    ]
  ],
  "recall": [
    [
      1.0,
      0.7215469479560852,
      0.7278761267662048
    ],
    [
      1.0,
      0.6209944486618042,
      0.6404867172241211
    ],
    [
      1.0,
      0.6917126774787903,
      0.7046459913253784
    ],
    [
      1.0,
      0.7248618602752686,
      0.7455752491950989
    ],
    [
      1.0,
      0.7359116077423096,
      0.7643805146217346
    ],
    [
      1.0,
      0.7392265200614929,
      0.7665929198265076
    ],
    [
      1.0,
      0.7359116077423096,
      0.7688053250312805
    ],
    [
      1.0,
      0.7248618602752686,
      0.7566371560096741
    ],
    [
      1.0,
      0.709392249584198,
      0.7444690465927124
    ],
    [
      1.0,
      0.6928176879882812,
      0.7289823293685913
    ],
    [
      1.0,
      0.6629834175109863,
      0.6946902871131897
    ],
    [
      1.0,
      0.6364640593528748,
      0.6659291982650757
    ],
    [
      1.0,
      0.6011049747467041,
      0.6349557638168335
    ],
    [
      1.0,
      0.6022099256515503,
      0.6283186078071594
    ],
    [
      1.0,
      0.6519337296485901,
      0.6792035102844238
    ],
    [
      1.0,
      0.710497260093689,
      0.7433628439903259
    ],
    [
      1.0,
      0.7513812184333801,
      0.7898229956626892
    ]
  ],
  "f1": [
    [
      1.0,
      0.7308338284492493,
      0.7311111092567444
    ],
    [
      1.0,
      0.7385019659996033,
      0.75390625
    ],
    [
      1.0,
      0.7849529981613159,
      0.7952559590339661
    ],
    [
      1.0,
      0.810376763343811,
      0.8244648575782776
    ],
    [
      1.0,
      0.8171778917312622,
      0.8360556364059448
    ],
    [
      1.0,
      0.8183486461639404,
      0.8354430198669434
    ],
    [
      1.0,
      0.8136835694313049,
      0.8378541469573975
    ],
    [
      1.0,
      0.809876561164856,
      0.831610918045044
    ],
    [
      1.0,
      0.8009981513023376,
      0.8247548937797546
    ],
    [
      1.0,
      0.7871939539909363,
      0.8090853095054626
    ],
    [
      1.0,
      0.7672634124755859,
      0.7914303541183472
    ],
    [
      1.0,
      0.745148777961731,
      0.7659032940864563
    ],
    [
      1.0,
      0.7205297946929932,
      0.7483702898025513
    ],
    [
      1.0,
      0.7152230739593506,
      0.7376623153686523
    ],
    [
      1.0,
      0.7544757127761841,
      0.7762326002120972
    ],
    [
      1.0,
      0.7938271760940552,
      0.8101266026496887
    ],
    [
      1.0,
      0.8192771077156067,
      0.8380281925201416
    ]
  ],