{
  "loss": [
    [
      0.10249976068735123,
      0.26622241735458374,
      0.26375991106033325
    ],
    [
      0.06914296001195908,
      0.25621750950813293,
      0.24135521054267883
    ],
    [
      0.06840697675943375,
      0.24556095898151398,
      0.2269175499677658
    ],
    [
      0.0682406798005104,
      0.22246868908405304,
      0.20168976485729218
    ],
    [
      0.06822774559259415,
      0.19990532100200653,
      0.1799726039171219
    ],
    [
      0.06823442131280899,
      0.18192709982395172,
      0.164415180683136
    ],
    [
      0.06824999302625656,
      0.17149145901203156,
      0.15541474521160126
    ],
    [
      0.06828583776950836,
      0.1652185022830963,
      0.14945589005947113
    ],
    [
      0.0683145523071289,
      0.15968550741672516,
      0.14507324993610382
    ],
    [
      0.06839431077241898,
      0.15597988665103912,
      0.14179791510105133
    ],
    [
      0.06838593631982803,
      0.15292848646640778,
      0.13913992047309875
    ],
    [
      0.06837548315525055,
      0.15115509927272797,
      0.13752293586730957
    ],
    [
      0.06853862851858139,
      0.150245800614357,
      0.13658380508422852
    ],
    [
      0.06857890635728836,
      0.14973707497119904,
      0.13639098405838013
    ],
    [
      0.06863351911306381,
      0.1494457721710205,
      0.13646095991134644
    ],
    [
      0.0686478242278099,
      0.1502630114555359,
      0.13707290589809418
    ],
    [
      0.06874936074018478,
      0.15493828058242798,
      0.139949232339859
    ]
  ],
  "accuracy": [
    [
      0.9018552303314209,
      0.9034732580184937,
      0.9029105305671692
    ],
    [
      0.9018911123275757,
      0.9034732580184937,
      0.9029105305671692
    ],
    [
      0.9018911123275757,
      0.9034732580184937,
      0.9029105305671692
    ],
    [
      0.9018911123275757,
      0.9034732580184937,
      0.9029105305671692
    ],
    [
      0.9018911123275757,
      0.9034732580184937,
      0.9029105305671692
    ],
    [
      0.9018911123275757,
      0.9035797715187073,
      0.9029105305671692
    ],
    [
      0.9018911123275757,
      0.9035797715187073,
      0.9029105305671692
    ],
    [
      0.9018911123275757,
      0.9035797715187073,
      0.9029105305671692
    ],
    [
      0.9018911123275757,
      0.9035797715187073,
      0.9029105305671692
    ],
    [
      0.9018911123275757,
      0.9035797715187073,
      0.9029105305671692
    ],
    [
      0.9018911123275757,
      0.9035797715187073,
      0.9029105305671692
    ],
    [
      0.9018911123275757,
      0.9035797715187073,
      0.9029105305671692
    ],
    [
      0.9018911123275757,
      0.9035797715187073,
      0.9029105305671692
    ],
    [
      0.9018911123275757,
      0.9035797715187073,
      0.9029105305671692
    ],
    [
      0.9018911123275757,
      0.9035797715187073,
      0.9029105305671692
    ],
    [
      0.9018911123275757,
      0.9035797715187073,
      0.9029105305671692
    ],
    [
      0.9018911123275757,
      0.9035797715187073,
      0.9029105305671692
    ]
  ],
  "precision": [
    [
      0.6666666865348816,
      0.0,
      0.0
    ],
    [
      1.0,
      0.0,
      0.0
    ],
    [
      1.0,
      0.0,
      0.0
    ],
    [
      1.0,
      0.0,
      0.0
    ],
    [
      1.0,
      0.0,
      0.0
    ],
    [
      1.0,
      0.0,
      0.0
    ],
    [
      1.0,
      0.0,
      0.0
    ],
    [
      1.0,
      0.0,
      0.0
    ],
    [
      1.0,
      0.0,
      0.0
    ],
    [
      1.0,
      0.0,
      0.0
    ],
    [
      1.0,
      0.0,
      0.0
    ],
    [
      1.0,
      0.0,
      0.0
    ],
    [
      1.0,
      0.0,
      0.0
    ],
    [
      1.0,
      0.0,
      0.0
    ],
    [
      1.0,
      0.0,
      0.0
    ],
    [
      1.0,
      0.0,
      0.0
    ],
    [
      1.0,
      0.0,
      0.0
    ]
  ],
  "recall": [
    [
      0.0007309941574931145,
      0.0,
      0.0
    ],
    [
      0.0007309941574931145,
      0.0,
      0.0
    ],
    [
      0.0007309941574931145,
      0.0,
      0.0
    ],
    [
      0.0007309941574931145,
      0.0,
      0.0
    ],
    [
      0.0007309941574931145,
      0.0,
      0.0
    ],
    [
      0.0007309941574931145,
      0.0,
      0.0
    ],
    [
      0.0007309941574931145,
      0.0,
      0.0
    ],
    [
      0.0007309941574931145,
      0.0,
      0.0
    ],
    [
      0.0007309941574931145,
      0.0,
      0.0
    ],
    [
      0.0007309941574931145,
      0.0,
      0.0
    ],
    [
      0.0007309941574931145,
      0.0,
      0.0
    ],
    [
      0.0007309941574931145,
      0.0,
      0.0
    ],
    [
      0.0007309941574931145,
      0.0,
      0.0
    ],
    [
      0.0007309941574931145,
      0.0,
      0.0
    ],
    [
      0.0007309941574931145,
      0.0,
      0.0
    ],
    [
      0.0007309941574931145,
      0.0,
      0.0
    ],
    [
      0.0007309941574931145,
      0.0,
      0.0
    ]
  ],
  "f1": [
    [
      0.0014603870222344995,
      0.0,
      0.0
    ],
    [
      0.0014609204372391105,
      0.0,
      0.0
    ],
    [
      0.0014609204372391105,
      0.0,
      0.0
    ],
    [
      0.0014609204372391105,
      0.0,
      0.0
    ],
    [
      0.0014609204372391105,
      0.0,
      0.0
    ],
    [
      0.0014609204372391105,
      0.0,
      0.0
    ],
    [
      0.0014609204372391105,
      0.0,
      0.0
    ],
    [
      0.0014609204372391105,
      0.0,
      0.0
    ],
    [
      0.0014609204372391105,
      0.0,
      0.0
    ],
    [
      0.0014609204372391105,
      0.0,
      0.0
    ],
    [
      0.0014609204372391105,
      0.0,
      0.0
    ],
    [
      0.0014609204372391105,
      0.0,
      0.0
    ],
    [
      0.0014609204372391105,
      0.0,
      0.0
    ],
    [
      0.0014609204372391105,
      0.0,
      0.0
    ],
    [
      0.0014609204372391105,
      0.0,
      0.0
    ],
    [
      0.0014609204372391105,
      0.0,
      0.0
    ],
    [
      0.0014609204372391105,
      0.0,
      0.0
    ]
  ],
  "auc": [
    [
      0.5003455877304077,
      0.49994105100631714,
      0.5
    ],
    [
      0.5003654956817627,
      0.49994105100631714,
      0.5
    ],
    [
      0.5003654956817627,
      0.49994105100631714,
      0.5
    ],
    [
      0.5003654956817627,
      0.49994105100631714,
      0.5
    ],
    [
      0.5003654956817627,
      0.49994105100631714,
      0.5
    ],
    [
      0.5003654956817627,
      0.5,
      0.5
    ],
    [
      0.5003654956817627,
      0.5,
      0.5
    ],
    [
      0.5003654956817627,
      0.5,
      0.5
    ],
    [
      0.5003654956817627,
      0.5,
      0.5
    ],
    [
      0.5003654956817627,
      0.5,
      0.5
    ],
    [
      0.5003654956817627,
      0.5,
      0.5
    ],
    [
      0.5003654956817627,
      0.5,
      0.5
    ],
    [
      0.5003654956817627,
      0.5,
      0.5
    ],
    [
      0.5003654956817627,
      0.5,
      0.5
    ],
    [
      0.5003654956817627,
      0.5,
      0.5
    ],
    [
      0.5003654956817627,
      0.5,
      0.5
    ],
    [
      0.5003654956817627,
      0.5,
      0.5
    ]
  ]
}