{
  "loss": [
    [
      0.0019527510739862919,
      0.18371328711509705,
      0.18142931163311005
    ],
    [
      0.00038315128767862916,
      0.17838577926158905,
      0.16045540571212769
    ],
    [
      0.00022892406559549272,
      0.13954566419124603,
      0.1261139214038849
    ],
    [
      0.0001876168535090983,
      0.13292379677295685,
      0.11522146314382553
    ],
    [
      0.00013918713375460356,
      0.1394643932580948,
      0.11731899529695511
    ],
    [
      0.00010554948676144704,
      0.14351116120815277,
      0.1198524609208107
    ],
    [
      8.376132609555498e-05,
      0.14856146275997162,
      0.12517783045768738
    ],
    [
      6.891517841722816e-05,
      0.16001904010772705,
      0.13429810106754303
    ],
    [
      6.631374708376825e-05,
      0.1861618608236313,
      0.15318390727043152
    ],
    [
      5.837510252604261e-05,
      0.24456897377967834,
      0.2008487433195114
    ],
    [
      6.190140265971422e-05,
      0.284409761428833,
      0.2315741330385208
    ],
    [
      5.422214599093422e-05,
      0.34856918454170227,
      0.28583598136901855
    ],
    [
      7.267898763529956e-05,
      0.3745419681072235,
      0.30377236008644104
    ],
    [
      4.824270217795856e-05,
      0.3618081212043762,
      0.2906337082386017
    ],
    [
      5.637894355459139e-05,
      0.24791382253170013,
      0.20660066604614258
    ]
  ],
  "accuracy": [
    [
      1.0,
      0.9467291831970215,
      0.9454408884048462
    ],
    [
      1.0,
      0.9525889754295349,
      0.9545698761940002
    ],
    [
      1.0,
      0.9638823866844177,
      0.9670282602310181
    ],
    [
      1.0,
      0.9683571457862854,
      0.9704650640487671
    ],
    [
      1.0,
      0.967824399471283,
      0.9702502489089966
    ],
    [
      1.0,
      0.9673982262611389,
      0.9707872271537781
    ],
    [
      1.0,
      0.9679309725761414,
      0.9699280261993408
    ],
    [
      1.0,
      0.9663328528404236,
      0.9693910479545593
    ],
    [
      1.0,
      0.9644150733947754,
      0.9670282602310181
    ],
    [
      1.0,
      0.959194540977478,
      0.9630544781684875
    ],
    [
      1.0,
      0.9575964212417603,
      0.9606916308403015
    ],
    [
      1.0,
      0.9561048150062561,
      0.9587584733963013
    ],
    [
      1.0,
      0.9548263549804688,
      0.9580066800117493
    ],
    [
      1.0,
      0.9575964212417603,
      0.9598324298858643
    ],
    [
      1.0,
      0.9639889001846313,
      0.966598629951477
    ]
  ],
  "precision": [
    [
      1.0,
      0.741358757019043,
      0.7265446186065674
    ],
    [
      1.0,
      0.9107142686843872,
      0.9069374203681946
    ],
    [
      1.0,
      0.8723683953285217,
      0.885161280632019
    ],
    [
      1.0,
      0.9075067043304443,
      0.9058064222335815
    ],
    [
      1.0,
      0.9057873487472534,
      0.9076722860336304
    ],
    [
      1.0,
      0.9142462015151978,
      0.9213333129882812
    ],
    [
      1.0,
      0.9206128120422363,
      0.9239130616188049
    ],
    [
      1.0,
      0.9165487885475159,
      0.9292649030685425
    ],
    [
      1.0,
      0.9167883396148682,
      0.9246088266372681
    ],
    [
      1.0,
      0.9015384912490845,
      0.9142012000083923
    ],
    [
      1.0,
      0.900473952293396,
      0.9100610017776489
    ],
    [
      1.0,
      0.8918918967247009,
      0.8963414430618286
    ],
    [
      1.0,
      0.8910568952560425,
      0.9039369821548462
    ],
    [
      1.0,
      0.8835098147392273,
      0.8931750655174255
    ],
    [
      1.0,
      0.893203854560852,
      0.8990578651428223
    ]
  ],
  "recall": [
    [
      1.0,
      0.6872928142547607,
      0.7024336457252502
    ],
    [
      1.0,
      0.5635359287261963,
      0.5929203629493713
    ],
    [
      1.0,
      0.7325966954231262,
      0.758849561214447
    ],
    [
      1.0,
      0.7480663061141968,
      0.7765486836433411
    ],
    [
      1.0,
      0.7436463832855225,
      0.7721238732337952
    ],
    [
      1.0,
      0.7303867340087891,
      0.7643805146217346
    ],
    [
      1.0,
      0.7303867340087891,
      0.752212405204773
    ],
    [
      1.0,
      0.7160220742225647,
      0.741150438785553
    ],
    [
      1.0,
      0.6939226388931274,
      0.7190265655517578
    ],
    [
      1.0,
      0.6475138068199158,
      0.6836283206939697
    ],
    [
      1.0,
      0.6298342347145081,
      0.6603982448577881
    ],
    [
      1.0,
      0.619889497756958,
      0.6504424810409546
    ],
    [
      1.0,
      0.6055248379707336,
      0.6349557638168335
    ],
    [
      1.0,
      0.6453038454055786,
      0.6659291982650757
    ],
    [
      1.0,
      0.7116022109985352,
      0.73893803358078
    ]
  ],
  "f1": [
    [
      1.0,
      0.713302731513977,
      0.7142857313156128
    ],
    [
      1.0,
      0.6962457299232483,
      0.7170568704605103
    ],
    [
      1.0,
      0.7963963747024536,
      0.8171530961990356
    ],
    [
      1.0,
      0.8201090097427368,
      0.8362120389938354
    ],
    [
      1.0,
      0.8167475461959839,
      0.834429144859314
    ],
    [
      1.0,
      0.812039315700531,
      0.8355501890182495
    ],
    [
      1.0,
      0.8145409822463989,
      0.8292682766914368
    ],
    [
      1.0,
      0.803970217704773,
      0.8246153593063354
    ],
    [
      1.0,
      0.7899370789527893,
      0.8089607954025269
    ],
    [
      1.0,
      0.7536977529525757,
      0.7822784781455994
    ],
    [
      1.0,
      0.7412223815917969,
      0.7653846144676208
    ],
    [
      1.0,
      0.7314211130142212,
      0.7538461685180664
    ],
    [
      1.0,
      0.7210526466369629,
      0.7459388971328735
    ],
    [
      1.0,
      0.7458493113517761,
      0.7629911303520203
    ],
    [
      1.0,
      0.7921279072761536,
      0.81117182970047
    ]
  ],
  "auc": [
    [
      1.0,
      0.8308531045913696,
      0.8370024561882019
    ],
    [
      1.0,
      0.7788202166557312,
      0.7931891083717346
    ],
    [
      1.0,
      0.8605796694755554,
      0.8741315603256226
    ],
    [
      1.0,
      0.8699652552604675,
      0.8839327096939087
    ],
    [
      1.0,
      0.8676963448524475,
      0.8818392753601074
    ],
    [
      1.0,
      0.8615381121635437,
      0.8786813020706177
    ],
    [
      1.0,
      0.8618329167366028,
      0.8727756142616272
    ],
    [
      1.0,
      0.8545326590538025,
      0.867542028427124
    ],
    [
      1.0,
      0.843600869178772,
      0.8563611507415771
    ],
    [
      1.0,
      0.8199837803840637,
      0.8383646607398987
    ],
    [
      1.0,
      0.8112029433250427,
      0.826690137386322
    ],
    [
      1.0,
      0.805935800075531,
      0.8211770057678223
    ],
    [
      1.0,
      0.7988124489784241,
      0.813849925994873
    ],
    [
      1.0,
      0.8181123733520508,
      0.8286824822425842
    ],
    [
      1.0,
      0.851261556148529,
      0.8650084733963013
    ]
  ]
}