{
  "loss": [
    [
      0.0712173655629158,
      0.21004799008369446,
      0.20192454755306244
    ],
    [
      0.06808978319168091,
      0.21661895513534546,
      0.19890695810317993
    ],
    [
      0.06802968680858612,
      0.22844435274600983,
      0.20797966420650482
    ],
    [
      0.06800911575555801,
      0.21450386941432953,
      0.1961602419614792
    ],
    [
      0.0680265724658966,
      0.21655584871768951,
      0.19528986513614655
    ],
    [
      0.06802576035261154,
      0.20216341316699982,
      0.18146450817584991
    ],
    [
      0.06801644712686539,
      0.1981058567762375,
      0.1765008568763733
    ],
    [
      0.06811431795358658,
      0.17642316222190857,
      0.1575067937374115
    ],
    [
      0.06823854148387909,
      0.16490428149700165,
      0.14849622547626495
    ],
    [
      0.06838271766901016,
      0.15461254119873047,
      0.14003142714500427
    ],
    [
      0.06841255724430084,
      0.1505877822637558,
      0.1366496980190277
    ],
    [
      0.06850764155387878,
      0.14787843823432922,
      0.1351235806941986
    ]
  ],
  "accuracy": [
    [
      0.9019628763198853,
      0.90336674451828,
      0.9029105305671692
    ],
    [
      0.9019269943237305,
      0.9032601714134216,
      0.9028031229972839
    ],
    [
      0.9019269943237305,
      0.9034732580184937,
      0.9028031229972839
    ],
    [
      0.9019269943237305,
      0.9034732580184937,
      0.9028031229972839
    ],
    [
      0.9019269943237305,
      0.9034732580184937,
      0.9026957154273987
    ],
    [
      0.9019269943237305,
      0.9035797715187073,
      0.9028031229972839
    ],
    [
      0.9019269943237305,
      0.9035797715187073,
      0.9028031229972839
    ],
    [
      0.9019269943237305,
      0.9035797715187073,
      0.9028031229972839
    ],
    [
      0.9019269943237305,
      0.9035797715187073,
      0.9028031229972839
    ],
    [
      0.9019269943237305,
      0.9035797715187073,
      0.9029105305671692
    ],
    [
      0.9019269943237305,
      0.9035797715187073,
      0.9029105305671692
    ],
    [
      0.9019269943237305,
      0.9035797715187073,
      0.9029105305671692
    ]
  ],
  "precision": [
    [
      1.0,
      0.0,
      0.0
    ],
    [
      1.0,
      0.0,
      0.0
    ],
    [
      1.0,
      0.0,
      0.0
    ],
    [
      1.0,
      0.0,
      0.0
    ],
    [
      1.0,
      0.0,
      0.0
    ],
    [
      1.0,
      0.0,
      0.0
    ],
    [
      1.0,
      0.0,
      0.0
    ],
    [
      1.0,
      0.0,
      0.0
    ],
    [
      1.0,
      0.0,
      0.0
    ],
    [
      1.0,
      0.0,
      0.5
    ],
    [
      1.0,
      0.0,
      0.5
    ],
    [
      1.0,
      0.0,
      0.5
    ]
  ],
  "recall": [
    [
      0.001461988314986229,
      0.0,
      0.0
    ],
    [
      0.0010964912362396717,
      0.0,
      0.0
    ],
    [
      0.0010964912362396717,
      0.0,
      0.0
    ],
    [
      0.0010964912362396717,
      0.0,
      0.0
    ],
    [
      0.0010964912362396717,
      0.0,
      0.0
    ],
    [
      0.0010964912362396717,
      0.0,
      0.0
    ],
    [
      0.0010964912362396717,
      0.0,
      0.0
    ],
    [
      0.0010964912362396717,
      0.0,
      0.0
    ],
    [
      0.0010964912362396717,
      0.0,
      0.0
    ],
    [
      0.0010964912362396717,
      0.0,
      0.0011061946861445904
    ],
    [
      0.0010964912362396717,
      0.0,
      0.0011061946861445904
    ],
    [
      0.0010964912362396717,
      0.0,
      0.0011061946861445904
    ]
  ],
  "f1": [
    [
      0.002919707912951708,
      0.0,
      0.0
    ],
    [
      0.00219058059155941,
      0.0,
      0.0
    ],
    [
      0.00219058059155941,
      0.0,
      0.0
    ],
    [
      0.00219058059155941,
      0.0,
      0.0
    ],
    [
      0.00219058059155941,
      0.0,
      0.0
    ],
    [
      0.00219058059155941,
      0.0,
      0.0
    ],
    [
      0.00219058059155941,
      0.0,
      0.0
    ],
    [
      0.00219058059155941,
      0.0,
      0.0
    ],
    [
      0.00219058059155941,
      0.0,
      0.0
    ],
    [
      0.00219058059155941,
      0.0,
      0.002207505516707897
    ],
    [
      0.00219058059155941,
      0.0,
      0.002207505516707897
    ],
    [
      0.00219058059155941,
      0.0,
      0.002207505516707897
    ]
  ],
  "auc": [
    [
      0.5007309913635254,
      0.4998821020126343,
      0.5
    ],
    [
      0.500548243522644,
      0.49982312321662903,
      0.49994051456451416
    ],
    [
      0.500548243522644,
      0.49994105100631714,
      0.49994051456451416
    ],
    [
      0.500548243522644,
      0.49994105100631714,
      0.49994051456451416
    ],
    [
      0.500548243522644,
      0.49994105100631714,
      0.4998810589313507
    ],
    [
      0.500548243522644,
      0.5,
      0.49994051456451416
    ],
    [
      0.500548243522644,
      0.5,
      0.49994051456451416
    ],
    [
      0.500548243522644,
      0.5,
      0.49994051456451416
    ],
    [
      0.500548243522644,
      0.5,
      0.49994051456451416
    ],
    [
      0.500548243522644,
      0.5,
      0.5004936456680298
    ],
    [
      0.500548243522644,
      0.5,
      0.5004936456680298
    ],
    [
      0.500548243522644,
      0.5,
      0.5004936456680298
    ]
  ]
}