{
  "loss": [
    [
      0.000612138188444078,
      0.6873730421066284,
      0.6631444692611694
    ],
    [
      0.00013819026935379952,
      0.6838761568069458,
      0.6392529010772705
    ],
    [
      0.0001736279809847474,
      0.4747520685195923,
      0.4652705788612366
    ],
    [
      0.000130755128338933,
      0.3397902846336365,
      0.31381744146347046
    ],
    [
      0.0001908449048642069,
      0.22994858026504517,
      0.22276918590068817
    ],
    [
      0.00016155977209564298,
      0.2239524871110916,
      0.22071190178394318
    ],
    [
      0.0001339073496637866,
      0.221682608127594,
      0.2183920294046402
    ],
    [
      0.00011234439443796873,
      0.2159986048936844,
      0.21553935110569
    ],
    [
      9.473654790781438e-05,
      0.21328969299793243,
      0.21513138711452484
    ],
    [
      8.091612835414708e-05,
      0.21117885410785675,
      0.2160128504037857
    ],
    [
      6.978325836826116e-05,
      0.21350517868995667,
      0.21925078332424164
    ],
    [
      6.186537211760879e-05,
      0.2164032757282257,
      0.2225569486618042
    ],
    [
      5.297895040712319e-05,
      0.2223229706287384,
      0.22942142188549042
    ],
    [
      4.822303162654862e-05,
      0.22946497797966003,
      0.23215177655220032
    ],
    [
      3.9028625906212255e-05,
      0.23839478194713593,
      0.24773573875427246
    ],
    [
      4.0629980503581464e-05,
      0.26985156536102295,
      0.2686677575111389
    ],
    [
      2.309058982064016e-05,
      0.29637765884399414,
      0.3102107644081116
    ],
    [
      3.6240431654732674e-05,
      0.31112077832221985,
      0.29386404156684875
    ],
    [
      1.6731646610423923e-05,
      0.30304384231567383,
      0.3021232783794403
    ],
    [
      2.7430396585259587e-05,
      0.29430344700813293,
      0.294253945350647
    ],
    [
      1.713911296974402e-05,
      0.3227706849575043,
      0.33381563425064087
    ],
    [
      2.6415515094413422e-05,
      0.29586780071258545,
      0.2798616886138916
    ],
    [
      1.4658905456599314e-05,
      0.2873900830745697,
      0.28840622305870056
    ]
  ],
  "accuracy": [
    [
      0.9998564720153809,
      0.87715744972229,
      0.8804639577865601
    ],
    [
      1.0,
      0.8391221165657043,
      0.8395446538925171
    ],
    [
      1.0,
      0.9266993403434753,
      0.9255719184875488
    ],
    [
      1.0,
      0.9440656304359436,
      0.9457630515098572
    ],
    [
      1.0,
      0.958768367767334,
      0.9600472450256348
    ],
    [
      1.0,
      0.9615384340286255,
      0.9614434242248535
    ],
    [
      1.0,
      0.9623907804489136,
      0.9615508317947388
    ],
    [
      1.0,
      0.9626038670539856,
      0.962410032749176
    ],
    [
      1.0,
      0.9630300402641296,
      0.9632692337036133
    ],
    [
      1.0,
      0.9634562134742737,
      0.9640210270881653
    ],
    [
      1.0,
      0.9635627269744873,
      0.9636988639831543
    ],
    [
      1.0,
      0.9643085598945618,
      0.9636988639831543
    ],
    [
      1.0,
      0.9634562134742737,
      0.9618730545043945
    ],
    [
      1.0,
      0.9640954732894897,
      0.963161826133728
    ],
    [
      1.0,
      0.9617515206336975,
      0.9588658809661865
    ],
    [
      1.0,
      0.962923526763916,
      0.962087869644165
    ],
    [
      1.0,
      0.9567440748214722,
      0.9557512402534485
    ],
    [
      1.0,
      0.9623907804489136,
      0.963161826133728
    ],
    [
      1.0,
      0.9577029347419739,
      0.956717848777771
    ],
    [
      1.0,
      0.9642019867897034,
      0.9626248478889465
    ],
    [
      1.0,
      0.9583421945571899,
      0.9570400714874268
    ],
    [
      1.0,
      0.9637758135795593,
      0.9638062715530396
    ],
    [
      1.0,
      0.9567440748214722,
      0.956717848777771
    ]
  ],
  "precision": [
    [
      0.9992690086364746,
      0.2232142835855484,
      0.2641083598136902
    ],
    [
      1.0,
      0.3059653639793396,
      0.31329113245010376
    ],
    [
      1.0,
      0.6920353770256042,
      0.6822106838226318
    ],
    [
      1.0,
      0.7134831547737122,
      0.7189901471138
    ],
    [
      1.0,
      0.8039906024932861,
      0.8022727370262146
    ],
    [
      1.0,
      0.8097949624061584,
      0.8004410266876221
    ],
    [
      1.0,
      0.8136363625526428,
      0.7993420958518982
    ],
    [
      1.0,
      0.8098434209823608,
      0.8024017214775085
    ],
    [
      1.0,
      0.8100000023841858,
      0.8074398040771484
    ],
    [
      1.0,
      0.8115299344062805,
      0.8089033365249634
    ],
    [
      1.0,
      0.8103638291358948,
      0.8049569129943848
    ],
    [
      1.0,
      0.8180803656578064,
      0.8096280097961426
    ],
    [
      1.0,
      0.8074398040771484,
      0.7935829162597656
    ],
    [
      1.0,
      0.8227272629737854,
      0.8092613220214844
    ],
    [
      1.0,
      0.7849686741828918,
      0.7650051116943359
    ],
    [
      1.0,
      0.8468244075775146,
      0.8307322859764099
    ],
    [
      1.0,
      0.7434146404266357,
      0.7379110455513
    ],
    [
      1.0,
      0.8719676733016968,
      0.8657105565071106
    ],
    [
      1.0,
      0.7529880404472351,
      0.7453476786613464
    ],
    [
      1.0,
      0.8690012693405151,
      0.8466334342956543
    ],
    [
      1.0,
      0.7595959305763245,
      0.748031497001648
    ],
    [
      1.0,
      0.8692810535430908,
      0.8530510663986206
    ],
    [
      1.0,
      0.7467853426933289,
      0.7439143061637878
    ]
  ],
  "recall": [
    [
      0.9992690086364746,
      0.11049723625183105,
      0.1294247806072235
    ],
    [
      1.0,
      0.5270718336105347,
      0.5475663542747498
    ],
    [
      1.0,
      0.43204420804977417,
      0.43694689869880676
    ],
    [
      1.0,
      0.7016574740409851,
      0.7245575189590454
    ],
    [
      1.0,
      0.7569060921669006,
      0.7809734344482422
    ],
    [
      1.0,
      0.7856353521347046,
      0.8030973672866821
    ],
    [
      1.0,
      0.7911602258682251,
      0.8064159154891968
    ],
    [
      1.0,
      0.800000011920929,
      0.8130530714988708
    ],
    [
      1.0,
      0.8055248856544495,
      0.8163716793060303
    ],
    [
      1.0,
      0.8088397979736328,
      0.8241150379180908
    ],
    [
      1.0,
      0.8121547102928162,
      0.8263274431228638
    ],
    [
      1.0,
      0.809944748878479,
      0.8185840845108032
    ],
    [
      1.0,
      0.8154696226119995,
      0.8207964897155762
    ],
    [
      1.0,
      0.800000011920929,
      0.8119469285011292
    ],
    [
      1.0,
      0.8309392333030701,
      0.8318583965301514
    ],
    [
      1.0,
      0.7513812184333801,
      0.7654867172241211
    ],
    [
      1.0,
      0.8419889211654663,
      0.8440265655517578
    ],
    [
      1.0,
      0.7149171233177185,
      0.7345132827758789
    ],
    [
      1.0,
      0.8353590965270996,
      0.8418141603469849
    ],
    [
      1.0,
      0.7403314709663391,
      0.7511062026023865
    ],
    [
      1.0,
      0.8309392333030701,
      0.8407079577445984
    ],
    [
      1.0,
      0.7348066568374634,
      0.7577433586120605
    ],
    [
      1.0,
      0.8342541456222534,
      0.8451327681541443
    ]
  ],