{
  "loss": [
    [
      0.06935309618711472,
      0.19683323800563812,
      0.2064800262451172
    ],
    [
      0.06894515454769135,
      0.2021302431821823,
      0.21254195272922516
    ],
    [
      0.06894062459468842,
      0.19042152166366577,
      0.20364028215408325
    ],
    [
      0.06891690939664841,
      0.20027810335159302,
      0.21415287256240845
    ],
    [
      0.0689331442117691,
      0.22382259368896484,
      0.24224677681922913
    ],
    [
      0.0689288005232811,
      0.2349214404821396,
      0.2554047703742981
    ],
    [
      0.0689273402094841,
      0.22955107688903809,
      0.2495211362838745
    ],
    [
      0.06895002722740173,
      0.2224408984184265,
      0.24402521550655365
    ],
    [
      0.0689743235707283,
      0.202585369348526,
      0.2235240340232849
    ],
    [
      0.06897465139627457,
      0.17830786108970642,
      0.19535522162914276
    ],
    [
      0.06919129937887192,
      0.16147704422473907,
      0.17544083297252655
    ],
    [
      0.069300577044487,
      0.1506475955247879,
      0.165324866771698
    ]
  ],
  "accuracy": [
    [
      0.9006728529930115,
      0.9059820175170898,
      0.9042308926582336
    ],
    [
      0.9006372690200806,
      0.9059820175170898,
      0.9042308926582336
    ],
    [
      0.9006372690200806,
      0.9059820175170898,
      0.9042308926582336
    ],
    [
      0.9006372690200806,
      0.9059820175170898,
      0.9042308926582336
    ],
    [
      0.9006372690200806,
      0.9059820175170898,
      0.9042308926582336
    ],
    [
      0.9006372690200806,
      0.9059820175170898,
      0.9042308926582336
    ],
    [
      0.9006372690200806,
      0.9059820175170898,
      0.9042308926582336
    ],
    [
      0.9006372690200806,
      0.9059820175170898,
      0.9042308926582336
    ],
    [
      0.9006372690200806,
      0.9059820175170898,
      0.9042308926582336
    ],
    [
      0.9006372690200806,
      0.9059820175170898,
      0.9042308926582336
    ],
    [
      0.9006372690200806,
      0.9059820175170898,
      0.9042308926582336
    ],
    [
      0.9006372690200806,
      0.9059820175170898,
      0.9042308926582336
    ]
  ],
  "precision": [
    [
      1.0,
      0.0,
      0.0
    ],
    [
      1.0,
      0.0,
      0.0
    ],
    [
      1.0,
      0.0,
      0.0
    ],
    [
      1.0,
      0.0,
      0.0
    ],
    [
      1.0,
      0.0,
      0.0
    ],
    [
      1.0,
      0.0,
      0.0
    ],
    [
      1.0,
      0.0,
      0.0
    ],
    [
      1.0,
      0.0,
      0.0
    ],
    [
      1.0,
      0.0,
      0.0
    ],
    [
      1.0,
      0.0,
      0.0
    ],
    [
      1.0,
      0.0,
      0.0
    ],
    [
      1.0,
      0.0,
      0.0
    ]
  ],
  "recall": [
    [
      0.0007163324044086039,
      0.0,
      0.0
    ],
    [
      0.00035816620220430195,
      0.0,
      0.0
    ],
    [
      0.00035816620220430195,
      0.0,
      0.0
    ],
    [
      0.00035816620220430195,
      0.0,
      0.0
    ],
    [
      0.00035816620220430195,
      0.0,
      0.0
    ],
    [
      0.00035816620220430195,
      0.0,
      0.0
    ],
    [
      0.00035816620220430195,
      0.0,
      0.0
    ],
    [
      0.00035816620220430195,
      0.0,
      0.0
    ],
    [
      0.00035816620220430195,
      0.0,
      0.0
    ],
    [
      0.00035816620220430195,
      0.0,
      0.0
    ],
    [
      0.00035816620220430195,
      0.0,
      0.0
    ],
    [
      0.00035816620220430195,
      0.0,
      0.0
    ]
  ],
  "f1": [
    [
      0.0014316391898319125,
      0.0,
      0.0
    ],
    [
      0.0007160758832469583,
      0.0,
      0.0
    ],
    [
      0.0007160758832469583,
      0.0,
      0.0
    ],
    [
      0.0007160758832469583,
      0.0,
      0.0
    ],
    [
      0.0007160758832469583,
      0.0,
      0.0
    ],
    [
      0.0007160758832469583,
      0.0,
      0.0
    ],
    [
      0.0007160758832469583,
      0.0,
      0.0
    ],
    [
      0.0007160758832469583,
      0.0,
      0.0
    ],
    [
      0.0007160758832469583,
      0.0,
      0.0
    ],
    [
      0.0007160758832469583,
      0.0,
      0.0
    ],
    [
      0.0007160758832469583,
      0.0,
      0.0
    ],
    [
      0.0007160758832469583,
      0.0,
      0.0
    ]
  ],
  "auc": [
    [
      0.5003581643104553,
      0.5,
      0.5
    ],
    [
      0.50017911195755,
      0.5,
      0.5
    ],
    [
      0.50017911195755,
      0.5,
      0.5
    ],
    [
      0.50017911195755,
      0.5,
      0.5
    ],
    [
      0.50017911195755,
      0.5,
      0.5
    ],
    [
      0.50017911195755,
      0.5,
      0.5
    ],
    [
      0.50017911195755,
      0.5,
      0.5
    ],
    [
      0.50017911195755,
      0.5,
      0.5
    ],
    [
      0.50017911195755,
      0.5,
      0.5
    ],
    [
      0.50017911195755,
      0.5,
      0.5
    ],
    [
      0.50017911195755,
      0.5,
      0.5
    ],
    [
      0.50017911195755,
      0.5,
      0.5
    ]
  ]
}