{
  "loss": [
    [
      0.07389415055513382,
      0.23780694603919983,
      0.2525192201137543
    ],
    [
      0.06908414512872696,
      0.21140015125274658,
      0.225407212972641
    ],
    [
      0.06887209415435791,
      0.2266387641429901,
      0.2422923892736435
    ],
    [
      0.06882642954587936,
      0.2436344474554062,
      0.25837889313697815
    ],
    [
      0.06882630288600922,
      0.2307460755109787,
      0.2450876384973526
    ],
    [
      0.06880082190036774,
      0.22079536318778992,
      0.23467443883419037
    ],
    [
      0.06882138550281525,
      0.20359399914741516,
      0.21645450592041016
    ],
    [
      0.06881984323263168,
      0.18807527422904968,
      0.19967463612556458
    ],
    [
      0.06884555518627167,
      0.17528317868709564,
      0.1853620558977127
    ],
    [
      0.06889219582080841,
      0.1675301343202591,
      0.17713384330272675
    ],
    [
      0.06894121319055557,
      0.16190795600414276,
      0.17111176252365112
    ],
    [
      0.06898856908082962,
      0.15744931995868683,
      0.16667278110980988
    ],
    [
      0.06909386813640594,
      0.1547357141971588,
      0.164303258061409
    ]
  ],
  "accuracy": [
    [
      0.9007084369659424,
      0.9059820175170898,
      0.9041215777397156
    ],
    [
      0.9008152484893799,
      0.906089186668396,
      0.9041215777397156
    ],
    [
      0.9008152484893799,
      0.906089186668396,
      0.9041215777397156
    ],
    [
      0.9008152484893799,
      0.906089186668396,
      0.9042308926582336
    ],
    [
      0.9008152484893799,
      0.906089186668396,
      0.9042308926582336
    ],
    [
      0.9008152484893799,
      0.906089186668396,
      0.9042308926582336
    ],
    [
      0.9008152484893799,
      0.9059820175170898,
      0.9041215777397156
    ],
    [
      0.9008152484893799,
      0.9059820175170898,
      0.9041215777397156
    ],
    [
      0.9008152484893799,
      0.9059820175170898,
      0.9041215777397156
    ],
    [
      0.9008152484893799,
      0.9059820175170898,
      0.9042308926582336
    ],
    [
      0.9008152484893799,
      0.9059820175170898,
      0.9041215777397156
    ],
    [
      0.9008152484893799,
      0.9059820175170898,
      0.9041215777397156
    ],
    [
      0.9008152484893799,
      0.9059820175170898,
      0.9042308926582336
    ]
  ],
  "precision": [
    [
      1.0,
      0.0,
      0.0
    ],
    [
      1.0,
      1.0,
      0.0
    ],
    [
      1.0,
      1.0,
      0.0
    ],
    [
      1.0,
      1.0,
      0.5
    ],
    [
      1.0,
      1.0,
      0.5
    ],
    [
      1.0,
      1.0,
      0.5
    ],
    [
      1.0,
      0.0,
      0.0
    ],
    [
      1.0,
      0.0,
      0.0
    ],
    [
      1.0,
      0.0,
      0.0
    ],
    [
      1.0,
      0.0,
      0.0
    ],
    [
      1.0,
      0.0,
      0.0
    ],
    [
      1.0,
      0.0,
      0.0
    ],
    [
      1.0,
      0.0,
      0.5
    ]
  ],
  "recall": [
    [
      0.0010744985193014145,
      0.0,
      0.0
    ],
    [
      0.002148997038602829,
      0.0011402508243918419,
      0.0
    ],
    [
      0.002148997038602829,
      0.0011402508243918419,
      0.0
    ],
    [
      0.002148997038602829,
      0.0011402508243918419,
      0.0011415524641051888
    ],
    [
      0.002148997038602829,
      0.0011402508243918419,
      0.0011415524641051888
    ],
    [
      0.002148997038602829,
      0.0011402508243918419,
      0.0011415524641051888
    ],
    [
      0.002148997038602829,
      0.0,
      0.0
    ],
    [
      0.002148997038602829,
      0.0,
      0.0
    ],
    [
      0.002148997038602829,
      0.0,
      0.0
    ],
    [
      0.002148997038602829,
      0.0,
      0.0
    ],
    [
      0.002148997038602829,
      0.0,
      0.0
    ],
    [
      0.002148997038602829,
      0.0,
      0.0
    ],
    [
      0.002148997038602829,
      0.0,
      0.0011415524641051888
    ]
  ],
  "f1": [
    [
      0.0021466906182467937,
      0.0,
      0.0
    ],
    [
      0.004288777709007263,
      0.002277904422953725,
      0.0
    ],
    [
      0.004288777709007263,
      0.002277904422953725,
      0.0
    ],
    [
      0.004288777709007263,
      0.002277904422953725,
      0.002277904422953725
    ],
    [
      0.004288777709007263,
      0.002277904422953725,
      0.002277904422953725
    ],
    [
      0.004288777709007263,
      0.002277904422953725,
      0.002277904422953725
    ],
    [
      0.004288777709007263,
      0.0,
      0.0
    ],
    [
      0.004288777709007263,
      0.0,
      0.0
    ],
    [
      0.004288777709007263,
      0.0,
      0.0
    ],
    [
      0.004288777709007263,
      0.0,
      0.0
    ],
    [
      0.004288777709007263,
      0.0,
      0.0
    ],
    [
      0.004288777709007263,
      0.0,
      0.0
    ],
    [
      0.004288777709007263,
      0.0,
      0.002277904422953725
    ]
  ],
  "auc": [
    [
      0.5005372762680054,
      0.5,
      0.49993956089019775
    ],
    [
      0.501074492931366,
      0.5005701184272766,
      0.49993956089019775
    ],
    [
      0.501074492931366,
      0.5005701184272766,
      0.49993956089019775
    ],
    [
      0.501074492931366,
      0.5005701184272766,
      0.5005103349685669
    ],
    [
      0.501074492931366,
      0.5005701184272766,
      0.5005103349685669
    ],
    [
      0.501074492931366,
      0.5005701184272766,
      0.5005103349685669
    ],
    [
      0.501074492931366,
      0.5,
      0.49993956089019775
    ],
    [
      0.501074492931366,
      0.5,
      0.49993956089019775
    ],
    [
      0.501074492931366,
      0.5,
      0.49993956089019775
    ],
    [
      0.501074492931366,
      0.5,
      0.5
    ],
    [
      0.501074492931366,
      0.5,
      0.49993956089019775
    ],
    [
      0.501074492931366,
      0.5,
      0.49993956089019775
    ],
    [
      0.501074492931366,
      0.5,
      0.5005103349685669
    ]
  ]
}