{
  "loss": [
    [
      0.06828447431325912,
      0.18596062064170837,
      0.20097669959068298
    ],
    [
      0.06765294075012207,
      0.1672276258468628,
      0.18747085332870483
    ],
    [
      0.06765064597129822,
      0.14974845945835114,
      0.1684289574623108
    ],
    [
      0.06770170480012894,
      0.15446418523788452,
      0.1717754453420639
    ],
    [
      0.06766845285892487,
      0.15620407462120056,
      0.17399336397647858
    ],
    [
      0.06770602613687515,
      0.16468557715415955,
      0.18466079235076904
    ],
    [
      0.06769950687885284,
      0.1705746203660965,
      0.19338762760162354
    ],
    [
      0.06769677996635437,
      0.17974551022052765,
      0.20321060717105865
    ],
    [
      0.0676945298910141,
      0.19502636790275574,
      0.21997478604316711
    ],
    [
      0.06769348680973053,
      0.20682397484779358,
      0.23410126566886902
    ],
    [
      0.06766796857118607,
      0.22458326816558838,
      0.2550877332687378
    ],
    [
      0.06764251738786697,
      0.24696078896522522,
      0.27659136056900024
    ]
  ],
  "accuracy": [
    [
      0.9025602340698242,
      0.9035190939903259,
      0.9010703563690186
    ],
    [
      0.902524471282959,
      0.9035190939903259,
      0.9010703563690186
    ],
    [
      0.902524471282959,
      0.9035190939903259,
      0.9010703563690186
    ],
    [
      0.902524471282959,
      0.9035190939903259,
      0.9010703563690186
    ],
    [
      0.902524471282959,
      0.903305172920227,
      0.9010703563690186
    ],
    [
      0.902524471282959,
      0.903305172920227,
      0.9009622931480408
    ],
    [
      0.902524471282959,
      0.903305172920227,
      0.9010703563690186
    ],
    [
      0.902524471282959,
      0.9034121036529541,
      0.9009622931480408
    ],
    [
      0.902524471282959,
      0.9035190939903259,
      0.9009622931480408
    ],
    [
      0.902524471282959,
      0.9035190939903259,
      0.9009622931480408
    ],
    [
      0.902524471282959,
      0.9035190939903259,
      0.9009622931480408
    ],
    [
      0.9025959968566895,
      0.9035190939903259,
      0.9009622931480408
    ]
  ],
  "precision": [
    [
      1.0,
      0.0,
      0.0
    ],
    [
      1.0,
      0.0,
      0.0
    ],
    [
      1.0,
      0.0,
      0.0
    ],
    [
      1.0,
      0.0,
      0.0
    ],
    [
      1.0,
      0.0,
      0.0
    ],
    [
      1.0,
      0.0,
      0.0
    ],
    [
      1.0,
      0.0,
      0.0
    ],
    [
      1.0,
      0.0,
      0.0
    ],
    [
      1.0,
      0.0,
      0.0
    ],
    [
      1.0,
      0.0,
      0.0
    ],
    [
      1.0,
      0.0,
      0.0
    ],
    [
      1.0,
      0.0,
      0.0
    ]
  ],
  "recall": [
    [
      0.0010997067438438535,
      0.0,
      0.0
    ],
    [
      0.0007331378292292356,
      0.0,
      0.0
    ],
    [
      0.0007331378292292356,
      0.0,
      0.0
    ],
    [
      0.0007331378292292356,
      0.0,
      0.0
    ],
    [
      0.0007331378292292356,
      0.0,
      0.0
    ],
    [
      0.0007331378292292356,
      0.0,
      0.0
    ],
    [
      0.0007331378292292356,
      0.0,
      0.0
    ],
    [
      0.0007331378292292356,
      0.0,
      0.0
    ],
    [
      0.0007331378292292356,
      0.0,
      0.0
    ],
    [
      0.0007331378292292356,
      0.0,
      0.0
    ],
    [
      0.0007331378292292356,
      0.0,
      0.0
    ],
    [
      0.0014662756584584713,
      0.0,
      0.0
    ]
  ],
  "f1": [
    [
      0.0021969974040985107,
      0.0,
      0.0
    ],
    [
      0.0014652014942839742,
      0.0,
      0.0
    ],
    [
      0.0014652014942839742,
      0.0,
      0.0
    ],
    [
      0.0014652014942839742,
      0.0,
      0.0
    ],
    [
      0.0014652014942839742,
      0.0,
      0.0
    ],
    [
      0.0014652014942839742,
      0.0,
      0.0
    ],
    [
      0.0014652014942839742,
      0.0,
      0.0
    ],
    [
      0.0014652014942839742,
      0.0,
      0.0
    ],
    [
      0.0014652014942839742,
      0.0,
      0.0
    ],
    [
      0.0014652014942839742,
      0.0,
      0.0
    ],
    [
      0.0014652014942839742,
      0.0,
      0.0
    ],
    [
      0.0029282576870173216,
      0.0,
      0.0
    ]
  ],
  "auc": [
    [
      0.500549852848053,
      0.5,
      0.5
    ],
    [
      0.5003665685653687,
      0.5,
      0.5
    ],
    [
      0.5003665685653687,
      0.5,
      0.5
    ],
    [
      0.5003665685653687,
      0.5,
      0.5
    ],
    [
      0.5003665685653687,
      0.4998816251754761,
      0.5
    ],
    [
      0.5003665685653687,
      0.4998816251754761,
      0.49994000792503357
    ],
    [
      0.5003665685653687,
      0.4998816251754761,
      0.5
    ],
    [
      0.5003665685653687,
      0.49994081258773804,
      0.49994000792503357
    ],
    [
      0.5003665685653687,
      0.5,
      0.49994000792503357
    ],
    [
      0.5003665685653687,
      0.5,
      0.49994000792503357
    ],
    [
      0.5003665685653687,
      0.5,
      0.49994000792503357
    ],
    [
      0.5007331371307373,
      0.5,
      0.49994000792503357
    ]
  ]
}