{
  "loss": [
    [
      0.07573660463094711,
      0.26933377981185913,
      0.28186798095703125
    ],
    [
      0.0669625997543335,
      0.25980570912361145,
      0.2792515754699707
    ],
    [
      0.06646312028169632,
      0.2184753715991974,
      0.2389971762895584
    ],
    [
      0.04040266200900078,
      0.1819564402103424,
      0.19872711598873138
    ],
    [
      0.008837233297526836,
      0.2174808382987976,
      0.22808606922626495
    ],
    [
      0.0005781187210232019,
      0.140620619058609,
      0.16457289457321167
    ],
    [
      0.00034592850715853274,
      0.1024094820022583,
      0.12535157799720764
    ],
    [
      0.0003110526595264673,
      0.09427014738321304,
      0.1184627115726471
    ],
    [
      0.0001855812151916325,
      0.10037646442651749,
      0.12590838968753815
    ],
    [
      0.00015800897381268442,
      0.11108887940645218,
      0.13758069276809692
    ],
    [
      0.00014216369891073555,
      0.1279037743806839,
      0.15565374493598938
    ],
    [
      0.00013104935351293534,
      0.14593558013439178,
      0.17527876794338226
    ],
    [
      0.00011874301708303392,
      0.15974730253219604,
      0.19034920632839203
    ],
    [
      0.00010393094271421432,
      0.16704456508159637,
      0.1978660225868225
    ],
    [
      8.948763570515439e-05,
      0.1666022688150406,
      0.19909614324569702
    ],
    [
      7.462422217940912e-05,
      0.158349871635437,
      0.19204086065292358
    ],
    [
      6.376070814440027e-05,
      0.14566805958747864,
      0.1800042986869812
    ],
    [
      8.309774420922622e-05,
      0.1327418088912964,
      0.1669304072856903
    ],
    [
      7.67214733059518e-05,
      0.12077847123146057,
      0.15488757193088531
    ]
  ],
  "accuracy": [
    [
      0.9058499336242676,
      0.9030912518501282,
      0.9007460474967957
    ],
    [
      0.9047057032585144,
      0.903305172920227,
      0.9007460474967957
    ],
    [
      0.9050990343093872,
      0.9037330150604248,
      0.9015028476715088
    ],
    [
      0.9524779915809631,
      0.9306877851486206,
      0.9286409616470337
    ],
    [
      0.9927769303321838,
      0.9180660843849182,
      0.9144772291183472
    ],
    [
      0.9998569488525391,
      0.9625628590583801,
      0.9589144587516785
    ],
    [
      0.9999284744262695,
      0.9742218255996704,
      0.9709157943725586
    ],
    [
      0.9999642372131348,
      0.9762541651725769,
      0.9723213315010071
    ],
    [
      1.0,
      0.9745427370071411,
      0.971348226070404
    ],
    [
      1.0,
      0.9732591509819031,
      0.9699426889419556
    ],
    [
      1.0,
      0.9710129499435425,
      0.9687533974647522
    ],
    [
      1.0,
      0.9687666893005371,
      0.9663747549057007
    ],
    [
      1.0,
      0.967269241809845,
      0.9647529721260071
    ],
    [
      1.0,
      0.9671622514724731,
      0.96507728099823
    ],
    [
      1.0,
      0.9676970839500427,
      0.9656178951263428
    ],
    [
      1.0,
      0.9693015217781067,
      0.9666991233825684
    ],
    [
      1.0,
      0.9710129499435425,
      0.9679965376853943
    ],
    [
      1.0,
      0.9727243781089783,
      0.9696183204650879
    ],
    [
      1.0,
      0.97475665807724,
      0.970807671546936
    ]
  ],
  "precision": [
    [
      1.0,
      0.1666666716337204,
      0.0
    ],
    [
      1.0,
      0.4166666567325592,
      0.2857142984867096
    ],
    [
      1.0,
      0.5833333134651184,
      0.6666666865348816
    ],
    [
      1.0,
      0.8547486066818237,
      0.8227847814559937
    ],
    [
      1.0,
      0.5535433292388916,
      0.5488958954811096
    ],
    [
      1.0,
      0.8194444179534912,
      0.8211284279823303
    ],
    [
      1.0,
      0.9253539443016052,
      0.9238845109939575
    ],
    [
      1.0,
      0.9485487937927246,
      0.9375830292701721
    ],
    [
      1.0,
      0.9391534328460693,
      0.9276315569877625
    ],
    [
      1.0,
      0.9381720423698425,
      0.9229747653007507
    ],
    [
      1.0,
      0.9269282817840576,
      0.9218328595161438
    ],
    [
      1.0,
      0.9271708726882935,
      0.9148351550102234
    ],
    [
      1.0,
      0.9232954382896423,
      0.9073305726051331
    ],
    [
      1.0,
      0.9196050763130188,
      0.9043715596199036
    ],
    [
      1.0,
      0.917827308177948,
      0.9017496705055237
    ],
    [
      1.0,
      0.9195088744163513,
      0.904127836227417
    ],
    [
      1.0,
      0.9156785011291504,
      0.9045751690864563
    ],
    [
      1.0,
      0.9131545424461365,
      0.9085051417350769
    ],
    [
      1.0,
      0.9172932505607605,
      0.9087452292442322
    ]
  ],
  "recall": [
    [
      0.03482404723763466,
      0.001108647440560162,
      0.0
    ],
    [
      0.02309384196996689,
      0.0055432370863854885,
      0.0021857924293726683
    ],
    [
      0.027126099914312363,
      0.007760532200336456,
      0.008743169717490673
    ],
    [
      0.5128298997879028,
      0.33924612402915955,
      0.35519126057624817
    ],
    [
      0.9259530901908875,
      0.77937912940979,
      0.7606557607650757
    ],
    [
      0.9985337257385254,
      0.7849224209785461,
      0.7475410103797913
    ],
    [
      0.9992668628692627,
      0.7971175312995911,
      0.7693989276885986
    ],
    [
      0.9996334314346313,
      0.7971175312995911,
      0.771584689617157
    ],
    [
      1.0,
      0.7871397137641907,
      0.7704917788505554
    ],
    [
      1.0,
      0.7738358974456787,
      0.7595628499984741
    ],
    [
      1.0,
      0.7594234943389893,
      0.7475410103797913
    ],
    [
      1.0,
      0.7339246273040771,
      0.7278688549995422
    ],
    [
      1.0,
      0.72062087059021,
      0.7169398665428162
    ],
    [
      1.0,
      0.7228381633758545,
      0.7234972715377808
    ],
    [
      1.0,
      0.7305986881256104,
      0.7322404384613037
    ],
    [
      1.0,
      0.7472283840179443,
      0.7420765161514282
    ],
    [
      1.0,
      0.7705099582672119,
      0.7562841773033142
    ],
    [
      1.0,
      0.792682945728302,
      0.7704917788505554
    ],
    [
      1.0,
      0.8115299344062805,
      0.7836065292358398
    ]
  ],
  "f1": [
    [
      0.06730428338050842,
      0.0022026430815458298,
      0.0
    ],
    [
      0.04514510929584503,
      0.010940918698906898,
      0.004338394850492477
    ],
    [
      0.05281941592693329,
      0.015317286364734173,
      0.017259977757930756
    ],
    [
      0.6779743432998657,
      0.48571428656578064,
      0.49618321657180786
    ],
    [
      0.9615530967712402,
      0.6473296284675598,
      0.6376546025276184
    ],
    [
      0.9992663264274597,
      0.8018119931221008,
      0.782608687877655
    ],
    [
      0.9996333122253418,
      0.8564621806144714,
      0.8395945429801941
    ],
    [
      0.9998166561126709,
      0.866265058517456,
      0.8465228080749512
    ],
    [
      1.0,
      0.856453537940979,
      0.841791033744812
    ],
    [
      1.0,
      0.8481166362762451,
      0.8333333134651184
    ],
    [
      1.0,
      0.8348568081855774,
      0.8255884051322937
    ],
    [
      1.0,
      0.8193069100379944,
      0.8107120990753174
    ],
    [
      1.0,
      0.8094645142555237,
      0.8009768128395081
    ],
    [
      1.0,
      0.8094351291656494,
      0.8038858771324158
    ],
    [
      1.0,
      0.8135802745819092,
      0.8082026243209839
    ],
    [
      1.0,
      0.8244648575782776,
      0.8151260614395142
    ],
    [
      1.0,
      0.8368452787399292,
      0.8238095045089722
    ],
    [
      1.0,
      0.8486647009849548,
      0.8338261246681213
    ],
    [
      1.0,
      0.8611764907836914,
      0.841549277305603
    ]
  ],