{
  "loss": [
    [
      0.07509469240903854,
      0.31340110301971436,
      0.32222577929496765
    ],
    [
      0.005288445856422186,
      0.38729920983314514,
      0.39742347598075867
    ],
    [
      0.0028169560246169567,
      0.335968017578125,
      0.34296631813049316
    ],
    [
      0.002120221732184291,
      0.27280932664871216,
      0.28095343708992004
    ],
    [
      0.0014914126368239522,
      0.2250298112630844,
      0.23123443126678467
    ],
    [
      0.0011096772504970431,
      0.18926078081130981,
      0.19551098346710205
    ],
    [
      0.0009286782587878406,
      0.1743951141834259,
      0.1785709112882614
    ],
    [
      0.0007845304207876325,
      0.16831941902637482,
      0.17130403220653534
    ],
    [
      0.0006646992987953126,
      0.16421061754226685,
      0.1684747338294983
    ],
    [
      0.0005542724975384772,
      0.16099722683429718,
      0.1663907766342163
    ],
    [
      0.000455572473583743,
      0.158674418926239,
      0.16489852964878082
    ],
    [
      0.0003914535918738693,
      0.15734127163887024,
      0.16509777307510376
    ],
    [
      0.0003424680035095662,
      0.15653400123119354,
      0.16692396998405457
    ],
    [
      0.00030539449653588235,
      0.1581161618232727,
      0.16956612467765808
    ],
    [
      0.000277065351838246,
      0.16130858659744263,
      0.17383722960948944
    ],
    [
      0.000258376298006624,
      0.16535276174545288,
      0.17769084870815277
    ],
    [
      0.00024534808471798897,
      0.16803549230098724,
      0.17965906858444214
    ],
    [
      0.0002308838884346187,
      0.16727162897586823,
      0.17876258492469788
    ],
    [
      0.00021457808907143772,
      0.16610956192016602,
      0.17784027755260468
    ],
    [
      0.00019896372396033257,
      0.16601289808750153,
      0.1779901385307312
    ],
    [
      0.00018557083967607468,
      0.16613417863845825,
      0.17877061665058136
    ],
    [
      0.00017181468138005584,
      0.16643524169921875,
      0.17994925379753113
    ],
    [
      0.00016095138562377542,
      0.1674659550189972,
      0.18115200102329254
    ]
  ],
  "accuracy": [
    [
      0.9828402400016785,
      0.8993353247642517,
      0.8981086611747742
    ],
    [
      0.9996439814567566,
      0.8895797729492188,
      0.888925313949585
    ],
    [
      0.9998220205307007,
      0.9106989502906799,
      0.9091505408287048
    ],
    [
      0.9999287724494934,
      0.9283876419067383,
      0.9258773326873779
    ],
    [
      0.9999644160270691,
      0.9415737390518188,
      0.9392150640487671
    ],
    [
      1.0,
      0.9525085687637329,
      0.9513501524925232
    ],
    [
      1.0,
      0.9574399590492249,
      0.9584563374519348
    ],
    [
      1.0,
      0.9594768285751343,
      0.9607521295547485
    ],
    [
      1.0,
      0.9619425535202026,
      0.9625013470649719
    ],
    [
      1.0,
      0.963121771812439,
      0.962938666343689
    ],
    [
      1.0,
      0.963765025138855,
      0.9634853005409241
    ],
    [
      1.0,
      0.9643010497093201,
      0.963375985622406
    ],
    [
      1.0,
      0.9643010497093201,
      0.9631572961807251
    ],
    [
      1.0,
      0.963121771812439,
      0.9623920321464539
    ],
    [
      1.0,
      0.9623713493347168,
      0.9615174531936646
    ],
    [
      1.0,
      0.9616209268569946,
      0.9607521295547485
    ],
    [
      1.0,
      0.9603344798088074,
      0.9604241847991943
    ],
    [
      1.0,
      0.9607632756233215,
      0.9609708189964294
    ],
    [
      1.0,
      0.9608705043792725,
      0.9617360830307007
    ],
    [
      1.0,
      0.9610849022865295,
      0.9623920321464539
    ],
    [
      1.0,
      0.9620497226715088,
      0.9625013470649719
    ],
    [
      1.0,
      0.9621569514274597,
      0.9625013470649719
    ],
    [
      1.0,
      0.9622641801834106,
      0.9625013470649719
    ]
  ],
  "precision": [
    [
      0.9840737581253052,
      0.23728813230991364,
      0.27419355511665344
    ],
    [
      0.9989239573478699,
      0.38530734181404114,
      0.39230769872665405
    ],
    [
      0.999641478061676,
      0.53125,
      0.5329428911209106
    ],
    [
      1.0,
      0.6490727663040161,
      0.6426513195037842
    ],
    [
      1.0,
      0.7351274490356445,
      0.7298850417137146
    ],
    [
      1.0,
      0.7956403493881226,
      0.8005578517913818
    ],
    [
      1.0,
      0.8125,
      0.8369565010070801
    ],
    [
      1.0,
      0.8178343772888184,
      0.8423840999603271
    ],
    [
      1.0,
      0.8287153840065002,
      0.8447606563568115
    ],
    [
      1.0,
      0.8318804502487183,
      0.8394437432289124
    ],
    [
      1.0,
      0.8298653364181519,
      0.8353960514068604
    ],
    [
      1.0,
      0.8269230723381042,
      0.8262967467308044
    ],
    [
      1.0,
      0.8185011744499207,
      0.8166862726211548
    ],
    [
      1.0,
      0.8045714497566223,
      0.8022727370262146
    ],
    [
      1.0,
      0.7935267686843872,
      0.7917594909667969
    ],
    [
      1.0,
      0.7842278480529785,
      0.7806732058525085
    ],
    [
      1.0,
      0.7740540504455566,
      0.7763440608978271
    ],
    [
      1.0,
      0.7762162089347839,
      0.7799353003501892
    ],
    [
      1.0,
      0.7764579057693481,
      0.7852494716644287
    ],
    [
      1.0,
      0.7781385183334351,
      0.7916666865348816
    ],
    [
      1.0,
      0.7864183783531189,
      0.7938258051872253
    ],
    [
      1.0,
      0.7879120707511902,
      0.792535662651062
    ],
    [
      1.0,
      0.7887789011001587,
      0.792535662651062
    ]
  ],
  "recall": [
    [
      0.8409742116928101,
      0.03192702308297157,
      0.0388127863407135
    ],
    [
      0.9974928498268127,
      0.29304447770118713,
      0.29109588265419006
    ],
    [
      0.9985673427581787,
      0.4264538288116455,
      0.4155251085758209
    ],
    [
      0.9992836713790894,
      0.5188141465187073,
      0.509132444858551
    ],
    [
      0.9996418356895447,
      0.5917901992797852,
      0.5799086689949036
    ],
    [
      1.0,
      0.6659064888954163,
      0.655251145362854
    ],
    [
      1.0,
      0.7115165591239929,
      0.7031963467597961
    ],
    [
      1.0,
      0.73204106092453,
      0.7260273694992065
    ],
    [
      1.0,
      0.7502850890159607,
      0.7454338073730469
    ],
    [
      1.0,
      0.7616875767707825,
      0.7579908967018127
    ],
    [
      1.0,
      0.7730900645256042,
      0.7705479264259338
    ],
    [
      1.0,
      0.7844926118850708,
      0.7819634675979614
    ],
    [
      1.0,
      0.7970353364944458,
      0.793379008769989
    ],
    [
      1.0,
      0.8027365803718567,
      0.8059360980987549
    ],
    [
      1.0,
      0.8107183575630188,
      0.8116438388824463
    ],
    [
      1.0,
      0.8164196014404297,
      0.8207762837409973
    ],
    [
      1.0,
      0.8164196014404297,
      0.8242009282112122
    ],
    [
      1.0,
      0.8187001347541809,
      0.8253424763679504
    ],
    [
      1.0,
      0.8198403716087341,
      0.8264840245246887
    ],
    [
      1.0,
      0.8198403716087341,
      0.8242009282112122
    ],
    [
      1.0,
      0.8187001347541809,
      0.8219178318977356
    ],
    [
      1.0,
      0.8175598382949829,
      0.8242009282112122
    ],
    [
      1.0,
      0.8175598382949829,
      0.8242009282112122
    ]
  ],