{
  "loss": [
    [
      0.03971193730831146,
      0.31147974729537964,
      0.3250923156738281
    ],
    [
      0.0032111078035086393,
      0.3430887758731842,
      0.36479121446609497
    ],
    [
      0.0021494049578905106,
      0.3019498586654663,
      0.33030828833580017
    ],
    [
      0.0016936559695750475,
      0.25858551263809204,
      0.2865268588066101
    ],
    [
      0.0014728012029081583,
      0.20261618494987488,
      0.22670698165893555
    ],
    [
      0.0011882389662787318,
      0.1687128096818924,
      0.18641945719718933
    ],
    [
      0.0009899854194372892,
      0.15536624193191528,
      0.17089705169200897
    ],
    [
      0.0007732011144980788,
      0.1512668877840042,
      0.16406632959842682
    ],
    [
      0.0006620355416089296,
      0.1495436429977417,
      0.16011925041675568
    ],
    [
      0.0005746970418840647,
      0.1496368646621704,
      0.158780038356781
    ],
    [
      0.000505227770190686,
      0.1502753496170044,
      0.15814758837223053
    ],
    [
      0.0004522693925537169,
      0.15065127611160278,
      0.15874575078487396
    ],
    [
      0.0004097070195712149,
      0.15318000316619873,
      0.1600387543439865
    ],
    [
      0.00037662405520677567,
      0.1546270102262497,
      0.16167199611663818
    ],
    [
      0.0003469267685431987,
      0.15689657628536224,
      0.16399376094341278
    ],
    [
      0.0003233034803997725,
      0.15952952206134796,
      0.16635800898075104
    ],
    [
      0.0003020844014827162,
      0.1630297750234604,
      0.16922757029533386
    ],
    [
      0.0002845091512426734,
      0.1655699461698532,
      0.1715172827243805
    ],
    [
      0.0002676302974577993,
      0.17000864446163177,
      0.17458203434944153
    ],
    [
      0.00024778995430096984,
      0.1736331284046173,
      0.1771559864282608
    ],
    [
      0.000146882317494601,
      0.17670176923274994,
      0.17985256016254425
    ],
    [
      0.00013539835345000029,
      0.17809660732746124,
      0.18150192499160767
    ],
    [
      0.00012806078302673995,
      0.1790488362312317,
      0.180987149477005
    ],
    [
      0.00012128520029364154,
      0.17974215745925903,
      0.18092907965183258
    ],
    [
      0.00011509552132338285,
      0.1805834323167801,
      0.1816791146993637
    ],
    [
      0.00010829872189788148,
      0.18147845566272736,
      0.1827717423439026
    ]
  ],
  "accuracy": [
    [
      0.9925870299339294,
      0.8964816331863403,
      0.8929917216300964
    ],
    [
      0.9997134804725647,
      0.9102769494056702,
      0.9059101939201355
    ],
    [
      0.9996418952941895,
      0.92460697889328,
      0.9201205968856812
    ],
    [
      0.9996777176856995,
      0.9350871443748474,
      0.9304553866386414
    ],
    [
      0.9997134804725647,
      0.9502726793289185,
      0.9438045024871826
    ],
    [
      0.9997493028640747,
      0.96150141954422,
      0.9579071998596191
    ],
    [
      0.9998209476470947,
      0.9657790660858154,
      0.9619980454444885
    ],
    [
      0.9998567700386047,
      0.9666345715522766,
      0.9637205004692078
    ],
    [
      0.9998567700386047,
      0.9672762155532837,
      0.9649047255516052
    ],
    [
      0.9998567700386047,
      0.9670623540878296,
      0.9655506610870361
    ],
    [
      0.9998567700386047,
      0.9670623540878296,
      0.9665195345878601
    ],
    [
      0.9998567700386047,
      0.9674901366233826,
      0.967165470123291
    ],
    [
      0.9998567700386047,
      0.9672762155532837,
      0.9668424725532532
    ],
    [
      0.9998567700386047,
      0.9672762155532837,
      0.966196596622467
    ],
    [
      0.9998567700386047,
      0.9674901366233826,
      0.9659812450408936
    ],
    [
      0.9998925924301147,
      0.9665276408195496,
      0.9653353691101074
    ],
    [
      0.9998925924301147,
      0.9655652046203613,
      0.9651200175285339
    ],
    [
      0.99996417760849,
      0.9648165702819824,
      0.9645817875862122
    ],
    [
      1.0,
      0.9642819166183472,
      0.9638282060623169
    ],
    [
      1.0,
      0.9638541340827942,
      0.9633975625038147
    ],
    [
      1.0,
      0.9633194208145142,
      0.9632899165153503
    ],
    [
      1.0,
      0.962891697883606,
      0.963182270526886
    ],
    [
      1.0,
      0.9633194208145142,
      0.9628592729568481
    ],
    [
      1.0,
      0.9635332822799683,
      0.9628592729568481
    ],
    [
      1.0,
      0.9636402726173401,
      0.963505208492279
    ],
    [
      1.0,
      0.9637472033500671,
      0.9632899165153503
    ]
  ],
  "precision": [
    [
      0.9493136405944824,
      0.3631123900413513,
      0.38352271914482117
    ],
    [
      0.9985507130622864,
      0.5324427485466003,
      0.5346715450286865
    ],
    [
      0.9985496997833252,
      0.6320754885673523,
      0.6307692527770996
    ],
    [
      0.9985501766204834,
      0.695588231086731,
      0.6950146555900574
    ],
    [
      0.9985507130622864,
      0.7905982732772827,
      0.7809798121452332
    ],
    [
      0.9985512495040894,
      0.8499317765235901,
      0.8553888201713562
    ],
    [
      0.9985523223876953,
      0.8623853325843811,
      0.8672798871994019
    ],
    [
      0.9985527992248535,
      0.8582375645637512,
      0.8681178092956543
    ],
    [
      0.9985527992248535,
      0.8539325594902039,
      0.8662499785423279
    ],
    [
      0.9985527992248535,
      0.8491965532302856,
      0.8663366436958313
    ],
    [
      0.9985527992248535,
      0.8432563543319702,
      0.8678090572357178
    ],
    [
      0.9985527992248535,
      0.8399044275283813,
      0.8669891357421875
    ],
    [
      0.9985527992248535,
      0.8331375122070312,
      0.8603818416595459
    ],
    [
      0.9985527992248535,
      0.8308051228523254,
      0.8525943160057068
    ],
    [
      0.9985527992248535,
      0.827387809753418,
      0.8481308221817017
    ],
    [
      0.9989142417907715,
      0.8189066052436829,
      0.8406466245651245
    ],
    [
      0.9989142417907715,
      0.8078212141990662,
      0.8371559381484985
    ],
    [
      0.9996378421783447,
      0.8002207279205322,
      0.8293785452842712
    ],
    [
      1.0,
      0.7926167249679565,
      0.820712685585022
    ],
    [
      1.0,
      0.7885652780532837,
      0.8142856955528259
    ],
    [
      1.0,
      0.7831196784973145,
      0.8106637597084045
    ],
    [
      1.0,
      0.7791932225227356,
      0.8104575276374817
    ],
    [
      1.0,
      0.7825160026550293,
      0.8098360896110535
    ],
    [
      1.0,
      0.7854077219963074,
      0.8098360896110535
    ],
    [
      1.0,
      0.7850267291069031,
      0.8138006329536438
    ],
    [
      1.0,
      0.7870967984199524,
      0.8140814304351807
    ]
  ],