{
    "bgnn-agnn": {
        "mean": {
            "val": {
                "accuracy": 0.9807725548744202,
                "precision": 0.9704279780387879,
                "recall": 0.8724373579025269,
                "f1": 0.894634997844696
            },
            "test": {
                "accuracy": 0.9804233312606812,
                "precision": 0.9773783802986145,
                "recall": 0.8738938093185424,
                "f1": 0.8943668365478515
            },
            "time": 0.0
        },
        "std": {
            "val": {
                "accuracy": 0.0,
                "precision": 0.0,
                "recall": 0.0,
                "f1": 0.0
            },
            "test": {
                "accuracy": 0.0,
                "precision": 0.0,
                "recall": 0.0,
                "f1": 0.0
            },
            "time": 0.0
        }
    }
}