{
  "loss": [
    [
      0.022314362227916718,
      0.22284317016601562,
      0.23016300797462463
    ],
    [
      0.001747463014908135,
      0.15011830627918243,
      0.15917378664016724
    ],
    [
      0.0010210775071755052,
      0.1250564306974411,
      0.1338668167591095
    ],
    [
      0.000696152972523123,
      0.11641345918178558,
      0.12544283270835876
    ],
    [
      0.000468164449557662,
      0.11311094462871552,
      0.12204162031412125
    ],
    [
      0.0002769426500890404,
      0.11140895634889603,
      0.12055010348558426
    ],
    [
      0.00019556237384676933,
      0.1112661361694336,
      0.11960019171237946
    ],
    [
      0.00014819396892562509,
      0.11683501303195953,
      0.12355337291955948
    ],
    [
      0.00011955595255130902,
      0.12146250903606415,
      0.12875045835971832
    ],
    [
      0.0001007671162369661,
      0.12574364244937897,
      0.1330171525478363
    ],
    [
      8.863741823006421e-05,
      0.1374112367630005,
      0.14335475862026215
    ],
    [
      8.306822564918548e-05,
      0.1588677316904068,
      0.16451509296894073
    ],
    [
      7.783618639223278e-05,
      0.1849038451910019,
      0.19022901356220245
    ],
    [
      7.315892435144633e-05,
      0.21378277242183685,
      0.2193988710641861
    ],
    [
      7.357962749665603e-05,
      0.24389579892158508,
      0.2492324858903885
    ],
    [
      5.521233833860606e-05,
      0.23023243248462677,
      0.23872347176074982
    ],
    [
      5.414354018284939e-05,
      0.20207838714122772,
      0.21282637119293213
    ],
    [
      5.448700176202692e-05,
      0.17727690935134888,
      0.18989762663841248
    ]
  ],
  "accuracy": [
    [
      0.9974297881126404,
      0.9181995391845703,
      0.9121280312538147
    ],
    [
      0.9999642968177795,
      0.9526076316833496,
      0.9514448642730713
    ],
    [
      1.0,
      0.9611555933952332,
      0.9601460695266724
    ],
    [
      1.0,
      0.9658082723617554,
      0.9641207456588745
    ],
    [
      1.0,
      0.9679722785949707,
      0.966591477394104
    ],
    [
      1.0,
      0.9697035551071167,
      0.9679879546165466
    ],
    [
      1.0,
      0.9708937406539917,
      0.9686325192451477
    ],
    [
      1.0,
      0.9701363444328308,
      0.968739926815033
    ],
    [
      1.0,
      0.9694871306419373,
      0.9686325192451477
    ],
    [
      1.0,
      0.9701363444328308,
      0.9688473343849182
    ],
    [
      1.0,
      0.968946099281311,
      0.9674508571624756
    ],
    [
      1.0,
      0.9673230648040771,
      0.964443027973175
    ],
    [
      1.0,
      0.9646180272102356,
      0.9615426063537598
    ],
    [
      1.0,
      0.9623458385467529,
      0.9596089720726013
    ],
    [
      1.0,
      0.9606145620346069,
      0.9577828049659729
    ],
    [
      1.0,
      0.9629950523376465,
      0.9598238468170166
    ],
    [
      1.0,
      0.965700089931488,
      0.9618648886680603
    ],
    [
      1.0,
      0.9674313068389893,
      0.9646578431129456
    ]
  ],
  "precision": [
    [
      0.9981671571731567,
      0.8175675868988037,
      0.800000011920929
    ],
    [
      1.0,
      0.8468013405799866,
      0.8406015038490295
    ],
    [
      1.0,
      0.9112227559089661,
      0.9009009003639221
    ],
    [
      1.0,
      0.9238095283508301,
      0.9131693243980408
    ],
    [
      1.0,
      0.9171686768531799,
      0.9159663915634155
    ],
    [
      1.0,
      0.9071428775787354,
      0.9062918424606323
    ],
    [
      1.0,
      0.9085794687271118,
      0.9017037749290466
    ],
    [
      1.0,
      0.9100000262260437,
      0.9039473533630371
    ],
    [
      1.0,
      0.9139941930770874,
      0.9103078842163086
    ],
    [
      1.0,
      0.925815999507904,
      0.9195088744163513
    ],
    [
      1.0,
      0.9297710061073303,
      0.9239436388015747
    ],
    [
      1.0,
      0.9281250238418579,
      0.918367326259613
    ],
    [
      1.0,
      0.91839998960495,
      0.9112781882286072
    ],
    [
      1.0,
      0.9101307392120361,
      0.8965517282485962
    ],
    [
      1.0,
      0.9036544561386108,
      0.8890577554702759
    ],
    [
      1.0,
      0.9018987417221069,
      0.8820143938064575
    ],
    [
      1.0,
      0.9056316614151001,
      0.8862359523773193
    ],
    [
      1.0,
      0.9066666960716248,
      0.8934426307678223
    ]
  ],
  "recall": [
    [
      0.9759856462478638,
      0.14235293865203857,
      0.12817679345607758
    ],
    [
      0.9996415972709656,
      0.5917646884918213,
      0.6176795363426208
    ],
    [
      1.0,
      0.6399999856948853,
      0.6629834175109863
    ],
    [
      1.0,
      0.6847058534622192,
      0.6972375512123108
    ],
    [
      1.0,
      0.7164705991744995,
      0.7226519584655762
    ],
    [
      1.0,
      0.7470588088035583,
      0.7480663061141968
    ],
    [
      1.0,
      0.7599999904632568,
      0.760221004486084
    ],
    [
      1.0,
      0.7494117617607117,
      0.759115993976593
    ],
    [
      1.0,
      0.7376470565795898,
      0.7513812184333801
    ],
    [
      1.0,
      0.7341176271438599,
      0.7447513937950134
    ],
    [
      1.0,
      0.7164705991744995,
      0.7248618602752686
    ],
    [
      1.0,
      0.6988235116004944,
      0.6961326003074646
    ],
    [
      1.0,
      0.6752941012382507,
      0.669613242149353
    ],
    [
      1.0,
      0.6552941203117371,
      0.6607734560966492
    ],
    [
      1.0,
      0.6399999856948853,
      0.6464088559150696
    ],
    [
      1.0,
      0.6705882549285889,
      0.6773480772972107
    ],
    [
      1.0,
      0.699999988079071,
      0.6972375512123108
    ],
    [
      1.0,
      0.7200000286102295,
      0.7226519584655762
    ]
  ],
  "f1": [
    [
      0.9869517683982849,
      0.24248497188091278,
      0.2209523767232895
    ],
    [
      0.9998207688331604,
      0.6966758966445923,
      0.712101936340332
    ],
    [
      1.0,
      0.7519004940986633,
      0.7638446688652039
    ],
    [
      1.0,
      0.7864865064620972,
      0.7907268404960632
    ],
    [
      1.0,
      0.804491400718689,
      0.8079060912132263
    ],
    [
      1.0,
      0.8193548321723938,
      0.8196125626564026
    ],
    [
      1.0,
      0.8276745676994324,
      0.824940025806427
    ],
    [
      1.0,
      0.8219354748725891,
      0.8252252340316772
    ],
    [
      1.0,
      0.81640625,
      0.823244571685791
    ],
    [
      1.0,
      0.8188976645469666,
      0.8229548335075378
    ],
    [
      1.0,
      0.8093023300170898,
      0.8123838901519775
    ],
    [
      1.0,
      0.7973154187202454,
      0.791954755783081
    ],
    [
      1.0,
      0.7783051133155823,
      0.771974503993988
    ],
    [
      1.0,
      0.7619699239730835,
      0.7608142495155334
    ],
    [
      1.0,
      0.7493112683296204,
      0.7485604882240295
    ],
    [
      1.0,
      0.7692307829856873,
      0.7662500143051147
    ],
    [
      1.0,
      0.7896482944488525,
      0.780457615852356
    ],
    [
      1.0,
      0.8026229739189148,
      0.7990226149559021
    ]
  ],