{
  "loss": [
    [
      0.0008434121846221387,
      0.20203013718128204,
      0.20986729860305786
    ],
    [
      0.000161462216055952,
      0.137808695435524,
      0.15066491067409515
    ],
    [
      0.00012519762094598264,
      0.11819038540124893,
      0.12987349927425385
    ],
    [
      8.657111175125465e-05,
      0.119312584400177,
      0.1295260488986969
    ],
    [
      5.9116056945640594e-05,
      0.12799498438835144,
      0.13792608678340912
    ],
    [
      4.2139352444792166e-05,
      0.14748333394527435,
      0.1575993299484253
    ],
    [
      3.496590943541378e-05,
      0.16597776114940643,
      0.17785650491714478
    ],
    [
      3.110697434749454e-05,
      0.17717446386814117,
      0.19584566354751587
    ],
    [
      2.318757469765842e-05,
      0.15892304480075836,
      0.1706722378730774
    ],
    [
      2.1987658328725956e-05,
      0.1557721197605133,
      0.16755466163158417
    ],
    [
      1.6830084859975614e-05,
      0.16025486588478088,
      0.1704854965209961
    ],
    [
      1.72700692928629e-05,
      0.17134210467338562,
      0.18729189038276672
    ],
    [
      1.3724995369557291e-05,
      0.17075851559638977,
      0.17941907048225403
    ],
    [
      1.6558846255065873e-05,
      0.19450317323207855,
      0.21092082560062408
    ],
    [
      9.661474905442446e-06,
      0.19288364052772522,
      0.20183341205120087
    ]
  ],
  "accuracy": [
    [
      1.0,
      0.931291937828064,
      0.9266301393508911
    ],
    [
      1.0,
      0.9602899551391602,
      0.956171452999115
    ],
    [
      1.0,
      0.9682968854904175,
      0.9662691950798035
    ],
    [
      1.0,
      0.9693789482116699,
      0.967128574848175
    ],
    [
      1.0,
      0.9684051275253296,
      0.9662691950798035
    ],
    [
      1.0,
      0.964834451675415,
      0.9625093936920166
    ],
    [
      1.0,
      0.963968813419342,
      0.9615426063537598
    ],
    [
      1.0,
      0.9647262692451477,
      0.9615426063537598
    ],
    [
      1.0,
      0.9675394892692566,
      0.9647653102874756
    ],
    [
      1.0,
      0.9678640961647034,
      0.9657320976257324
    ],
    [
      1.0,
      0.9672148823738098,
      0.9661617875099182
    ],
    [
      1.0,
      0.9662410616874695,
      0.9631539583206177
    ],
    [
      1.0,
      0.9672148823738098,
      0.9657320976257324
    ],
    [
      1.0,
      0.9650508761405945,
      0.9626168012619019
    ],
    [
      1.0,
      0.9661328792572021,
      0.9645504355430603
    ]
  ],
  "precision": [
    [
      1.0,
      0.599629282951355,
      0.5966898798942566
    ],
    [
      1.0,
      0.8577777743339539,
      0.8300132751464844
    ],
    [
      1.0,
      0.9101620316505432,
      0.898785412311554
    ],
    [
      1.0,
      0.9079136848449707,
      0.894598126411438
    ],
    [
      1.0,
      0.8842975497245789,
      0.8735777735710144
    ],
    [
      1.0,
      0.837837815284729,
      0.8317422270774841
    ],
    [
      1.0,
      0.8352788686752319,
      0.8275449275970459
    ],
    [
      1.0,
      0.8852941393852234,
      0.863213837146759
    ],
    [
      1.0,
      0.9116766452789307,
      0.8882907032966614
    ],
    [
      1.0,
      0.9060205817222595,
      0.8896276354789734
    ],
    [
      1.0,
      0.9027982354164124,
      0.8891820311546326
    ],
    [
      1.0,
      0.8898550868034363,
      0.864935040473938
    ],
    [
      1.0,
      0.9039881825447083,
      0.8885941505432129
    ],
    [
      1.0,
      0.9047619104385376,
      0.8862690925598145
    ],
    [
      1.0,
      0.8966026306152344,
      0.8848728537559509
    ]
  ],
  "recall": [
    [
      1.0,
      0.7611764669418335,
      0.7569060921669006
    ],
    [
      1.0,
      0.681176483631134,
      0.6906077265739441
    ],
    [
      1.0,
      0.7270588278770447,
      0.7359116077423096
    ],
    [
      1.0,
      0.7423529624938965,
      0.7502762675285339
    ],
    [
      1.0,
      0.755294144153595,
      0.7635359168052673
    ],
    [
      1.0,
      0.7658823728561401,
      0.770165741443634
    ],
    [
      1.0,
      0.7576470375061035,
      0.7635359168052673
    ],
    [
      1.0,
      0.7082353234291077,
      0.7182320356369019
    ],
    [
      1.0,
      0.7164705991744995,
      0.7292817831039429
    ],
    [
      1.0,
      0.725882351398468,
      0.7392265200614929
    ],
    [
      1.0,
      0.7211764454841614,
      0.7447513937950134
    ],
    [
      1.0,
      0.722352921962738,
      0.7359116077423096
    ],
    [
      1.0,
      0.7200000286102295,
      0.7403314709663391
    ],
    [
      1.0,
      0.6929411888122559,
      0.7060773372650146
    ],
    [
      1.0,
      0.7141176462173462,
      0.7303867340087891
    ]
  ],
  "f1": [
    [
      1.0,
      0.6708139181137085,
      0.6673161387443542
    ],
    [
      1.0,
      0.7593442797660828,
      0.7539203763008118
    ],
    [
      1.0,
      0.8083714842796326,
      0.8092344999313354
    ],
    [
      1.0,
      0.8168284893035889,
      0.8161057829856873
    ],
    [
      1.0,
      0.8147208094596863,
      0.8148584961891174
    ],
    [
      1.0,
      0.8002458214759827,
      0.7997705340385437
    ],
    [
      1.0,
      0.7945712804794312,
      0.794252872467041
    ],
    [
      1.0,
      0.786928117275238,
      0.7840772271156311
    ],
    [
      1.0,
      0.8023715615272522,
      0.8009708523750305
    ],
    [
      1.0,
      0.8060091733932495,
      0.8074833750724792
    ],
    [
      1.0,
      0.8018312454223633,
      0.8105832934379578
    ],
    [
      1.0,
      0.7974026203155518,
      0.7952238917350769
    ],
    [
      1.0,
      0.8015717267990112,
      0.8077154755592346
    ],
    [
      1.0,
      0.7848101258277893,
      0.785977840423584
    ],
    [
      1.0,
      0.7950229048728943,
      0.8002421259880066
    ]
  ],
  "auc": [
    [
      1.0,
      0.8548494577407837,
      0.8509066104888916
    ],
    [
      1.0,
      0.8348684906959534,
      0.8376884460449219
    ],
    [
      1.0,
      0.8598949909210205,
      0.8634936213493347
    ],
    [
      1.0,
      0.8673633337020874,
      0.8703784942626953
    ],
    [
      1.0,
      0.8726422786712646,
      0.8758184313774109
    ],
    [
      1.0,
      0.8754340410232544,
      0.8766940236091614
    ],
    [
      1.0,
      0.8712568283081055,
      0.8732005953788757
    ],
    [
      1.0,
      0.8494703769683838,
      0.8529880046844482
    ],
    [
      1.0,
      0.8547200560569763,
      0.8597027659416199
    ],
    [
      1.0,
      0.8591279983520508,
      0.8646751642227173
    ],
    [
      1.0,
      0.8566558957099915,
      0.8673780560493469
    ],
    [
      1.0,
      0.856648325920105,
      0.8617682456970215
    ],
    [
      1.0,
      0.8561272621154785,
      0.8651681542396545
    ],
    [
      1.0,
      0.8427765965461731,
      0.8481600284576416
    ],
    [
      1.0,
      0.8528881669044495,
      0.8600767850875854
    ]
  ]
}