{
  "loss": [
    [
      0.0928509384393692,
      0.3038920760154724,
      0.31752681732177734
    ],
    [
      0.005631689447909594,
      0.3518672585487366,
      0.36690327525138855
    ],
    [
      0.0026437966153025627,
      0.3167085647583008,
      0.3404933512210846
    ],
    [
      0.002239764202386141,
      0.2495068609714508,
      0.27452781796455383
    ],
    [
      0.0017246466595679522,
      0.19826112687587738,
      0.222636878490448
    ],
    [
      0.001415878999978304,
      0.17242830991744995,
      0.19159354269504547
    ],
    [
      0.0011249200906604528,
      0.1591281294822693,
      0.17653433978557587
    ],
    [
      0.0009702419629320502,
      0.15236319601535797,
      0.16801053285598755
    ],
    [
      0.0008401759550906718,
      0.1483289897441864,
      0.16137322783470154
    ],
    [
      0.0007313586538657546,
      0.1462465226650238,
      0.15736326575279236
    ],
    [
      0.0006442830781452358,
      0.14584852755069733,
      0.15522219240665436
    ],
    [
      0.0005756080499850214,
      0.1462448537349701,
      0.15480488538742065
    ],
    [
      0.0005194747354835272,
      0.148590087890625,
      0.1555810123682022
    ],
    [
      0.00047430815175175667,
      0.15162672102451324,
      0.15769721567630768
    ],
    [
      0.0004382974293548614,
      0.15517830848693848,
      0.16085344552993774
    ],
    [
      0.00041087018325924873,
      0.15887486934661865,
      0.1641462743282318
    ],
    [
      0.0003922365140169859,
      0.16015176475048065,
      0.16673125326633453
    ],
    [
      0.0003736588405445218,
      0.15996778011322021,
      0.1677415668964386
    ],
    [
      0.0003568452666513622,
      0.1598793864250183,
      0.16801683604717255
    ],
    [
      0.00033874809741973877,
      0.16024090349674225,
      0.1684524565935135
    ],
    [
      0.0003239195793867111,
      0.16091905534267426,
      0.16929678618907928
    ],
    [
      0.00030909047927707434,
      0.16233979165554047,
      0.17049314081668854
    ],
    [
      0.000296118319965899,
      0.16434405744075775,
      0.17141425609588623
    ],
    [
      0.00028396237757988274,
      0.1658942848443985,
      0.1724972128868103
    ]
  ],
  "accuracy": [
    [
      0.9724609851837158,
      0.902149498462677,
      0.8964366316795349
    ],
    [
      0.9989972710609436,
      0.8927387595176697,
      0.8901926875114441
    ],
    [
      0.9991763234138489,
      0.9128435254096985,
      0.9088168740272522
    ],
    [
      0.9996060729026794,
      0.9338038563728333,
      0.9289482235908508
    ],
    [
      0.9996777176856995,
      0.9485616683959961,
      0.940251886844635
    ],
    [
      0.9997851252555847,
      0.9580793380737305,
      0.9531704187393188
    ],
    [
      0.9998567700386047,
      0.9612875580787659,
      0.9581224918365479
    ],
    [
      0.9998209476470947,
      0.9632124900817871,
      0.9605985283851624
    ],
    [
      0.9998209476470947,
      0.9640679955482483,
      0.9616751074790955
    ],
    [
      0.9998209476470947,
      0.9646027088165283,
      0.9628592729568481
    ],
    [
      0.9998209476470947,
      0.9649235606193542,
      0.9642587900161743
    ],
    [
      0.9998209476470947,
      0.9655652046203613,
      0.9650123715400696
    ],
    [
      0.9998209476470947,
      0.9654582142829895,
      0.9649047255516052
    ],
    [
      0.9998209476470947,
      0.9650304913520813,
      0.9650123715400696
    ],
    [
      0.9998209476470947,
      0.9641749262809753,
      0.9642587900161743
    ],
    [
      0.9998209476470947,
      0.9636402726173401,
      0.9630746245384216
    ],
    [
      0.9998209476470947,
      0.962998628616333,
      0.962213397026062
    ],
    [
      0.9998209476470947,
      0.9631055593490601,
      0.9624286890029907
    ],
    [
      0.9998209476470947,
      0.9635332822799683,
      0.963182270526886
    ],
    [
      0.9998209476470947,
      0.9637472033500671,
      0.9633975625038147
    ],
    [
      0.9998209476470947,
      0.9642819166183472,
      0.963505208492279
    ],
    [
      0.9998209476470947,
      0.9642819166183472,
      0.9632899165153503
    ],
    [
      0.9998209476470947,
      0.9642819166183472,
      0.9637205004692078
    ],
    [
      0.9998209476470947,
      0.9637472033500671,
      0.9637205004692078
    ]
  ],
  "precision": [
    [
      0.9820823073387146,
      0.28999999165534973,
      0.23404255509376526
    ],
    [
      0.9967272877693176,
      0.35807859897613525,
      0.3732394278049469
    ],
    [
      0.9981798529624939,
      0.540730357170105,
      0.5477239489555359
    ],
    [
      0.9981877207756042,
      0.6793785095214844,
      0.681034505367279
    ],
    [
      0.9981890916824341,
      0.7648648619651794,
      0.7482614517211914
    ],
    [
      0.9985517859458923,
      0.8127438426017761,
      0.8125818967819214
    ],
    [
      0.9985527992248535,
      0.8221942186355591,
      0.8314321637153625
    ],
    [
      0.9981916546821594,
      0.8277571201324463,
      0.8446969985961914
    ],
    [
      0.9981916546821594,
      0.8270401954650879,
      0.844913125038147
    ],
    [
      0.9981916546821594,
      0.824940025806427,
      0.8428053259849548
    ],
    [
      0.9981916546821594,
      0.8187134265899658,
      0.8427895903587341
    ],
    [
      0.9981916546821594,
      0.8177623748779297,
      0.8424737453460693
    ],
    [
      0.9981916546821594,
      0.8110859990119934,
      0.8383371829986572
    ],
    [
      0.9981916546821594,
      0.8019911646842957,
      0.836197018623352
    ],
    [
      0.9981916546821594,
      0.792391300201416,
      0.8222222328186035
    ],
    [
      0.9981916546821594,
      0.786867618560791,
      0.8116101026535034
    ],
    [
      0.9981916546821594,
      0.7788359522819519,
      0.8032432198524475
    ],
    [
      0.9981916546821594,
      0.7796609997749329,
      0.8036677241325378
    ],
    [
      0.9981916546821594,
      0.7817796468734741,
      0.8097826242446899
    ],
    [
      0.9981916546821594,
      0.7840425372123718,
      0.812910258769989
    ],
    [
      0.9981916546821594,
      0.7870074510574341,
      0.8138006329536438
    ],
    [
      0.9981916546821594,
      0.7870074510574341,
      0.8133918642997742
    ],
    [
      0.9981916546821594,
      0.7870074510574341,
      0.8162816166877747
    ],
    [
      0.9981916546821594,
      0.7834395170211792,
      0.8155872821807861
    ]
  ],