{
    "bgnn-arma": {
        "mean": {
            "val": {
                "accuracy": 0.9477202224731446,
                "precision": 0.6700916528701782,
                "recall": 0.524542422615923,
                "f1": 0.5428196151461452
            },
            "test": {
                "accuracy": 0.9467665386199953,
                "precision": 0.5832184219360352,
                "recall": 0.5265129733085632,
                "f1": 0.5407033848762512
            },
            "time": 203.3449238204956
        },
        "std": {
            "val": {
                "accuracy": 0.010896777554661695,
                "precision": 0.1918955671030272,
                "recall": 0.10999695366926314,
                "f1": 0.12020437663906797
            },
            "test": {
                "accuracy": 0.009735906795952454,
                "precision": 0.13707238208005276,
                "recall": 0.11104904166110689,
                "f1": 0.12092264966625427
            },
            "time": 74.82273656613991
        }
    }
}