{
    "bgnn-agnn": {
        "mean": {
            "val": {
                "accuracy": 0.9674195909500123,
                "precision": 0.8870463538169862,
                "recall": 0.8424113082885742,
                "f1": 0.8238391470909118
            },
            "test": {
                "accuracy": 0.965873486995697,
                "precision": 0.8771835756301879,
                "recall": 0.8423663115501403,
                "f1": 0.8199936795234679
            },
            "time": 216.40921157836914
        },
        "std": {
            "val": {
                "accuracy": 0.0024500679444348842,
                "precision": 0.012269032964910009,
                "recall": 0.01620278765656516,
                "f1": 0.009026196561946621
            },
            "test": {
                "accuracy": 0.0015832500706423514,
                "precision": 0.015093943113345857,
                "recall": 0.008393220211597743,
                "f1": 0.007575964727889854
            },
            "time": 14.143630546407067
        }
    }
}