{
    "bgnn-arma": {
        "mean": {
            "val": {
                "accuracy": 0.9602173447608948,
                "precision": 0.7482097744941711,
                "recall": 0.6786740183830261,
                "f1": 0.6891100883483887
            },
            "test": {
                "accuracy": 0.9622167348861694,
                "precision": 0.716442859172821,
                "recall": 0.697123897075653,
                "f1": 0.7011156201362609
            },
            "time": 253.2235583305359
        },
        "std": {
            "val": {
                "accuracy": 0.0,
                "precision": 0.0,
                "recall": 0.0,
                "f1": 0.0
            },
            "test": {
                "accuracy": 0.0,
                "precision": 0.0,
                "recall": 0.0,
                "f1": 0.0
            },
            "time": 0.0
        }
    }
}