{
    "bgnn-arma": {
        "mean": {
            "val": {
                "accuracy": 0.9659470796585083,
                "precision": 0.8509232401847839,
                "recall": 0.7322940349578857,
                "f1": 0.7626187443733216
            },
            "test": {
                "accuracy": 0.9651014268398285,
                "precision": 0.7918264687061309,
                "recall": 0.7342782139778137,
                "f1": 0.7614271104335785
            },
            "time": 153.30984234809875
        },
        "std": {
            "val": {
                "accuracy": 0.013109629627408944,
                "precision": 0.188903946053696,
                "recall": 0.16761573926656462,
                "f1": 0.16535521450308668
            },
            "test": {
                "accuracy": 0.014567657090244376,
                "precision": 0.18263647071817687,
                "recall": 0.1796735081210564,
                "f1": 0.17043364912447265
            },
            "time": 55.665093302061976
        }
    }
}