{
    "bgnn-agnn": {
        "mean": {
            "val": {
                "accuracy": 0.9647086858749392,
                "precision": 0.8105657291412353,
                "recall": 0.8329768896102905,
                "f1": 0.818929738998413
            },
            "test": {
                "accuracy": 0.9631203150749206,
                "precision": 0.8014401888847351,
                "recall": 0.8292840290069579,
                "f1": 0.814074444770813
            },
            "time": 229.55219167709348
        },
        "std": {
            "val": {
                "accuracy": 0.0014607183652914954,
                "precision": 0.008783008213429283,
                "recall": 0.012591876364465328,
                "f1": 0.006345578546410729
            },
            "test": {
                "accuracy": 0.0025253124390374297,
                "precision": 0.013900943885830106,
                "recall": 0.01321855339627551,
                "f1": 0.012815358770736933
            },
            "time": 30.58593581638018
        }
    }
}