{
  "loss": [
    [
      0.0016344422474503517,
      0.7025195956230164,
      0.6640838384628296
    ],
    [
      0.0001807262742659077,
      0.7464696168899536,
      0.7145176529884338
    ],
    [
      0.0001748434588080272,
      0.5347865223884583,
      0.4939582943916321
    ],
    [
      0.00029003151576034725,
      0.3506994843482971,
      0.3221605122089386
    ],
    [
      0.000340829836204648,
      0.26114320755004883,
      0.23282551765441895
    ],
    [
      0.0002999618009198457,
      0.245907261967659,
      0.21537697315216064
    ],
    [
      0.00026604713639244437,
      0.23407375812530518,
      0.20336616039276123
    ],
    [
      0.00024079260765574872,
      0.22997474670410156,
      0.2004123032093048
    ],
    [
      0.0002161068405257538,
      0.22757476568222046,
      0.19895273447036743
    ],
    [
      0.000176814675796777,
      0.22823311388492584,
      0.1994662880897522
    ],
    [
      0.00013835284335073084,
      0.22967180609703064,
      0.20036843419075012
    ],
    [
      0.0001260998978978023,
      0.2330275923013687,
      0.20250378549098969
    ],
    [
      0.00011743613868020475,
      0.23635956645011902,
      0.20430666208267212
    ],
    [
      0.00010849191312445328,
      0.24141529202461243,
      0.20869319140911102
    ],
    [
      0.00010370107338530943,
      0.2472202479839325,
      0.2117699235677719
    ],
    [
      9.603345097275451e-05,
      0.25368034839630127,
      0.21747951209545135
    ],
    [
      9.493333345744759e-05,
      0.26052772998809814,
      0.22241763770580292
    ],
    [
      8.575044194003567e-05,
      0.2665669322013855,
      0.23439092934131622
    ],
    [
      8.989271009340882e-05,
      0.30007103085517883,
      0.25717705488204956
    ],
    [
      5.047601734986529e-05,
      0.2939378023147583,
      0.2655304968357086
    ],
    [
      5.853733455296606e-05,
      0.31931743025779724,
      0.28459644317626953
    ],
    [
      4.659121623262763e-05,
      0.32230502367019653,
      0.29613250494003296
    ],
    [
      5.242152838036418e-05,
      0.2661915719509125,
      0.24741484224796295
    ],
    [
      4.5012824557488784e-05,
      0.283832311630249,
      0.26373809576034546
    ],
    [
      4.7437893954338506e-05,
      0.3427528738975525,
      0.31413230299949646
    ]
  ],
  "accuracy": [
    [
      0.9993577003479004,
      0.8739423155784607,
      0.8791031837463379
    ],
    [
      1.0,
      0.8508353233337402,
      0.8501394391059875
    ],
    [
      1.0,
      0.9123454093933105,
      0.9196524620056152
    ],
    [
      0.9998929500579834,
      0.9388153553009033,
      0.9445397853851318
    ],
    [
      0.9998929500579834,
      0.9537860751152039,
      0.9581634998321533
    ],
    [
      0.9998929500579834,
      0.9566066265106201,
      0.9608452916145325
    ],
    [
      0.9999286532402039,
      0.9579084515571594,
      0.962883472442627
    ],
    [
      0.9999286532402039,
      0.9587762951850891,
      0.9639562368392944
    ],
    [
      0.9999286532402039,
      0.9605120420455933,
      0.9639562368392944
    ],
    [
      0.9999286532402039,
      0.9607290029525757,
      0.9635271430015564
    ],
    [
      0.9999286532402039,
      0.9612714052200317,
      0.9643853306770325
    ],
    [
      0.9999286532402039,
      0.9615968465805054,
      0.9645998477935791
    ],
    [
      0.9999286532402039,
      0.9618138670921326,
      0.9653508067131042
    ],
    [
      0.9999286532402039,
      0.9618138670921326,
      0.9654580354690552
    ],
    [
      0.9999286532402039,
      0.9619223475456238,
      0.9649217128753662
    ],
    [
      0.9999286532402039,
      0.9615968465805054,
      0.9645998477935791
    ],
    [
      0.9999286532402039,
      0.9618138670921326,
      0.9652435183525085
    ],
    [
      0.9999286532402039,
      0.9595357179641724,
      0.9617034792900085
    ],
    [
      0.9999642968177795,
      0.9619223475456238,
      0.9655653238296509
    ],
    [
      0.9999642968177795,
      0.9587762951850891,
      0.9605234861373901
    ],
    [
      1.0,
      0.9606205224990845,
      0.9632053375244141
    ],
    [
      1.0,
      0.959210216999054,
      0.9617034792900085
    ],
    [
      0.9999642968177795,
      0.9637665152549744,
      0.966852605342865
    ],
    [
      1.0,
      0.9595357179641724,
      0.962883472442627
    ],
    [
      1.0,
      0.9599696397781372,
      0.9624544382095337
    ]
  ],
  "precision": [
    [
      0.9944690465927124,
      0.19466666877269745,
      0.19197708368301392
    ],
    [
      1.0,
      0.3414634168148041,
      0.3340177834033966
    ],
    [
      1.0,
      0.6026272773742676,
      0.6397941708564758
    ],
    [
      0.9992595314979553,
      0.7029703259468079,
      0.7251995205879211
    ],
    [
      0.9992595314979553,
      0.7857947945594788,
      0.7932584285736084
    ],
    [
      0.9992595314979553,
      0.7964404821395874,
      0.8008800745010376
    ],
    [
      0.9996296167373657,
      0.7978141903877258,
      0.8089519739151001
    ],
    [
      0.9996296167373657,
      0.8015267252922058,
      0.8110151290893555
    ],
    [
      0.9996296167373657,
      0.809575617313385,
      0.8090128898620605
    ],
    [
      0.9996296167373657,
      0.8099891543388367,
      0.8036093711853027
    ],
    [
      0.9996296167373657,
      0.813725471496582,
      0.80982905626297
    ],
    [
      0.9996296167373657,
      0.8150163292884827,
      0.8108974099159241
    ],
    [
      0.9996296167373657,
      0.8174863457679749,
      0.8156484365463257
    ],
    [
      0.9996296167373657,
      0.8147345781326294,
      0.8125
    ],
    [
      0.9996296167373657,
      0.8197802305221558,
      0.8128342032432556
    ],
    [
      0.9996296167373657,
      0.8109559416770935,
      0.8043932914733887
    ],
    [
      0.9996296167373657,
      0.8260381817817688,
      0.8237885236740112
    ],
    [
      0.9996296167373657,
      0.7910602688789368,
      0.7777777910232544
    ],
    [
      0.9996297955513,
      0.8583743572235107,
      0.8652657866477966
    ],
    [
      0.9996297955513,
      0.785345733165741,
      0.7677165269851685
    ],
    [
      1.0,
      0.8644501566886902,
      0.8642765879631042
    ],
    [
      1.0,
      0.7922350764274597,
      0.7800201773643494
    ],
    [
      0.9996297955513,
      0.8674846887588501,
      0.8619447946548462
    ],
    [
      1.0,
      0.78925621509552,
      0.7818725109100342
    ],
    [
      1.0,
      0.8730158805847168,
      0.8678010702133179
    ]
  ],