{
  "loss": [
    [
      0.00020941809634678066,
      0.7426882982254028,
      0.7096893191337585
    ],
    [
      0.000140939315315336,
      0.59736567735672,
      0.5570565462112427
    ],
    [
      0.00011082901619374752,
      0.4716127812862396,
      0.4414556324481964
    ],
    [
      0.00016105854592751712,
      0.3309299349784851,
      0.31562334299087524
    ],
    [
      0.00015151467232499272,
      0.27506762742996216,
      0.24631202220916748
    ],
    [
      0.0001234627707162872,
      0.25776663422584534,
      0.22535434365272522
    ],
    [
      0.00010208679304923862,
      0.254503071308136,
      0.22256343066692352
    ],
    [
      8.339952182723209e-05,
      0.2527373433113098,
      0.2213154137134552
    ],
    [
      6.988050881773233e-05,
      0.25536036491394043,
      0.22539351880550385
    ],
    [
      5.96779900661204e-05,
      0.2599920630455017,
      0.22831369936466217
    ],
    [
      4.985827035852708e-05,
      0.268901526927948,
      0.2347925752401352
    ],
    [
      4.586703653330915e-05,
      0.27609506249427795,
      0.2385459691286087
    ],
    [
      3.613623630371876e-05,
      0.2853434383869171,
      0.252058207988739
    ],
    [
      3.842479418381117e-05,
      0.3045003116130829,
      0.2647291421890259
    ],
    [
      2.673640483408235e-05,
      0.28985288739204407,
      0.2581983804702759
    ],
    [
      3.11988806060981e-05,
      0.32319262623786926,
      0.28655147552490234
    ],
    [
      2.285128357470967e-05,
      0.29371073842048645,
      0.26576942205429077
    ],
    [
      2.4361354007851332e-05,
      0.346867173910141,
      0.31637707352638245
    ],
    [
      1.9988723579444923e-05,
      0.3258679211139679,
      0.2934696674346924
    ],
    [
      2.145552025467623e-05,
      0.37590357661247253,
      0.3570401966571808
    ],
    [
      1.9238532331655733e-05,
      0.3212035298347473,
      0.30632850527763367
    ],
    [
      1.6715381207177415e-05,
      0.36571916937828064,
      0.3441309928894043
    ],
    [
      1.844519101723563e-05,
      0.2933852970600128,
      0.2829194664955139
    ]
  ],
  "accuracy": [
    [
      0.9999642968177795,
      0.8743762373924255,
      0.8793177604675293
    ],
    [
      1.0,
      0.8987849950790405,
      0.90549236536026
    ],
    [
      1.0,
      0.9228683114051819,
      0.9285560846328735
    ],
    [
      1.0,
      0.9406595826148987,
      0.9461488723754883
    ],
    [
      1.0,
      0.9509655237197876,
      0.9560180306434631
    ],
    [
      1.0,
      0.9536775946617126,
      0.9585925936698914
    ],
    [
      1.0,
      0.955521821975708,
      0.9603089690208435
    ],
    [
      1.0,
      0.9568235874176025,
      0.9617034792900085
    ],
    [
      1.0,
      0.9573660492897034,
      0.9614889621734619
    ],
    [
      1.0,
      0.9579084515571594,
      0.9618107676506042
    ],
    [
      1.0,
      0.9579084515571594,
      0.9614889621734619
    ],
    [
      1.0,
      0.9589932560920715,
      0.9615962505340576
    ],
    [
      1.0,
      0.9562811851501465,
      0.9603089690208435
    ],
    [
      1.0,
      0.9591017365455627,
      0.9621325731277466
    ],
    [
      1.0,
      0.9568235874176025,
      0.9615962505340576
    ],
    [
      1.0,
      0.9589932560920715,
      0.9607380628585815
    ],
    [
      1.0,
      0.9559557437896729,
      0.9611671566963196
    ],
    [
      1.0,
      0.9572575688362122,
      0.9580562114715576
    ],
    [
      1.0,
      0.9530267119407654,
      0.9598798751831055
    ],
    [
      1.0,
      0.955521821975708,
      0.9552671313285828
    ],
    [
      1.0,
      0.9573660492897034,
      0.9612743854522705
    ],
    [
      1.0,
      0.957040548324585,
      0.9579489231109619
    ],
    [
      1.0,
      0.9593186974525452,
      0.9620253443717957
    ]
  ],
  "precision": [
    [
      1.0,
      0.21079692244529724,
      0.22337661683559418
    ],
    [
      1.0,
      0.5,
      0.5257048010826111
    ],
    [
      1.0,
      0.6278801560401917,
      0.6450471878051758
    ],
    [
      1.0,
      0.7163677215576172,
      0.7298206090927124
    ],
    [
      1.0,
      0.7639955878257751,
      0.7764317393302917
    ],
    [
      1.0,
      0.7749999761581421,
      0.7846320271492004
    ],
    [
      1.0,
      0.785792350769043,
      0.7920258641242981
    ],
    [
      1.0,
      0.7917121052742004,
      0.7967914342880249
    ],
    [
      1.0,
      0.7922077775001526,
      0.7925925850868225
    ],
    [
      1.0,
      0.7978141903877258,
      0.7944915294647217
    ],
    [
      1.0,
      0.7945945858955383,
      0.7889237403869629
    ],
    [
      1.0,
      0.8086763024330139,
      0.7978494763374329
    ],
    [
      1.0,
      0.7789473533630371,
      0.7770960927009583
    ],
    [
      1.0,
      0.829383909702301,
      0.8307692408561707
    ],
    [
      1.0,
      0.7867095470428467,
      0.7838114500045776
    ],
    [
      1.0,
      0.8230500817298889,
      0.8167053461074829
    ],
    [
      1.0,
      0.7824223041534424,
      0.7840909361839294
    ],
    [
      1.0,
      0.8152046799659729,
      0.8061104416847229
    ],
    [
      1.0,
      0.7790178656578064,
      0.7904967665672302
    ],
    [
      1.0,
      0.798175573348999,
      0.7828571200370789
    ],
    [
      1.0,
      0.8110598921775818,
      0.8120045065879822
    ],
    [
      1.0,
      0.791530966758728,
      0.7807775139808655
    ],
    [
      1.0,
      0.8266978859901428,
      0.8199541568756104
    ]
  ],
  "recall": [
    [
      0.9996296167373657,
      0.08788853138685226,
      0.09429824352264404
    ],
    [
      1.0,
      0.33869239687919617,
      0.3475877046585083
    ],
    [
      1.0,
      0.5841372013092041,
      0.5997806787490845
    ],
    [
      1.0,
      0.6848874688148499,
      0.7138158082962036
    ],
    [
      1.0,
      0.7459806799888611,
      0.7730262875556946
    ],
    [
      1.0,
      0.7642015218734741,
      0.7949561476707458
    ],
    [
      1.0,
      0.7706323862075806,
      0.8059210777282715
    ],
    [
      1.0,
      0.7781350612640381,
      0.8168859481811523
    ],
    [
      1.0,
      0.7845659255981445,
      0.8212719559669495
    ],
    [
      1.0,
      0.7824223041534424,
      0.8223684430122375
    ],
    [
      1.0,
      0.7877813577651978,
      0.827850878238678
    ],
    [
      1.0,
      0.7792068719863892,
      0.8135964870452881
    ],
    [
      1.0,
      0.7931404113769531,
      0.8333333134651184
    ],
    [
      1.0,
      0.7502679824829102,
      0.7697368264198303
    ],
    [
      1.0,
      0.7867095470428467,
      0.8388158082962036
    ],
    [
      1.0,
      0.7577706575393677,
      0.7719298005104065
    ],
    [
      1.0,
      0.7824223041534424,
      0.8322368264198303
    ],
    [
      1.0,
      0.7470524907112122,
      0.7521929740905762
    ],
    [
      1.0,
      0.7481243014335632,
      0.8026315569877625
    ],
    [
      1.0,
      0.7502679824829102,
      0.7510964870452881
    ],
    [
      1.0,
      0.7545552253723145,
      0.7861841917037964
    ],
    [
      1.0,
      0.7813504934310913,
      0.7927631735801697
    ],
    [
      1.0,
      0.7566988468170166,
      0.7839912176132202
    ]
  ],