{
    "bgnn-agnn": {
        "mean": {
            "val": {
                "accuracy": 0.9654582142829895,
                "precision": 0.7982646226882935,
                "recall": 0.8510882258415222,
                "f1": 0.8214483261108398
            },
            "test": {
                "accuracy": 0.9670578241348267,
                "precision": 0.8195819854736328,
                "recall": 0.8267543911933899,
                "f1": 0.8313120007514954
            },
            "time": 94.98245525360107
        },
        "std": {
            "val": {
                "accuracy": 0.0,
                "precision": 0.0,
                "recall": 0.0,
                "f1": 0.0
            },
            "test": {
                "accuracy": 0.0,
                "precision": 0.0,
                "recall": 0.0,
                "f1": 0.0
            },
            "time": 0.0
        }
    }
}