{
    "0": {
        "bgnn-all_orig_featFalse-class_weightsNone-depth6-dropout0.0-ex_input_featFalse-hidden_dim64-in_featFalse-iter_per_epoch30-lr0.003-nameagnn-only_gbdtFalse": {
            "loss": {
                "train": 0.0005327125545591116,
                "val": 0.14015062153339386,
                "test": 0.15012353658676147
            },
            "accuracy": {
                "train": 0.9997134804725647,
                "val": 0.9654582142829895,
                "test": 0.9670578241348267
            },
            "precision": {
                "train": 0.9981909990310669,
                "val": 0.7982646226882935,
                "test": 0.8195819854736328
            },
            "recall": {
                "train": 0.9996376633644104,
                "val": 0.8510882258415222,
                "test": 0.8267543911933899
            },
            "f1": {
                "train": 0.9985523223876953,
                "val": 0.8214483261108398,
                "test": 0.8313120007514954
            },
            "elapsed_time": 94.98245525360107
        }
    }
}