{
    "bgnn-arma": {
        "mean": {
            "val": {
                "accuracy": 0.9525319147109984,
                "precision": 0.752460651397705,
                "recall": 0.581312049315311,
                "f1": 0.5879409508779645
            },
            "test": {
                "accuracy": 0.9511578130722047,
                "precision": 0.7069798874855042,
                "recall": 0.5807318530837073,
                "f1": 0.5841812833026051
            },
            "time": 192.9197292613983
        },
        "std": {
            "val": {
                "accuracy": 0.006529036672921086,
                "precision": 0.1276590788581234,
                "recall": 0.07895084806809242,
                "f1": 0.08068786654484032
            },
            "test": {
                "accuracy": 0.006427096855320598,
                "precision": 0.10304694633736243,
                "recall": 0.07855928122358158,
                "f1": 0.08117990618699668
            },
            "time": 39.94342426155751
        }
    }
}