{
    "bgnn-hgat": {
        "mean": {
            "val": {
                "accuracy": 0.9470487833023071,
                "precision": 0.7440401315689087,
                "recall": 0.8232043981552124,
                "f1": 0.740320086479187
            },
            "test": {
                "accuracy": 0.9499516487121582,
                "precision": 0.7761194109916687,
                "recall": 0.8451327681541443,
                "f1": 0.7632800340652466
            },
            "time": 27851.240649223328
        },
        "std": {
            "val": {
                "accuracy": 0.0,
                "precision": 0.0,
                "recall": 0.0,
                "f1": 0.0
            },
            "test": {
                "accuracy": 0.0,
                "precision": 0.0,
                "recall": 0.0,
                "f1": 0.0
            },
            "time": 0.0
        }
    }
}