{
    "bgnn-agnn": {
        "mean": {
            "val": {
                "accuracy": 0.9646766138076781,
                "precision": 0.809678030014038,
                "recall": 0.8326541423797608,
                "f1": 0.8185657310485839
            },
            "test": {
                "accuracy": 0.9630518150329589,
                "precision": 0.8012344598770141,
                "recall": 0.8305828523635863,
                "f1": 0.8137156033515931
            },
            "time": 221.87161271095275
        },
        "std": {
            "val": {
                "accuracy": 0.0011776811097175969,
                "precision": 0.008082530897700769,
                "recall": 0.0128208325009789,
                "f1": 0.0050063972695384975
            },
            "test": {
                "accuracy": 0.002376268621165898,
                "precision": 0.014829613884504742,
                "recall": 0.012946941084796885,
                "f1": 0.012059746696682964
            },
            "time": 14.305846941552568
        }
    }
}