{
    "bgnn-arma": {
        "mean": {
            "val": {
                "accuracy": 0.9500097791353861,
                "precision": 0.6868834972381591,
                "recall": 0.5456541671728093,
                "f1": 0.5641408157224457
            },
            "test": {
                "accuracy": 0.9479128400484721,
                "precision": 0.5496894359588623,
                "recall": 0.5429860154787699,
                "f1": 0.5596762100855509
            },
            "time": 134.58397299448652
        },
        "std": {
            "val": {
                "accuracy": 0.007787211354333776,
                "precision": 0.08902527563756656,
                "recall": 0.07927417160154315,
                "f1": 0.08144815289352265
            },
            "test": {
                "accuracy": 0.005925396914969518,
                "precision": 0.0007954261980625283,
                "recall": 0.07406402233828768,
                "f1": 0.07669404565253514
            },
            "time": 13.243916061477266
        }
    }
}