{
  "loss": [
    [
      0.25145813822746277,
      0.25708112120628357,
      0.26859402656555176
    ],
    [
      0.1519736796617508,
      0.19620011746883392,
      0.2071523815393448
    ],
    [
      0.09640823304653168,
      0.14258430898189545,
      0.15563295781612396
    ],
    [
      0.08161106705665588,
      0.1107001006603241,
      0.12443173676729202
    ],
    [
      0.07658139616250992,
      0.09618490934371948,
      0.10901012271642685
    ],
    [
      0.07325867563486099,
      0.08905141055583954,
      0.10198597609996796
    ],
    [
      0.07091658562421799,
      0.08480874449014664,
      0.09789780527353287
    ],
    [
      0.06927856057882309,
      0.08194359391927719,
      0.09541133046150208
    ],
    [
      0.06802279502153397,
      0.08022530376911163,
      0.09375354647636414
    ],
    [
      0.06709370017051697,
      0.07925769686698914,
      0.09269340336322784
    ],
    [
      0.06618175655603409,
      0.07869242131710052,
      0.09189397841691971
    ],
    [
      0.06540390104055405,
      0.07837513089179993,
      0.09144478291273117
    ],
    [
      0.06462936848402023,
      0.07820844650268555,
      0.09102814644575119
    ],
    [
      0.06378644704818726,
      0.0782228335738182,
      0.09090843051671982
    ],
    [
      0.06293835490942001,
      0.07858221232891083,
      0.09111025184392929
    ],
    [
      0.0616946816444397,
      0.07914906740188599,
      0.09152127057313919
    ],
    [
      0.05955299735069275,
      0.08022560179233551,
      0.09238028526306152
    ],
    [
      0.05543459206819534,
      0.08202306181192398,
      0.09393610060214996
    ],
    [
      0.04769780859351158,
      0.08441343158483505,
      0.09647131711244583
    ],
    [
      0.03630669042468071,
      0.08875826001167297,
      0.10110313445329666
    ],
    [
      0.024335460737347603,
      0.09292829036712646,
      0.10629716515541077
    ],
    [
      0.016562554985284805,
      0.09533941000699997,
      0.11018672585487366
    ],
    [
      0.012846180237829685,
      0.0969972163438797,
      0.11276663094758987
    ],
    [
      0.011429211124777794,
      0.1046735867857933,
      0.11985434591770172
    ],
    [
      0.010463302955031395,
      0.10615414381027222,
      0.12157580256462097
    ]
  ],
  "accuracy": [
    [
      0.9011602997779846,
      0.9066410064697266,
      0.9018193483352661
    ],
    [
      0.9342501163482666,
      0.9251416921615601,
      0.921735405921936
    ],
    [
      0.970419704914093,
      0.9561544060707092,
      0.951878547668457
    ],
    [
      0.9764360189437866,
      0.9705913662910461,
      0.9669501781463623
    ],
    [
      0.9786563515663147,
      0.977114737033844,
      0.9744859337806702
    ],
    [
      0.9800888299942017,
      0.9786118865013123,
      0.9763160943984985
    ],
    [
      0.980912446975708,
      0.9794674515724182,
      0.9776079058647156
    ],
    [
      0.980948269367218,
      0.9806438088417053,
      0.9781461954116821
    ],
    [
      0.9814496636390686,
      0.9812854528427124,
      0.9784691333770752
    ],
    [
      0.9819509983062744,
      0.9813923835754395,
      0.9781461954116821
    ],
    [
      0.9821658730506897,
      0.9820340275764465,
      0.9783614873886108
    ],
    [
      0.982416570186615,
      0.9824617505073547,
      0.9784691333770752
    ],
    [
      0.9825239777565002,
      0.9823548197746277,
      0.9785768389701843
    ],
    [
      0.9825239777565002,
      0.9823548197746277,
      0.9788997769355774
    ],
    [
      0.9825239777565002,
      0.9820340275764465,
      0.9785768389701843
    ],
    [
      0.9826314449310303,
      0.9816062450408936,
      0.978792130947113
    ],
    [
      0.9828104972839355,
      0.9812854528427124,
      0.9784691333770752
    ],
    [
      0.9831686019897461,
      0.9809646010398865,
      0.9777155518531799
    ],
    [
      0.9835267066955566,
      0.9801090955734253,
      0.9769619703292847
    ],
    [
      0.9847443103790283,
      0.9789327383041382,
      0.9755625128746033
    ],
    [
      0.9912261962890625,
      0.9773285984992981,
      0.9742706418037415
    ],
    [
      0.9976722598075867,
      0.9767939448356628,
      0.9734094142913818
    ],
    [
      0.9989256262779236,
      0.9748690128326416,
      0.9714716076850891
    ],
    [
      0.9992121458053589,
      0.9718746542930603,
      0.968134343624115
    ],
    [
      0.9991763234138489,
      0.9710191488265991,
      0.9675960540771484
    ]
  ],
  "precision": [
    [
      0.0,
      0.0,
      0.0
    ],
    [
      0.9904458522796631,
      0.8035087585449219,
      0.8599221706390381
    ],
    [
      0.9903650879859924,
      0.8389458060264587,
      0.858243465423584
    ],
    [
      0.9902052283287048,
      0.9628483057022095,
      0.9719188809394836
    ],
    [
      0.9900362491607666,
      0.9768451452255249,
      0.9842180609703064
    ],
    [
      0.9902135133743286,
      0.9746121168136597,
      0.9845938086509705
    ],
    [
      0.9885914921760559,
      0.9735743999481201,
      0.9835164546966553
    ],
    [
      0.9877408146858215,
      0.9739726185798645,
      0.9823129177093506
    ],
    [
      0.9869678616523743,
      0.9716216325759888,
      0.9810810685157776
    ],
    [
      0.9862068891525269,
      0.9678714871406555,
      0.9758388996124268
    ],
    [
      0.9858247637748718,
      0.9668874144554138,
      0.9759036302566528
    ],
    [
      0.985036313533783,
      0.9670619368553162,
      0.9746666550636292
    ],
    [
      0.9846416115760803,
      0.963350772857666,
      0.9734395742416382
    ],
    [
      0.983404278755188,
      0.9597402811050415,
      0.9722955226898193
    ],
    [
      0.9825828671455383,
      0.9548386931419373,
      0.9684625267982483
    ],
    [
      0.980566143989563,
      0.949935793876648,
      0.9673202633857727
    ],
    [
      0.9797979593276978,
      0.9451530575752258,
      0.9623376727104187
    ],
    [
      0.9798826575279236,
      0.9360100626945496,
      0.9525032043457031
    ],
    [
      0.9791666865348816,
      0.9267081022262573,
      0.942893385887146
    ],
    [
      0.9818332195281982,
      0.9162561297416687,
      0.9275904893875122
    ],
    [
      0.9868370294570923,
      0.8986731171607971,
      0.9138991236686707
    ],
    [
      0.9919678568840027,
      0.8951807022094727,
      0.9040096998214722
    ],
    [
      0.9934924244880676,
      0.8806682825088501,
      0.8874251246452332
    ],
    [
      0.9931555986404419,
      0.8521940112113953,
      0.857308566570282
    ],
    [
      0.9927979707717896,
      0.8451834917068481,
      0.8523644804954529
    ]
  ],