{
    "bgnn-agnn": {
        "mean": {
            "val": {
                "accuracy": 0.9664645910263061,
                "precision": 0.8858940482139588,
                "recall": 0.8423335790634155,
                "f1": 0.8198659181594848
            },
            "test": {
                "accuracy": 0.9645716905593872,
                "precision": 0.8728716373443604,
                "recall": 0.840594220161438,
                "f1": 0.8115339159965516
            },
            "time": 490.83009638786314
        },
        "std": {
            "val": {
                "accuracy": 0.0029992463490445443,
                "precision": 0.020928795391613592,
                "recall": 0.01699350534557476,
                "f1": 0.009272659040298194
            },
            "test": {
                "accuracy": 0.0010581373239706932,
                "precision": 0.018758792157053877,
                "recall": 0.004678108906006898,
                "f1": 0.004087951279979781
            },
            "time": 112.4833568710424
        }
    }
}