{
    "0": {
        "bgnn-all_orig_featFalse-class_weightsNone-depth6-dropout0.0-ex_input_featFalse-hidden_dim64-in_featFalse-iter_per_epoch30-lr0.01-nameagnn-only_gbdtFalse": {
            "loss": {
                "train": 8.091612835414708e-05,
                "val": 0.21117885410785675,
                "test": 0.2160128504037857
            },
            "accuracy": {
                "train": 1.0,
                "val": 0.9643085598945618,
                "test": 0.9636988639831543
            },
            "precision": {
                "train": 1.0,
                "val": 0.8719676733016968,
                "test": 0.8657105565071106
            },
            "recall": {
                "train": 1.0,
                "val": 0.8419889211654663,
                "test": 0.8440265655517578
            },
            "f1": {
                "train": 1.0,
                "val": 0.8139922022819519,
                "test": 0.8140814304351807
            },
            "elapsed_time": 386.0207748413086
        }
    },
    "1": {
        "bgnn-all_orig_featFalse-class_weightsNone-depth6-dropout0.0-ex_input_featFalse-hidden_dim64-in_featFalse-iter_per_epoch30-lr0.01-nameagnn-only_gbdtFalse": {
            "loss": {
                "train": 7.762914901832119e-05,
                "val": 0.18739742040634155,
                "test": 0.2196730375289917
            },
            "accuracy": {
                "train": 1.0,
                "val": 0.9687666893005371,
                "test": 0.9642123579978943
            },
            "precision": {
                "train": 1.0,
                "val": 0.88451087474823,
                "test": 0.8721399903297424
            },
            "recall": {
                "train": 1.0,
                "val": 0.8592017889022827,
                "test": 0.8437158465385437
            },
            "f1": {
                "train": 1.0,
                "val": 0.8340908885002136,
                "test": 0.813521146774292
            },
            "elapsed_time": 563.5680634975433
        }
    },
    "2": {
        "bgnn-all_orig_featFalse-class_weightsNone-depth6-dropout0.0-ex_input_featFalse-hidden_dim64-in_featFalse-iter_per_epoch30-lr0.01-nameagnn-only_gbdtFalse": {
            "loss": {
                "train": 0.00021777204528916627,
                "val": 0.2011607140302658,
                "test": 0.261577844619751
            },
            "accuracy": {
                "train": 0.9998928904533386,
                "val": 0.9697035551071167,
                "test": 0.9641207456588745
            },
            "precision": {
                "train": 0.9996417164802551,
                "val": 0.9124423861503601,
                "test": 0.8753424882888794
            },
            "recall": {
                "train": 1.0,
                "val": 0.8564705848693848,
                "test": 0.8353590965270996
            },
            "f1": {
                "train": 0.9994626641273499,
                "val": 0.8227847814559937,
                "test": 0.8035294413566589
            },
            "elapsed_time": 673.8873376846313
        }
    },
    "3": {
        "bgnn-all_orig_featFalse-class_weightsNone-depth6-dropout0.0-ex_input_featFalse-hidden_dim64-in_featFalse-iter_per_epoch30-lr0.01-nameagnn-only_gbdtFalse": {
            "loss": {
                "train": 7.509352872148156e-05,
                "val": 0.24975477159023285,
                "test": 0.2227829247713089
            },
            "accuracy": {
                "train": 1.0,
                "val": 0.9617053866386414,
                "test": 0.9641707539558411
            },
            "precision": {
                "train": 1.0,
                "val": 0.855513334274292,
                "test": 0.8465408682823181
            },
            "recall": {
                "train": 1.0,
                "val": 0.8113611936569214,
                "test": 0.8453947305679321
            },
            "f1": {
                "train": 1.0,
                "val": 0.8064516186714172,
                "test": 0.8144989609718323
            },
            "elapsed_time": 447.57377433776855
        }
    },
    "4": {
        "bgnn-all_orig_featFalse-class_weightsNone-depth6-dropout0.0-ex_input_featFalse-hidden_dim64-in_featFalse-iter_per_epoch30-lr0.01-nameagnn-only_gbdtFalse": {
            "loss": {
                "train": 7.34265850041993e-05,
                "val": 0.1812170445919037,
                "test": 0.19800032675266266
            },
            "accuracy": {
                "train": 1.0,
                "val": 0.9678387641906738,
                "test": 0.9666557312011719
            },
            "precision": {
                "train": 1.0,
                "val": 0.9050359725952148,
                "test": 0.9046242833137512
            },
            "recall": {
                "train": 1.0,
                "val": 0.8426454067230225,
                "test": 0.8344748616218567
            },
            "f1": {
                "train": 1.0,
                "val": 0.8220100998878479,
                "test": 0.8120386004447937
            },
            "elapsed_time": 383.10053157806396
        }
    }
}