{
    "bgnn-agnn": {
        "mean": {
            "val": {
                "accuracy": 0.9656721353530884,
                "precision": 0.8169696927070618,
                "recall": 0.8556700944900513,
                "f1": 0.8229454159736633
            },
            "test": {
                "accuracy": 0.9652276635169983,
                "precision": 0.8220338821411133,
                "recall": 0.8256579041481018,
                "f1": 0.8218422532081604
            },
            "time": 82.46016335487366
        },
        "std": {
            "val": {
                "accuracy": 0.0,
                "precision": 0.0,
                "recall": 0.0,
                "f1": 0.0
            },
            "test": {
                "accuracy": 0.0,
                "precision": 0.0,
                "recall": 0.0,
                "f1": 0.0
            },
            "time": 0.0
        }
    }
}