{
    "0": {
        "bgnn-all_orig_featFalse-class_weightsNone-depth6-dropout0.0-ex_input_featFalse-hidden_dim64-in_featFalse-iter_per_epoch30-lr0.003-nameagnn-only_gbdtFalse": {
            "loss": {
                "train": 0.0006557982414960861,
                "val": 0.14456290006637573,
                "test": 0.15671466290950775
            },
            "accuracy": {
                "train": 0.9997134804725647,
                "val": 0.9656721353530884,
                "test": 0.9652276635169983
            },
            "precision": {
                "train": 0.996030330657959,
                "val": 0.8169696927070618,
                "test": 0.8220338821411133
            },
            "recall": {
                "train": 1.0,
                "val": 0.8556700944900513,
                "test": 0.8256579041481018
            },
            "f1": {
                "train": 0.9985527992248535,
                "val": 0.8229454159736633,
                "test": 0.8218422532081604
            },
            "elapsed_time": 82.46016335487366
        }
    }
}