{
    "bgnn-agnn": {
        "mean": {
            "val": {
                "accuracy": 0.9647043204307556,
                "precision": 0.8098908424377441,
                "recall": 0.8312622404098511,
                "f1": 0.8186810374259949
            },
            "test": {
                "accuracy": 0.9629715132713319,
                "precision": 0.8011948943138123,
                "recall": 0.8291372203826904,
                "f1": 0.8131136345863341
            },
            "time": 98.30837666511535
        },
        "std": {
            "val": {
                "accuracy": 0.0013026865709570986,
                "precision": 0.007716579357229497,
                "recall": 0.013033733802444263,
                "f1": 0.006636925009593825
            },
            "test": {
                "accuracy": 0.0024960499264795773,
                "precision": 0.014328630451851848,
                "recall": 0.014444304112768331,
                "f1": 0.013341244529499766
            },
            "time": 7.646346356637452
        }
    }
}